ISO-10303-21;
HEADER;
FILE_DESCRIPTION (( 'STEP AP214' ),
    '1' );
FILE_NAME ('SI-46001-F.STEP',
    '2018-08-02T21:09:12',
    ( '' ),
    ( '' ),
    'SwSTEP 2.0',
    'SolidWorks 2017',
    '' );
FILE_SCHEMA (( 'AUTOMOTIVE_DESIGN' ));
ENDSEC;

DATA;
#1 = AXIS2_PLACEMENT_3D ( 'NONE', #7238, #8778, #5751 ) ;
#2 = CARTESIAN_POINT ( 'NONE',  ( -0.3200000000000021700, 0.01574803149606405400, 0.1374409448818862700 ) ) ;
#3 = CARTESIAN_POINT ( 'NONE',  ( -0.3081889763779537300, 0.06299212598425293900, 0.3271259842519638700 ) ) ;
#4 = PLANE ( 'NONE',  #1476 ) ;
#5 = EDGE_LOOP ( 'NONE', ( #4656, #5630, #3207, #9586 ) ) ;
#6 = CONICAL_SURFACE ( 'NONE', #6154, 0.06000000000000001200, 0.7853981633974506100 ) ;
#7 = DIRECTION ( 'NONE',  ( 0.0000000000000000000, -1.000000000000000000, 0.0000000000000000000 ) ) ;
#8 = AXIS2_PLACEMENT_3D ( 'NONE', #5389, #888, #813 ) ;
#9 = DIRECTION ( 'NONE',  ( -3.400677691960634400E-015, 1.000000000000000000, -2.087764443346746500E-016 ) ) ;
#10 = LINE ( 'NONE', #7142, #4537 ) ;
#11 = ADVANCED_FACE ( 'NONE', ( #834 ), #4701, .F. ) ;
#12 = DIRECTION ( 'NONE',  ( 0.0000000000000000000, 1.000000000000000000, 0.0000000000000000000 ) ) ;
#13 = PRODUCT_CONTEXT ( 'NONE', #5293, 'mechanical' ) ;
#14 = EDGE_CURVE ( 'NONE', #7194, #6919, #244, .T. ) ;
#15 = ORIENTED_EDGE ( 'NONE', *, *, #2711, .F. ) ;
#16 = CIRCLE ( 'NONE', #8707, 0.007874015748031490700 ) ;
#17 = EDGE_CURVE ( 'NONE', #4784, #8820, #8588, .T. ) ;
#18 = LINE ( 'NONE', #4649, #6430 ) ;
#19 = DIRECTION ( 'NONE',  ( 0.9848077530122085800, 0.1736481776669271400, 0.0000000000000000000 ) ) ;
#20 = LINE ( 'NONE', #231, #3547 ) ;
#21 = ORIENTED_EDGE ( 'NONE', *, *, #2673, .F. ) ;
#22 = LINE ( 'NONE', #2636, #5738 ) ;
#23 = DIRECTION ( 'NONE',  ( -3.745717706462900700E-030, -1.084202172485541900E-015, 1.000000000000000000 ) ) ;
#24 = ADVANCED_FACE ( 'NONE', ( #6542 ), #4659, .F. ) ;
#25 = ORIENTED_EDGE ( 'NONE', *, *, #8102, .T. ) ;
#26 = VERTEX_POINT ( 'NONE', #6204 ) ;
#27 = ORIENTED_EDGE ( 'NONE', *, *, #2073, .F. ) ;
#28 = CARTESIAN_POINT ( 'NONE',  ( -0.08267716535433287900, 0.6307874015748022900, 0.3231889763779511900 ) ) ;
#29 = ORIENTED_EDGE ( 'NONE', *, *, #5401, .F. ) ;
#30 = CARTESIAN_POINT ( 'NONE',  ( -0.3099217144102480200, 0.6721259842519689000, 0.3231889763779530200 ) ) ;
#31 = FACE_OUTER_BOUND ( 'NONE', #5237, .T. ) ;
#32 = VERTEX_POINT ( 'NONE', #9270 ) ;
#33 = ORIENTED_EDGE ( 'NONE', *, *, #5785, .T. ) ;
#34 = LINE ( 'NONE', #109, #7537 ) ;
#35 = ORIENTED_EDGE ( 'NONE', *, *, #3593, .T. ) ;
#36 = AXIS2_PLACEMENT_3D ( 'NONE', #7484, #8902, #3600 ) ;
#37 = CIRCLE ( 'NONE', #7573, 0.007874015748031490700 ) ;
#38 = DIRECTION ( 'NONE',  ( -3.717264591378884600E-015, 3.454814795174027600E-015, -1.000000000000000000 ) ) ;
#39 = DIRECTION ( 'NONE',  ( 1.000000000000000000, -0.0000000000000000000, 3.738628180984848000E-015 ) ) ;
#40 = EDGE_LOOP ( 'NONE', ( #9010, #1946, #8274, #8980 ) ) ;
#41 = B_SPLINE_CURVE_WITH_KNOTS ( 'NONE', 1,
 ( #7914, #5736 ),
 .UNSPECIFIED., .F., .F.,
 ( 2, 2 ),
 ( 0.0000000000000000000, 1.000000000000000000 ),
 .UNSPECIFIED. ) ;
#42 = ORIENTED_EDGE ( 'NONE', *, *, #1017, .F. ) ;
#43 = EDGE_CURVE ( 'NONE', #1592, #915, #2445, .T. ) ;
#44 = FACE_OUTER_BOUND ( 'NONE', #4479, .T. ) ;
#45 = ADVANCED_FACE ( 'NONE', ( #5607 ), #186, .F. ) ;
#46 = ORIENTED_EDGE ( 'NONE', *, *, #9404, .T. ) ;
#47 = ORIENTED_EDGE ( 'NONE', *, *, #9506, .T. ) ;
#48 = ORIENTED_EDGE ( 'NONE', *, *, #2657, .F. ) ;
#49 = CARTESIAN_POINT ( 'NONE',  ( 0.3121259842519688000, 0.6701574803149607000, -0.3230102407095416500 ) ) ;
#50 = CARTESIAN_POINT ( 'NONE',  ( 0.3121259842519707500, 1.061013595323677700E-015, 0.0000000000000000000 ) ) ;
#51 = FACE_OUTER_BOUND ( 'NONE', #6989, .T. ) ;
#52 = CARTESIAN_POINT ( 'NONE',  ( -0.2519685039370065400, 0.2764566929133841500, 0.08464566929133871000 ) ) ;
#53 = EDGE_CURVE ( 'NONE', #3823, #6962, #16, .T. ) ;
#54 = DIRECTION ( 'NONE',  ( -1.000000000000000000, 0.0000000000000000000, -0.0000000000000000000 ) ) ;
#55 = ORIENTED_EDGE ( 'NONE', *, *, #5284, .T. ) ;
#56 = CARTESIAN_POINT ( 'NONE',  ( 0.3200000000000021700, 1.171514595470506600E-015, 0.1453149606299177800 ) ) ;
#57 = VERTEX_POINT ( 'NONE', #3127 ) ;
#58 = ORIENTED_EDGE ( 'NONE', *, *, #2462, .F. ) ;
#60 = CARTESIAN_POINT ( 'NONE',  ( 0.3147956584452604200, 0.6721259842519686800, 0.3293732138850195600 ) ) ;
#59 = FACE_OUTER_BOUND ( 'NONE', #2582, .T. ) ;
#61 = VERTEX_POINT ( 'NONE', #8558 ) ;
#62 = DIRECTION ( 'NONE',  ( 1.000000000000000000, 3.400677691960634000E-015, 2.134256245050203900E-015 ) ) ;
#63 = EDGE_LOOP ( 'NONE', ( #6036, #7165, #5046, #2574 ) ) ;
#64 = LINE ( 'NONE', #8041, #1245 ) ;
#65 = DIRECTION ( 'NONE',  ( 0.0000000000000000000, 8.199511390123964100E-046, -1.000000000000000000 ) ) ;
#66 = PLANE ( 'NONE',  #7208 ) ;
#67 = CARTESIAN_POINT ( 'NONE',  ( -0.3071149738966091900, 0.6702974565612458400, 0.3265137834876548100 ) ) ;
#68 = EDGE_CURVE ( 'NONE', #2011, #9377, #7873, .T. ) ;
#69 = ORIENTED_EDGE ( 'NONE', *, *, #7442, .F. ) ;
#70 = CIRCLE ( 'NONE', #2794, 0.04724409448818899700 ) ;
#71 = ORIENTED_EDGE ( 'NONE', *, *, #8402, .F. ) ;
#72 = FACE_OUTER_BOUND ( 'NONE', #4576, .T. ) ;
#73 = AXIS2_PLACEMENT_3D ( 'NONE', #3733, #9063, #6071 ) ;
#74 = ORIENTED_EDGE ( 'NONE', *, *, #5624, .T. ) ;
#75 = CARTESIAN_POINT ( 'NONE',  ( -0.3071149738966094700, 0.6745144169278312100, -0.3331633977070582700 ) ) ;
#76 = FACE_OUTER_BOUND ( 'NONE', #2523, .T. ) ;
#77 = ORIENTED_EDGE ( 'NONE', *, *, #1083, .F. ) ;
#78 = EDGE_CURVE ( 'NONE', #4619, #4109, #4541, .T. ) ;
#79 = DIRECTION ( 'NONE',  ( 1.000000000000000000, 0.0000000000000000000, 0.0000000000000000000 ) ) ;
#80 = VERTEX_POINT ( 'NONE', #1173 ) ;
#81 = DIRECTION ( 'NONE',  ( -0.1736481776669270600, 0.9848077530122085800, 0.0000000000000000000 ) ) ;
#82 = DIRECTION ( 'NONE',  ( 1.000000000000000000, -0.0000000000000000000, -0.0000000000000000000 ) ) ;
#83 = ADVANCED_FACE ( 'NONE', ( #6192 ), #2420, .F. ) ;
#84 = ORIENTED_EDGE ( 'NONE', *, *, #1719, .T. ) ;
#85 = DIRECTION ( 'NONE',  ( 0.0000000000000000000, 1.000000000000000000, 0.0000000000000000000 ) ) ;
#86 = DIRECTION ( 'NONE',  ( -1.221525339466146400E-016, -1.000000000000000000, 0.0000000000000000000 ) ) ;
#87 = LINE ( 'NONE', #7403, #4024 ) ;
#88 = EDGE_LOOP ( 'NONE', ( #4704, #7323, #1806, #3739 ) ) ;
#89 = DIRECTION ( 'NONE',  ( -1.000000000000000000, -3.400677691960634400E-015, 0.0000000000000000000 ) ) ;
#90 = ORIENTED_EDGE ( 'NONE', *, *, #4134, .F. ) ;
#91 = CARTESIAN_POINT ( 'NONE',  ( 1.912293595564984100E-015, -1.105540734455711300E-015, 0.3349999999999995200 ) ) ;
#92 = ORIENTED_EDGE ( 'NONE', *, *, #577, .F. ) ;
#93 = ADVANCED_FACE ( 'NONE', ( #3711 ), #8207, .F. ) ;
#94 = VECTOR ( 'NONE', #4906, 39.37007874015748100 ) ;
#95 = EDGE_CURVE ( 'NONE', #1649, #1561, #355, .T. ) ;
#96 = EDGE_CURVE ( 'NONE', #4240, #5004, #4187, .T. ) ;
#97 = DIRECTION ( 'NONE',  ( 0.0000000000000000000, 3.491481338843133000E-015, -1.000000000000000000 ) ) ;
#98 = PLANE ( 'NONE',  #1194 ) ;
#99 = CARTESIAN_POINT ( 'NONE',  ( -0.1102362204724409400, 0.6721259842519685700, 0.2897244094488185500 ) ) ;
#100 = FACE_OUTER_BOUND ( 'NONE', #257, .T. ) ;
#101 = DIRECTION ( 'NONE',  ( 3.400677691960634000E-015, -1.000000000000000000, -0.0000000000000000000 ) ) ;
#102 = PLANE ( 'NONE',  #430 ) ;
#103 =( LENGTH_UNIT ( ) NAMED_UNIT ( * ) SI_UNIT ( $, .METRE. ) );
#104 = AXIS2_PLACEMENT_3D ( 'NONE', #2551, #3359, #7062 ) ;
#105 = CARTESIAN_POINT ( 'NONE',  ( -0.3101574803149606000, 0.6800000000000003800, 0.3231889763779529600 ) ) ;
#106 = CARTESIAN_POINT ( 'NONE',  ( 0.1220472440944856800, 0.6701574803149602500, 0.3271259842519668700 ) ) ;
#107 = DIRECTION ( 'NONE',  ( -1.000000000000000000, -3.252606517456513300E-015, 1.270549420881450500E-016 ) ) ;
#108 = DIRECTION ( 'NONE',  ( -1.000000000000000000, -4.553079989440437500E-015, 0.0000000000000000000 ) ) ;
#109 = CARTESIAN_POINT ( 'NONE',  ( 0.2362204724409439300, 0.2764566929133857600, 0.1689370078740164700 ) ) ;
#110 = FILL_AREA_STYLE_COLOUR ( '', #6842 ) ;
#111 =( LENGTH_UNIT ( ) NAMED_UNIT ( * ) SI_UNIT ( $, .METRE. ) );
#112 = CARTESIAN_POINT ( 'NONE',  ( -0.3081889763779484000, 0.6654050914126516900, 0.3271259842519691500 ) ) ;
#113 = EDGE_CURVE ( 'NONE', #6089, #5729, #8108, .T. ) ;
#114 = DIRECTION ( 'NONE',  ( -3.454814795174053600E-015, -1.000000000000000000, 0.0000000000000000000 ) ) ;
#115 = ORIENTED_EDGE ( 'NONE', *, *, #3550, .T. ) ;
#116 = CARTESIAN_POINT ( 'NONE',  ( -0.2618110236220472200, 0.6721259842519685700, -0.1326771653543307400 ) ) ;
#117 = DIRECTION ( 'NONE',  ( -3.400677691960634400E-015, 1.000000000000000000, -5.137242217450112900E-048 ) ) ;
#118 = ADVANCED_FACE ( 'NONE', ( #3482 ), #2648, .T. ) ;
#119 = DIRECTION ( 'NONE',  ( -0.0000000000000000000, -1.000000000000000000, -0.0000000000000000000 ) ) ;
#120 = DIRECTION ( 'NONE',  ( -1.000000000000000000, 0.0000000000000000000, 0.0000000000000000000 ) ) ;
#121 = LINE ( 'NONE', #8680, #4292 ) ;
#122 = ORIENTED_EDGE ( 'NONE', *, *, #2879, .F. ) ;
#123 = DIRECTION ( 'NONE',  ( -4.553079989440424900E-015, 1.000000000000000000, -0.0000000000000000000 ) ) ;
#124 = CARTESIAN_POINT ( 'NONE',  ( -0.3200000000000021200, 0.03937007874015856900, 0.2811417322834610700 ) ) ;
#125 = FACE_OUTER_BOUND ( 'NONE', #3772, .T. ) ;
#126 = VECTOR ( 'NONE', #4378, 39.37007874015748100 ) ;
#127 = CARTESIAN_POINT ( 'NONE',  ( -0.3054050914126516500, 0.6681889763779524900, -0.3349999999999993500 ) ) ;
#128 = ORIENTED_EDGE ( 'NONE', *, *, #6617, .F. ) ;
#129 = ADVANCED_FACE ( 'NONE', ( #6301 ), #4095, .T. ) ;
#130 = VECTOR ( 'NONE', #158, 39.37007874015748900 ) ;
#131 =( LENGTH_UNIT ( ) NAMED_UNIT ( * ) SI_UNIT ( $, .METRE. ) );
#132 = AXIS2_PLACEMENT_3D ( 'NONE', #5049, #584, #2121 ) ;
#133 = ORIENTED_EDGE ( 'NONE', *, *, #1224, .T. ) ;
#134 = VERTEX_POINT ( 'NONE', #4052 ) ;
#135 = ORIENTED_EDGE ( 'NONE', *, *, #3466, .F. ) ;
#136 = ORIENTED_EDGE ( 'NONE', *, *, #9413, .F. ) ;
#137 = FACE_OUTER_BOUND ( 'NONE', #1030, .T. ) ;
#138 = DIRECTION ( 'NONE',  ( 1.000000000000000000, 3.400677691960634000E-015, 0.0000000000000000000 ) ) ;
#139 = ORIENTED_EDGE ( 'NONE', *, *, #3782, .T. ) ;
#140 = FACE_OUTER_BOUND ( 'NONE', #2632, .T. ) ;
#141 =( NAMED_UNIT ( * ) SI_UNIT ( $, .STERADIAN. ) SOLID_ANGLE_UNIT ( ) );
#142 = AXIS2_PLACEMENT_3D ( 'NONE', #349, #7870, #3343 ) ;
#143 = ORIENTED_EDGE ( 'NONE', *, *, #9236, .T. ) ;
#144 = ORIENTED_EDGE ( 'NONE', *, *, #2807, .T. ) ;
#145 = CARTESIAN_POINT ( 'NONE',  ( 0.1330000000000005600, -0.1603553390593269500, -0.1740000000000004600 ) ) ;
#146 = VECTOR ( 'NONE', #6587, 39.37007874015748100 ) ;
#147 = EDGE_CURVE ( 'NONE', #501, #8015, #7759, .T. ) ;
#148 = EDGE_LOOP ( 'NONE', ( #2326, #9655, #6121, #3599, #1088 ) ) ;
#149 = ORIENTED_EDGE ( 'NONE', *, *, #2289, .F. ) ;
#150 = ORIENTED_EDGE ( 'NONE', *, *, #8621, .T. ) ;
#151 = ORIENTED_EDGE ( 'NONE', *, *, #4273, .F. ) ;
#152 = LINE ( 'NONE', #457, #2818 ) ;
#153 = VERTEX_POINT ( 'NONE', #368 ) ;
#154 = LINE ( 'NONE', #3057, #9429 ) ;
#155 = EDGE_LOOP ( 'NONE', ( #9542, #5574, #5121, #1109 ) ) ;
#156 = CARTESIAN_POINT ( 'NONE',  ( -0.3101574803149604900, 0.6773753280839898100, 0.3230102407095417100 ) ) ;
#157 = DIRECTION ( 'NONE',  ( 1.000000000000000000, 0.0000000000000000000, -0.0000000000000000000 ) ) ;
#158 = DIRECTION ( 'NONE',  ( 0.5773502691896288400, -0.5773502691896220700, -0.5773502691896264000 ) ) ;
#159 = ORIENTED_EDGE ( 'NONE', *, *, #6622, .T. ) ;
#160 = ORIENTED_EDGE ( 'NONE', *, *, #1678, .F. ) ;
#161 = AXIS2_PLACEMENT_3D ( 'NONE', #1626, #7784, #8577 ) ;
#162 = VECTOR ( 'NONE', #7968, 39.37007874015748100 ) ;
#163 = CARTESIAN_POINT ( 'NONE',  ( -0.3147956584452603100, 0.6721259842519686800, 0.3293732138850200000 ) ) ;
#164 = ORIENTED_EDGE ( 'NONE', *, *, #6399, .F. ) ;
#165 = VERTEX_POINT ( 'NONE', #2578 ) ;
#166 = VECTOR ( 'NONE', #3703, 39.37007874015748100 ) ;
#167 = LINE ( 'NONE', #2540, #6349 ) ;
#168 = DIRECTION ( 'NONE',  ( 3.348887019260232700E-015, -1.000000000000000000, 3.348887019260232700E-015 ) ) ;
#169 = EDGE_CURVE ( 'NONE', #3727, #8860, #6074, .T. ) ;
#170 = CARTESIAN_POINT ( 'NONE',  ( 0.3071149738966094700, 0.6745144169278315400, 0.3331633977070583800 ) ) ;
#171 = ORIENTED_EDGE ( 'NONE', *, *, #4433, .F. ) ;
#172 = CARTESIAN_POINT ( 'NONE',  ( 0.3147956584452604200, 0.6799999999999999400, -0.3293732138850198900 ) ) ;
#173 = DIRECTION ( 'NONE',  ( 0.0000000000000000000, 0.0000000000000000000, 1.000000000000000000 ) ) ;
#174 = ORIENTED_EDGE ( 'NONE', *, *, #5414, .T. ) ;
#175 = VECTOR ( 'NONE', #1183, 39.37007874015748100 ) ;
#176 = EDGE_CURVE ( 'NONE', #275, #2227, #4059, .T. ) ;
#177 = ORIENTED_EDGE ( 'NONE', *, *, #6764, .F. ) ;
#178 = CYLINDRICAL_SURFACE ( 'NONE', #9243, 0.008858267716535422500 ) ;
#179 = CARTESIAN_POINT ( 'NONE',  ( -0.3121259842519683600, 0.6706733131607026700, -0.3222775818124634700 ) ) ;
#180 = STYLED_ITEM ( 'NONE', ( #9615 ), #2950 ) ;
#181 = CARTESIAN_POINT ( 'NONE',  ( 0.3102974565612454100, 0.6671149738966100100, 0.3265137834876555300 ) ) ;
#182 =( NAMED_UNIT ( * ) SI_UNIT ( $, .STERADIAN. ) SOLID_ANGLE_UNIT ( ) );
#183 = ORIENTED_EDGE ( 'NONE', *, *, #7829, .T. ) ;
#184 = LENGTH_MEASURE_WITH_UNIT ( LENGTH_MEASURE( 0.02539999999999999900 ), #5324 );
#185 = FACE_OUTER_BOUND ( 'NONE', #3501, .T. ) ;
#186 = PLANE ( 'NONE',  #6528 ) ;
#187 = AXIS2_PLACEMENT_3D ( 'NONE', #9230, #5512, #3184 ) ;
#188 = ORIENTED_EDGE ( 'NONE', *, *, #3278, .F. ) ;
#189 = ADVANCED_FACE ( 'NONE', ( #1310 ), #715, .F. ) ;
#190 = VECTOR ( 'NONE', #5469, 39.37007874015748100 ) ;
#191 = DIRECTION ( 'NONE',  ( -1.000000000000000000, 0.0000000000000000000, -0.0000000000000000000 ) ) ;
#192 = CARTESIAN_POINT ( 'NONE',  ( 0.2052389610770355400, 0.6245520545984129000, 0.06102362204724409700 ) ) ;
#193 = CARTESIAN_POINT ( 'NONE',  ( 0.3200000000000020600, 0.03937007874015631400, -0.1775196850393696800 ) ) ;
#194 = AXIS2_PLACEMENT_3D ( 'NONE', #319, #4038, #4055 ) ;
#195 = CARTESIAN_POINT ( 'NONE',  ( -3.414809992080329000E-017, 0.009842519685039369900, 0.0000000000000000000 ) ) ;
#196 = FACE_OUTER_BOUND ( 'NONE', #605, .T. ) ;
#197 = ORIENTED_EDGE ( 'NONE', *, *, #5984, .F. ) ;
#198 = CARTESIAN_POINT ( 'NONE',  ( -0.3121259842519704100, 0.03937007874015854100, 0.1630314960629886100 ) ) ;
#199 = VECTOR ( 'NONE', #2943, 39.37007874015748100 ) ;
#200 = CARTESIAN_POINT ( 'NONE',  ( -0.3145144169278268300, 0.6671149738966100100, -0.3331633977070616000 ) ) ;
#201 = AXIS2_PLACEMENT_3D ( 'NONE', #4970, #1292, #2815 ) ;
#202 = DIRECTION ( 'NONE',  ( 1.000000000000000000, -3.454814795174053200E-015, 0.0000000000000000000 ) ) ;
#203 = ORIENTED_EDGE ( 'NONE', *, *, #5148, .F. ) ;
#204 = CYLINDRICAL_SURFACE ( 'NONE', #8993, 0.04724409448818899000 ) ;
#205 = CARTESIAN_POINT ( 'NONE',  ( 0.3121259842519705200, 0.05511811023621934100, -0.05645669291338934600 ) ) ;
#206 = EDGE_CURVE ( 'NONE', #5639, #973, #9290, .T. ) ;
#207 = EDGE_LOOP ( 'NONE', ( #613, #4585, #6344, #6775, #8049, #42 ) ) ;
#208 = EDGE_CURVE ( 'NONE', #3336, #6325, #477, .T. ) ;
#209 = DIRECTION ( 'NONE',  ( 3.717264591378909100E-015, 6.909629590348067000E-015, -1.000000000000000000 ) ) ;
#210 = PLANE ( 'NONE',  #6977 ) ;
#211 = MANIFOLD_SOLID_BREP ( 'Boss-Extrude3[2]', #2474 ) ;
#212 = CYLINDRICAL_SURFACE ( 'NONE', #4786, 0.003937007874015724600 ) ;
#213 = DIRECTION ( 'NONE',  ( 0.0000000000000000000, 1.000000000000000000, 0.0000000000000000000 ) ) ;
#214 = CARTESIAN_POINT ( 'NONE',  ( -0.3080618398624078200, 0.6778982845064636100, 0.3310174633725183100 ) ) ;
#215 = ORIENTED_EDGE ( 'NONE', *, *, #1634, .F. ) ;
#216 = CARTESIAN_POINT ( 'NONE',  ( -0.1169999999999995600, -0.1250000000000004200, -0.2900000000000004800 ) ) ;
#217 = DIRECTION ( 'NONE',  ( 0.0000000000000000000, 0.0000000000000000000, -1.000000000000000000 ) ) ;
#218 = EDGE_CURVE ( 'NONE', #8188, #5661, #9278, .T. ) ;
#219 = DIRECTION ( 'NONE',  ( 1.000000000000000000, 3.468166398206581100E-015, 0.0000000000000000000 ) ) ;
#220 = CIRCLE ( 'NONE', #9730, 0.008858267716535422500 ) ;
#221 = UNCERTAINTY_MEASURE_WITH_UNIT (LENGTH_MEASURE( 1.000000000000000100E-005 ), #7799, 'distance_accuracy_value', 'NONE');
#222 = CARTESIAN_POINT ( 'NONE',  ( -0.3080618398624078200, 0.6778982845064635000, -0.3310174633725178600 ) ) ;
#223 = CARTESIAN_POINT ( 'NONE',  ( 0.6200168187639139000, 0.6719008229983551800, 0.3245013123359582500 ) ) ;
#224 = EDGE_CURVE ( 'NONE', #771, #8612, #7385, .T. ) ;
#225 = CARTESIAN_POINT ( 'NONE',  ( 0.08300000000000058700, -0.1603553390593271100, -0.2740000000000004700 ) ) ;
#226 = CARTESIAN_POINT ( 'NONE',  ( 0.1330000000000005600, -0.1603553390593269500, -0.1740000000000004600 ) ) ;
#227 = CARTESIAN_POINT ( 'NONE',  ( -0.01699999999999943900, -0.1603553390593274500, -0.2900000000000004800 ) ) ;
#228 = EDGE_CURVE ( 'NONE', #9636, #2032, #530, .T. ) ;
#229 = ADVANCED_FACE ( 'NONE', ( #2896 ), #8086, .F. ) ;
#230 = LINE ( 'NONE', #2169, #7981 ) ;
#231 = CARTESIAN_POINT ( 'NONE',  ( 0.3200994094488202600, 0.05511811023621931300, 0.1453149606299177500 ) ) ;
#232 = CARTESIAN_POINT ( 'NONE',  ( 0.2250000000000003700, -0.1099999999999992400, 0.06799999999999951900 ) ) ;
#233 = VECTOR ( 'NONE', #2870, 39.37007874015748100 ) ;
#234 = DIRECTION ( 'NONE',  ( 0.0000000000000000000, 1.000000000000000000, 0.0000000000000000000 ) ) ;
#235 = ORIENTED_EDGE ( 'NONE', *, *, #6405, .T. ) ;
#236 = VECTOR ( 'NONE', #1423, 39.37007874015748100 ) ;
#237 = CARTESIAN_POINT ( 'NONE',  ( 0.2573001884328043300, 0.6799999999999999400, 0.2739763779527555900 ) ) ;
#238 = EDGE_CURVE ( 'NONE', #7665, #3742, #8580, .T. ) ;
#239 = EDGE_LOOP ( 'NONE', ( #5987, #600, #5196, #9173 ) ) ;
#240 = SPHERICAL_SURFACE ( 'NONE', #7319, 0.003937007874015748000 ) ;
#241 = CARTESIAN_POINT ( 'NONE',  ( 0.3104184935182682800, 0.6659729154998694800, 0.3350000000000001300 ) ) ;
#242 = DIRECTION ( 'NONE',  ( 0.0000000000000000000, 1.000000000000000000, 0.0000000000000000000 ) ) ;
#243 = ORIENTED_EDGE ( 'NONE', *, *, #8346, .T. ) ;
#244 = LINE ( 'NONE', #216, #7636 ) ;
#245 = CARTESIAN_POINT ( 'NONE',  ( -0.1670000000000000100, 0.009842519685038807900, -0.1740000000000004600 ) ) ;
#246 = AXIS2_PLACEMENT_3D ( 'NONE', #5425, #4650, #7782 ) ;
#247 = CYLINDRICAL_SURFACE ( 'NONE', #590, 0.007874015748031516800 ) ;
#248 = ORIENTED_EDGE ( 'NONE', *, *, #6194, .F. ) ;
#249 = VECTOR ( 'NONE', #3362, 39.37007874015748100 ) ;
#250 = ORIENTED_EDGE ( 'NONE', *, *, #1313, .T. ) ;
#251 = PLANE ( 'NONE',  #6992 ) ;
#252 = CYLINDRICAL_SURFACE ( 'NONE', #3263, 0.007874015748031490700 ) ;
#253 = CARTESIAN_POINT ( 'NONE',  ( -0.1614999999999994500, -0.1603553390593279400, 0.2174999999999995300 ) ) ;
#254 = EDGE_CURVE ( 'NONE', #5945, #3783, #6534, .T. ) ;
#255 = ORIENTED_EDGE ( 'NONE', *, *, #812, .T. ) ;
#256 = VERTEX_POINT ( 'NONE', #5756 ) ;
#257 = EDGE_LOOP ( 'NONE', ( #7346, #1886, #6821, #6841 ) ) ;
#258 = ORIENTED_EDGE ( 'NONE', *, *, #5529, .T. ) ;
#259 = DIRECTION ( 'NONE',  ( 6.919777677515237500E-015, -1.000000000000000000, -3.454814795174053600E-015 ) ) ;
#260 = VECTOR ( 'NONE', #2123, 39.37007874015748100 ) ;
#261 = ORIENTED_EDGE ( 'NONE', *, *, #5024, .F. ) ;
#262 = FACE_OUTER_BOUND ( 'NONE', #2247, .T. ) ;
#263 = ORIENTED_EDGE ( 'NONE', *, *, #3248, .F. ) ;
#264 = VECTOR ( 'NONE', #635, 39.37007874015748900 ) ;
#265 = DIRECTION ( 'NONE',  ( -1.872858853231386600E-030, -5.421010862427524100E-016, -1.000000000000000000 ) ) ;
#266 = ORIENTED_EDGE ( 'NONE', *, *, #4974, .T. ) ;
#267 = CARTESIAN_POINT ( 'NONE',  ( 0.3200994094488200900, 0.02362204724409333900, -0.04759842519685389400 ) ) ;
#268 = ORIENTED_EDGE ( 'NONE', *, *, #218, .F. ) ;
#269 = PLANE ( 'NONE',  #1293 ) ;
#270 = LINE ( 'NONE', #6802, #6219 ) ;
#271 = VERTEX_POINT ( 'NONE', #5051 ) ;
#272 = ORIENTED_EDGE ( 'NONE', *, *, #3820, .T. ) ;
#273 = VECTOR ( 'NONE', #7219, 39.37007874015748100 ) ;
#274 = DIRECTION ( 'NONE',  ( -0.7071067811865486800, -0.7071067811865462400, 2.313106138847703900E-015 ) ) ;
#275 = VERTEX_POINT ( 'NONE', #4282 ) ;
#276 = EDGE_CURVE ( 'NONE', #7265, #3443, #9163, .T. ) ;
#277 = FACE_OUTER_BOUND ( 'NONE', #5246, .T. ) ;
#278 = DIRECTION ( 'NONE',  ( 0.0000000000000000000, 0.0000000000000000000, -1.000000000000000000 ) ) ;
#279 = ADVANCED_FACE ( 'NONE', ( #4532 ), #6563, .F. ) ;
#280 = ORIENTED_EDGE ( 'NONE', *, *, #9144, .T. ) ;
#281 = DIRECTION ( 'NONE',  ( -0.0000000000000000000, -2.716889285699967600E-045, -1.000000000000000000 ) ) ;
#282 = VERTEX_POINT ( 'NONE', #3575 ) ;
#283 = ORIENTED_EDGE ( 'NONE', *, *, #3777, .T. ) ;
#284 = LINE ( 'NONE', #8361, #2037 ) ;
#285 = CARTESIAN_POINT ( 'NONE',  ( 0.3081889763779480700, 0.6654050914126516900, -0.3271259842519684800 ) ) ;
#286 = ORIENTED_EDGE ( 'NONE', *, *, #5807, .F. ) ;
#287 = DIRECTION ( 'NONE',  ( 0.0000000000000000000, 1.000000000000000000, -1.889265384422574500E-016 ) ) ;
#288 = CARTESIAN_POINT ( 'NONE',  ( -0.1181102362204724500, 0.6721259842519685700, 0.2818503937007870700 ) ) ;
#289 = DIRECTION ( 'NONE',  ( -0.0000000000000000000, -1.000000000000000000, -0.0000000000000000000 ) ) ;
#290 = AXIS2_PLACEMENT_3D ( 'NONE', #383, #4108, #2593 ) ;
#291 = CARTESIAN_POINT ( 'NONE',  ( 0.3200994094488203200, 0.07874015748031271100, -0.3349999999999995800 ) ) ;
#292 = AXIS2_PLACEMENT_3D ( 'NONE', #5261, #7493, #1533 ) ;
#293 = ORIENTED_EDGE ( 'NONE', *, *, #5334, .T. ) ;
#294 = FACE_OUTER_BOUND ( 'NONE', #9155, .T. ) ;
#295 = FILL_AREA_STYLE_COLOUR ( '', #2823 ) ;
#296 = CARTESIAN_POINT ( 'NONE',  ( -0.3101574803149604900, 0.6721259842519686800, -0.3230102407095411000 ) ) ;
#297 = EDGE_CURVE ( 'NONE', #7908, #1561, #4176, .T. ) ;
#298 = ORIENTED_EDGE ( 'NONE', *, *, #1287, .T. ) ;
#299 = LINE ( 'NONE', #2761, #6969 ) ;
#300 = DIRECTION ( 'NONE',  ( 3.589083053745131900E-015, -1.239961723518715200E-029, -1.000000000000000000 ) ) ;
#301 = EDGE_CURVE ( 'NONE', #7376, #2604, #578, .T. ) ;
#302 = VERTEX_POINT ( 'NONE', #4188 ) ;
#303 = VECTOR ( 'NONE', #9621, 39.37007874015748100 ) ;
#304 = PLANE ( 'NONE',  #7135 ) ;
#305 = EDGE_CURVE ( 'NONE', #5044, #3187, #958, .T. ) ;
#306 = VERTEX_POINT ( 'NONE', #5084 ) ;
#307 = DIRECTION ( 'NONE',  ( 0.0000000000000000000, -0.0000000000000000000, 1.000000000000000000 ) ) ;
#308 = CARTESIAN_POINT ( 'NONE',  ( 0.3121259842519684100, 0.6701574803149605900, 0.0000000000000000000 ) ) ;
#309 = EDGE_CURVE ( 'NONE', #7549, #7692, #8463, .T. ) ;
#310 = CARTESIAN_POINT ( 'NONE',  ( 0.2228081619892131900, 0.5249121648799671700, 0.005905511811023646300 ) ) ;
#311 = ORIENTED_EDGE ( 'NONE', *, *, #1084, .F. ) ;
#312 = CYLINDRICAL_SURFACE ( 'NONE', #4289, 0.003937007874015724600 ) ;
#313 = DIRECTION ( 'NONE',  ( -1.000000000000000000, 3.454814795174053200E-015, 0.0000000000000000000 ) ) ;
#314 = PLANE ( 'NONE',  #9257 ) ;
#315 = DIRECTION ( 'NONE',  ( -1.000000000000000000, 0.0000000000000000000, -0.0000000000000000000 ) ) ;
#316 = ORIENTED_EDGE ( 'NONE', *, *, #6162, .F. ) ;
#317 = VECTOR ( 'NONE', #5003, 39.37007874015748100 ) ;
#318 = ORIENTED_EDGE ( 'NONE', *, *, #7261, .T. ) ;
#319 = CARTESIAN_POINT ( 'NONE',  ( -1.248692419008931200, -0.1250000000000042500, 0.2561023622047228200 ) ) ;
#320 = CARTESIAN_POINT ( 'NONE',  ( -0.2615000000000000700, 0.009842519685038483500, 0.2174999999999995300 ) ) ;
#321 =( NAMED_UNIT ( * ) PLANE_ANGLE_UNIT ( ) SI_UNIT ( $, .RADIAN. ) );
#322 = VERTEX_POINT ( 'NONE', #5968 ) ;
#323 = LINE ( 'NONE', #400, #8078 ) ;
#324 = AXIS2_PLACEMENT_3D ( 'NONE', #7483, #5816, #3598 ) ;
#325 = CARTESIAN_POINT ( 'NONE',  ( -0.3121259842519705200, 7.392209930355962500E-016, 0.1630314960629885000 ) ) ;
#326 = DIRECTION ( 'NONE',  ( -1.000000000000000000, 0.0000000000000000000, 0.0000000000000000000 ) ) ;
#327 = CARTESIAN_POINT ( 'NONE',  ( 0.3200000000000000600, 0.6701574803149605900, 0.06102362204724409700 ) ) ;
#328 = ADVANCED_FACE ( 'NONE', ( #1530 ), #9688, .F. ) ;
#329 = AXIS2_PLACEMENT_3D ( 'NONE', #5314, #5273, #7612 ) ;
#330 = PLANE ( 'NONE',  #3467 ) ;
#331 = DIRECTION ( 'NONE',  ( 0.0000000000000000000, -3.491481338843133000E-015, -1.000000000000000000 ) ) ;
#332 = LINE ( 'NONE', #105, #1962 ) ;
#333 = CARTESIAN_POINT ( 'NONE',  ( -0.1329999999999994500, -0.1603553390593278300, -0.2900000000000004800 ) ) ;
#334 = EDGE_CURVE ( 'NONE', #7281, #1241, #3704, .T. ) ;
#335 = B_SPLINE_CURVE_WITH_KNOTS ( 'NONE', 1,
 ( #8901, #2780 ),
 .UNSPECIFIED., .F., .F.,
 ( 2, 2 ),
 ( 0.0000000000000000000, 1.000000000000000000 ),
 .UNSPECIFIED. ) ;
#337 = EDGE_CURVE ( 'NONE', #7619, #6470, #5123, .T. ) ;
#336 = CARTESIAN_POINT ( 'NONE',  ( -0.3104184896728813800, 0.6659794747857383800, 0.3350000000000020700 ) ) ;
#338 = PLANE ( 'NONE',  #8665 ) ;
#339 = CARTESIAN_POINT ( 'NONE',  ( 0.3200994094488202600, 0.05511811023621935500, 0.2811417322834610700 ) ) ;
#340 = DIRECTION ( 'NONE',  ( 7.099813968557893200E-031, -2.087764443346746500E-016, -1.000000000000000000 ) ) ;
#341 = CARTESIAN_POINT ( 'NONE',  ( 0.3121259842519685800, 0.6747956584452605700, 0.3293732138850195600 ) ) ;
#342 = AXIS2_PLACEMENT_3D ( 'NONE', #6720, #8308, #3712 ) ;
#343 = CARTESIAN_POINT ( 'NONE',  ( 0.3200000000000000100, 0.6699217144102476200, 0.3231889763779528500 ) ) ;
#344 = CARTESIAN_POINT ( 'NONE',  ( 0.2519685039370092600, 0.2764566929133857600, 0.08464566929133864000 ) ) ;
#345 = SURFACE_SIDE_STYLE ('',( #1188 ) ) ;
#346 = EDGE_CURVE ( 'NONE', #7167, #8132, #2552, .T. ) ;
#347 = ORIENTED_EDGE ( 'NONE', *, *, #6158, .F. ) ;
#348 = DIRECTION ( 'NONE',  ( -1.000000000000000000, 3.454814795174053200E-015, -0.0000000000000000000 ) ) ;
#349 = CARTESIAN_POINT ( 'NONE',  ( 0.3200000000000000600, 0.6701574803149605900, 0.06102362204724409700 ) ) ;
#350 = EDGE_CURVE ( 'NONE', #4294, #5563, #8693, .T. ) ;
#351 = CARTESIAN_POINT ( 'NONE',  ( 0.3200000000000011200, 0.07874015748031267000, -0.3231889763779527400 ) ) ;
#352 = VECTOR ( 'NONE', #2709, 39.37007874015748100 ) ;
#353 = ORIENTED_EDGE ( 'NONE', *, *, #7722, .T. ) ;
#354 = VERTEX_POINT ( 'NONE', #7505 ) ;
#355 = LINE ( 'NONE', #8583, #586 ) ;
#356 = VECTOR ( 'NONE', #8666, 39.37007874015748100 ) ;
#357 = LINE ( 'NONE', #4244, #6544 ) ;
#358 = CARTESIAN_POINT ( 'NONE',  ( -0.2614999999999996200, -0.1250000000000008900, 0.2424999999999995200 ) ) ;
#359 = VERTEX_POINT ( 'NONE', #2960 ) ;
#360 = VECTOR ( 'NONE', #4441, 39.37007874015748100 ) ;
#361 = DIRECTION ( 'NONE',  ( -1.000000000000000000, -3.400677691960634400E-015, -1.435740158086107800E-032 ) ) ;
#362 = DIRECTION ( 'NONE',  ( -1.000000000000000000, 0.0000000000000000000, 0.0000000000000000000 ) ) ;
#363 = ORIENTED_EDGE ( 'NONE', *, *, #2743, .F. ) ;
#364 = STYLED_ITEM ( 'NONE', ( #5644 ), #5827 ) ;
#365 = ORIENTED_EDGE ( 'NONE', *, *, #9682, .T. ) ;
#366 = ORIENTED_EDGE ( 'NONE', *, *, #4875, .F. ) ;
#367 = EDGE_LOOP ( 'NONE', ( #8265, #3095, #2933, #7074 ) ) ;
#368 = CARTESIAN_POINT ( 'NONE',  ( -0.2365000000000000700, 0.009842519685038568500, 0.2174999999999995300 ) ) ;
#369 = LINE ( 'NONE', #7781, #9644 ) ;
#370 = ADVANCED_FACE ( 'NONE', ( #4417 ), #9003, .F. ) ;
#371 = ORIENTED_EDGE ( 'NONE', *, *, #9144, .F. ) ;
#372 = LINE ( 'NONE', #8964, #4562 ) ;
#373 = EDGE_LOOP ( 'NONE', ( #6312, #5695, #6319, #9428 ) ) ;
#374 = DIRECTION ( 'NONE',  ( 0.0000000000000000000, 1.000000000000000000, 0.0000000000000000000 ) ) ;
#375 = CARTESIAN_POINT ( 'NONE',  ( -0.3200000000000020600, 0.05511811023622152600, -0.1046850393700783200 ) ) ;
#376 = VECTOR ( 'NONE', #3102, 39.37007874015748100 ) ;
#377 = CARTESIAN_POINT ( 'NONE',  ( -0.3200000000000021700, 0.02362204724409555000, 0.1374409448818862700 ) ) ;
#378 = VERTEX_POINT ( 'NONE', #4361 ) ;
#379 = ORIENTED_EDGE ( 'NONE', *, *, #5973, .T. ) ;
#380 = CLOSED_SHELL ( 'NONE', ( #1650, #9484, #6431, #8424, #7469, #1549 ) ) ;
#381 = EDGE_CURVE ( 'NONE', #6002, #2713, #5952, .T. ) ;
#382 = CIRCLE ( 'NONE', #8154, 0.04499999999999996400 ) ;
#383 = CARTESIAN_POINT ( 'NONE',  ( -0.2517653116130454400, 0.6327559055118111600, 0.06102362204724409700 ) ) ;
#384 = ORIENTED_EDGE ( 'NONE', *, *, #7903, .F. ) ;
#385 = ORIENTED_EDGE ( 'NONE', *, *, #3149, .T. ) ;
#386 = CIRCLE ( 'NONE', #4668, 0.007874015748031449100 ) ;
#387 = ORIENTED_EDGE ( 'NONE', *, *, #4408, .T. ) ;
#388 = PRESENTATION_STYLE_ASSIGNMENT (( #3513 ) ) ;
#389 = DIRECTION ( 'NONE',  ( 1.000000000000000000, 0.0000000000000000000, -0.0000000000000000000 ) ) ;
#390 = PLANE ( 'NONE',  #7741 ) ;
#391 = PLANE ( 'NONE',  #3163 ) ;
#392 = ORIENTED_EDGE ( 'NONE', *, *, #7365, .F. ) ;
#393 = VECTOR ( 'NONE', #419, 39.37007874015748100 ) ;
#394 = ORIENTED_EDGE ( 'NONE', *, *, #8402, .T. ) ;
#395 = ORIENTED_EDGE ( 'NONE', *, *, #9618, .F. ) ;
#396 = ORIENTED_EDGE ( 'NONE', *, *, #4250, .F. ) ;
#397 = CARTESIAN_POINT ( 'NONE',  ( 0.3089861342390349300, 0.6721259842519691200, 0.3245087043922655900 ) ) ;
#398 = LINE ( 'NONE', #9550, #1921 ) ;
#399 = DIRECTION ( 'NONE',  ( 1.000000000000000000, -3.454814795174053600E-015, 0.0000000000000000000 ) ) ;
#400 = CARTESIAN_POINT ( 'NONE',  ( -0.3200000000000020600, 0.05511811023622152600, -0.1046850393700783500 ) ) ;
#401 = AXIS2_PLACEMENT_3D ( 'NONE', #8090, #571, #9497 ) ;
#402 = ORIENTED_EDGE ( 'NONE', *, *, #6729, .F. ) ;
#404 = EDGE_LOOP ( 'NONE', ( #9140, #3383, #7439, #5139 ) ) ;
#403 = DIRECTION ( 'NONE',  ( 0.0000000000000000000, 0.0000000000000000000, 1.000000000000000000 ) ) ;
#405 = EDGE_CURVE ( 'NONE', #4314, #271, #8924, .T. ) ;
#406 = VECTOR ( 'NONE', #8095, 39.37007874015748100 ) ;
#407 = CARTESIAN_POINT ( 'NONE',  ( 0.2517653116130454400, 0.6721259842519686800, 0.005905511811023646300 ) ) ;
#408 = CARTESIAN_POINT ( 'NONE',  ( 0.3054050914126509900, 0.6681889763779532700, -0.3271259842519685400 ) ) ;
#409 = ORIENTED_EDGE ( 'NONE', *, *, #3155, .F. ) ;
#410 = VECTOR ( 'NONE', #4414, 39.37007874015748100 ) ;
#411 = LENGTH_MEASURE_WITH_UNIT ( LENGTH_MEASURE( 0.02539999999999999900 ), #8985 );
#412 = ORIENTED_EDGE ( 'NONE', *, *, #8488, .F. ) ;
#414 = CARTESIAN_POINT ( 'NONE',  ( 0.1181102362204724500, 0.6721259842519685700, 0.2818503937007870700 ) ) ;
#413 = LINE ( 'NONE', #7509, #900 ) ;
#415 = CARTESIAN_POINT ( 'NONE',  ( 0.3121259842519706900, 0.02165354330708767900, 0.3231889763779511900 ) ) ;
#416 = EDGE_CURVE ( 'NONE', #302, #4824, #8228, .T. ) ;
#417 = AXIS2_PLACEMENT_3D ( 'NONE', #6934, #4553, #1716 ) ;
#418 = ORIENTED_EDGE ( 'NONE', *, *, #8655, .F. ) ;
#419 = DIRECTION ( 'NONE',  ( 3.348887019260232700E-015, -1.000000000000000000, -0.0000000000000000000 ) ) ;
#420 = AXIS2_PLACEMENT_3D ( 'NONE', #5640, #9458, #3437 ) ;
#421 = CARTESIAN_POINT ( 'NONE',  ( 0.2519685039370092600, 0.2764566929133857600, 0.08464566929133864000 ) ) ;
#422 = CARTESIAN_POINT ( 'NONE',  ( 0.2362204724409439300, 0.2764566929133857600, 0.1689370078740164700 ) ) ;
#423 = DIRECTION ( 'NONE',  ( 1.000000000000000000, 3.468166398206581500E-015, -8.758115402030106700E-047 ) ) ;
#424 = ADVANCED_FACE ( 'NONE', ( #4879 ), #7407, .F. ) ;
#426 = LINE ( 'NONE', #9264, #6610 ) ;
#425 = CARTESIAN_POINT ( 'NONE',  ( 0.3200994094488202600, 0.05511811023621931300, -0.06531496062992475600 ) ) ;
#427 = VERTEX_POINT ( 'NONE', #8925 ) ;
#428 = FACE_OUTER_BOUND ( 'NONE', #5424, .T. ) ;
#429 = DIRECTION ( 'NONE',  ( 0.7071067811865486800, 0.7071067811865463500, 2.628503000028636300E-015 ) ) ;
#430 = AXIS2_PLACEMENT_3D ( 'NONE', #5312, #863, #4624 ) ;
#431 = PLANE ( 'NONE',  #8774 ) ;
#432 = EDGE_CURVE ( 'NONE', #4109, #2021, #1758, .T. ) ;
#433 = DIRECTION ( 'NONE',  ( 0.0000000000000000000, 0.0000000000000000000, -1.000000000000000000 ) ) ;
#434 = ORIENTED_EDGE ( 'NONE', *, *, #4433, .T. ) ;
#435 = LINE ( 'NONE', #4452, #6985 ) ;
#436 = DIRECTION ( 'NONE',  ( 0.0000000000000000000, 1.000000000000000000, 0.0000000000000000000 ) ) ;
#437 = DIRECTION ( 'NONE',  ( -3.400677691960634000E-015, 1.000000000000000000, -0.0000000000000000000 ) ) ;
#438 = ADVANCED_FACE ( 'NONE', ( #1190 ), #7258, .T. ) ;
#439 = CARTESIAN_POINT ( 'NONE',  ( 0.1648756526312323600, 0.6701574803149603600, 0.2793222505200456700 ) ) ;
#440 = DIRECTION ( 'NONE',  ( -6.946296134017186600E-015, -1.000000000000000000, 0.0000000000000000000 ) ) ;
#441 = AXIS2_PLACEMENT_3D ( 'NONE', #8741, #1275, #1988 ) ;
#442 = PLANE ( 'NONE',  #9698 ) ;
#443 = FACE_OUTER_BOUND ( 'NONE', #9154, .T. ) ;
#444 = DIRECTION ( 'NONE',  ( 3.400677691960634400E-015, -1.000000000000000000, 5.673458669708795000E-046 ) ) ;
#445 = CARTESIAN_POINT ( 'NONE',  ( -0.08267716535433165800, 0.2764566929133847100, 0.2399521717798882800 ) ) ;
#446 = VECTOR ( 'NONE', #9577, 39.37007874015748100 ) ;
#447 = AXIS2_PLACEMENT_3D ( 'NONE', #7349, #6646, #6044 ) ;
#448 = DIRECTION ( 'NONE',  ( 1.000000000000000000, 0.0000000000000000000, -3.084327436331647300E-016 ) ) ;
#449 = CARTESIAN_POINT ( 'NONE',  ( 0.6200168187639139000, 0.6681889763779533800, 0.3231889763779529600 ) ) ;
#450 = CARTESIAN_POINT ( 'NONE',  ( -0.3101574803149605400, 0.6799999999999999400, 0.06102362204724409700 ) ) ;
#451 = CARTESIAN_POINT ( 'NONE',  ( -0.1669999999999994500, -0.1603553390593279700, -0.1900000000000004700 ) ) ;
#452 = EDGE_CURVE ( 'NONE', #1078, #6705, #7504, .T. ) ;
#453 = B_SPLINE_CURVE_WITH_KNOTS ( 'NONE', 1,
 ( #3158, #1632 ),
 .UNSPECIFIED., .F., .F.,
 ( 2, 2 ),
 ( 0.0000000000000000000, 1.000000000000000000 ),
 .UNSPECIFIED. ) ;
#454 = DIRECTION ( 'NONE',  ( 3.454814795174053600E-015, 1.000000000000000000, 0.0000000000000000000 ) ) ;
#455 = CARTESIAN_POINT ( 'NONE',  ( 0.3071149738966091900, 0.6745144169278312100, -0.3331633977070582700 ) ) ;
#456 = CARTESIAN_POINT ( 'NONE',  ( 0.3147956584452604200, 0.6800000000000001600, 0.3293732138850195600 ) ) ;
#457 = CARTESIAN_POINT ( 'NONE',  ( 0.1615000000000000300, 0.009842519685039916400, 0.2174999999999995500 ) ) ;
#458 = VERTEX_POINT ( 'NONE', #7452 ) ;
#459 = CARTESIAN_POINT ( 'NONE',  ( -0.3147956584452604200, 0.6721259842519686800, -0.3293732138850193300 ) ) ;
#460 = ADVANCED_FACE ( 'NONE', ( #4657 ), #6649, .F. ) ;
#461 = EDGE_CURVE ( 'NONE', #1933, #6109, #5238, .T. ) ;
#462 = LINE ( 'NONE', #1381, #233 ) ;
#463 = EDGE_LOOP ( 'NONE', ( #3339, #5615, #4684, #1673, #1837, #6135, #7543, #5566 ) ) ;
#464 = CARTESIAN_POINT ( 'NONE',  ( -0.2573001884328043300, 0.6721259842519685700, 0.2818503937007870700 ) ) ;
#465 = DIRECTION ( 'NONE',  ( -4.870563516384232900E-030, -2.087764443346746500E-016, -1.000000000000000000 ) ) ;
#466 = ORIENTED_EDGE ( 'NONE', *, *, #3032, .T. ) ;
#467 = LINE ( 'NONE', #1812, #8805 ) ;
#468 = DIRECTION ( 'NONE',  ( 0.0000000000000000000, -0.0000000000000000000, 1.000000000000000000 ) ) ;
#469 = DIRECTION ( 'NONE',  ( 0.0000000000000000000, 0.0000000000000000000, -1.000000000000000000 ) ) ;
#470 = ORIENTED_EDGE ( 'NONE', *, *, #8260, .F. ) ;
#471 = EDGE_CURVE ( 'NONE', #8389, #4083, #7985, .T. ) ;
#472 = CARTESIAN_POINT ( 'NONE',  ( 0.06700000000000046200, -0.1249999999999997800, -0.2740000000000004700 ) ) ;
#473 = LINE ( 'NONE', #1487, #360 ) ;
#474 = ADVANCED_FACE ( 'NONE', ( #9399 ), #6, .T. ) ;
#475 = VERTEX_POINT ( 'NONE', #3222 ) ;
#476 = DIRECTION ( 'NONE',  ( -1.000000000000000000, -3.400677691960634000E-015, -8.758115402030106700E-047 ) ) ;
#477 = LINE ( 'NONE', #7177, #1538 ) ;
#478 = EDGE_CURVE ( 'NONE', #7692, #1782, #3945, .T. ) ;
#479 = VECTOR ( 'NONE', #873, 39.37007874015748100 ) ;
#480 = ORIENTED_EDGE ( 'NONE', *, *, #5610, .T. ) ;
#481 = VECTOR ( 'NONE', #5677, 39.37007874015748100 ) ;
#482 = DIRECTION ( 'NONE',  ( 1.000000000000000000, 0.0000000000000000000, 0.0000000000000000000 ) ) ;
#483 = DIRECTION ( 'NONE',  ( 1.000000000000000000, 3.400677691960634400E-015, -7.973235776786925300E-016 ) ) ;
#484 = EDGE_CURVE ( 'NONE', #3978, #3268, #4996, .T. ) ;
#485 = VERTEX_POINT ( 'NONE', #1765 ) ;
#486 = EDGE_CURVE ( 'NONE', #2667, #6414, #3249, .T. ) ;
#487 = VECTOR ( 'NONE', #6387, 39.37007874015748100 ) ;
#488 = EDGE_LOOP ( 'NONE', ( #3983, #3917, #8652, #6073 ) ) ;
#489 = EDGE_LOOP ( 'NONE', ( #3913, #4925, #4570, #3323 ) ) ;
#490 = VERTEX_POINT ( 'NONE', #9054 ) ;
#491 = ORIENTED_EDGE ( 'NONE', *, *, #8798, .F. ) ;
#492 = LINE ( 'NONE', #3804, #2579 ) ;
#493 = EDGE_LOOP ( 'NONE', ( #3864, #5290, #6001, #5306 ) ) ;
#494 = LINE ( 'NONE', #7371, #9533 ) ;
#495 = ORIENTED_EDGE ( 'NONE', *, *, #176, .T. ) ;
#496 = PLANE ( 'NONE',  #5439 ) ;
#497 = LINE ( 'NONE', #4982, #2930 ) ;
#498 = DIRECTION ( 'NONE',  ( 0.7071067811865463500, -0.7071067811865487900, -4.937700262164540900E-015 ) ) ;
#499 = FILL_AREA_STYLE_COLOUR ( '', #3257 ) ;
#500 = VERTEX_POINT ( 'NONE', #2539 ) ;
#501 = VERTEX_POINT ( 'NONE', #4554 ) ;
#502 = CYLINDRICAL_SURFACE ( 'NONE', #8927, 0.01181102362204724000 ) ;
#503 = ORIENTED_EDGE ( 'NONE', *, *, #7875, .T. ) ;
#504 = EDGE_LOOP ( 'NONE', ( #9407, #9130, #5606, #8598 ) ) ;
#505 = LINE ( 'NONE', #2738, #3518 ) ;
#506 = PLANE ( 'NONE',  #1106 ) ;
#507 = ORIENTED_EDGE ( 'NONE', *, *, #113, .T. ) ;
#508 = DIRECTION ( 'NONE',  ( 1.000000000000000000, 3.400677691960634400E-015, 3.084327436331655200E-016 ) ) ;
#509 = CARTESIAN_POINT ( 'NONE',  ( 0.3200000000000000100, 0.6701574803149607000, -0.3230102407095416500 ) ) ;
#510 = AXIS2_PLACEMENT_3D ( 'NONE', #9468, #498, #1969 ) ;
#511 = LINE ( 'NONE', #3442, #1125 ) ;
#512 = CARTESIAN_POINT ( 'NONE',  ( -0.3152951442791672700, 0.6789392411772613400, 0.3219122744137265000 ) ) ;
#513 = ORIENTED_EDGE ( 'NONE', *, *, #6481, .T. ) ;
#514 = AXIS2_PLACEMENT_3D ( 'NONE', #2953, #8243, #7583 ) ;
#515 = ORIENTED_EDGE ( 'NONE', *, *, #1800, .F. ) ;
#516 = EDGE_LOOP ( 'NONE', ( #2386, #8010, #7666, #7413 ) ) ;
#517 = LINE ( 'NONE', #8227, #9088 ) ;
#518 = ORIENTED_EDGE ( 'NONE', *, *, #5683, .F. ) ;
#519 = EDGE_CURVE ( 'NONE', #8249, #6962, #9508, .T. ) ;
#520 = DIRECTION ( 'NONE',  ( 1.000000000000000000, 3.334775382890940300E-015, 0.0000000000000000000 ) ) ;
#521 = CARTESIAN_POINT ( 'NONE',  ( 0.2615000000000000700, 0.009842519685040258100, 0.2174999999999995800 ) ) ;
#522 = EDGE_CURVE ( 'NONE', #5856, #3299, #6181, .T. ) ;
#523 = CARTESIAN_POINT ( 'NONE',  ( 0.1112294377121594600, 0.6165112653958874100, 0.2256760356009727400 ) ) ;
#524 = ADVANCED_FACE ( 'NONE', ( #3007 ), #338, .F. ) ;
#525 = CARTESIAN_POINT ( 'NONE',  ( -0.3200000000000027800, -0.1649999999999989300, -0.07440425949313597700 ) ) ;
#526 = DIRECTION ( 'NONE',  ( -7.099813968557893200E-031, 2.087764443346746500E-016, 1.000000000000000000 ) ) ;
#527 = VECTOR ( 'NONE', #6172, 39.37007874015748100 ) ;
#528 = ORIENTED_EDGE ( 'NONE', *, *, #3708, .T. ) ;
#529 = VECTOR ( 'NONE', #4031, 39.37007874015748100 ) ;
#530 = B_SPLINE_CURVE_WITH_KNOTS ( 'NONE', 1,
 ( #4260, #7242 ),
 .UNSPECIFIED., .F., .F.,
 ( 2, 2 ),
 ( 0.0000000000000000000, 1.000000000000000000 ),
 .UNSPECIFIED. ) ;
#531 = DIRECTION ( 'NONE',  ( 3.589083053745131100E-015, -1.239961723518715000E-029, 1.000000000000000000 ) ) ;
#532 = AXIS2_PLACEMENT_3D ( 'NONE', #253, #5472, #3236 ) ;
#533 = CLOSED_SHELL ( 'NONE', ( #3576, #6008, #3969, #2142, #3770, #3620, #5662, #6148, #8794, #8018, #1226, #7633, #279, #4446, #3346, #6597, #9244, #8697, #4165, #773, #2982, #5675, #8890, #574, #3479, #7352, #1642, #5463, #2558, #927, #9578, #3382, #9135, #1469, #8315, #9142, #8900, #1993, #7101, #2991, #5213, #9617, #5317, #8359, #424, #1750, #3821, #2274, #1623, #7859, #3879, #4402, #4411, #8301, #3434, #8105, #9038, #3784, #2621, #24, #5948, #3001, #7912, #7555, #4130, #5354, #3401, #1536, #8453, #474 ) ) ;
#534 = LINE ( 'NONE', #2005, #6244 ) ;
#535 = CARTESIAN_POINT ( 'NONE',  ( -0.2362204724409458500, 0.2764566929133840900, -0.01771653543307075800 ) ) ;
#536 = EDGE_CURVE ( 'NONE', #7399, #628, #2510, .T. ) ;
#537 = DIRECTION ( 'NONE',  ( 1.000000000000000000, 0.0000000000000000000, 0.0000000000000000000 ) ) ;
#538 = ADVANCED_FACE ( 'NONE', ( #5487 ), #5281, .F. ) ;
#539 = LINE ( 'NONE', #2650, #7568 ) ;
#540 = CARTESIAN_POINT ( 'NONE',  ( 0.2018897637795229700, 0.5591058788142251300, 0.3349999999999989700 ) ) ;
#541 = ORIENTED_EDGE ( 'NONE', *, *, #3998, .T. ) ;
#542 = EDGE_CURVE ( 'NONE', #2849, #7378, #467, .T. ) ;
#543 = ORIENTED_EDGE ( 'NONE', *, *, #8765, .F. ) ;
#544 = VECTOR ( 'NONE', #6032, 39.37007874015748100 ) ;
#545 = CARTESIAN_POINT ( 'NONE',  ( 0.3200000000000000100, 0.6699217144102476200, 0.3231889763779528500 ) ) ;
#546 = DIRECTION ( 'NONE',  ( -7.099813968557893200E-031, 2.087764443346746500E-016, 1.000000000000000000 ) ) ;
#547 = PLANE ( 'NONE',  #4424 ) ;
#548 = CARTESIAN_POINT ( 'NONE',  ( -0.3081889763779523900, 0.6662204724409429600, -0.3271259842519685400 ) ) ;
#549 = EDGE_CURVE ( 'NONE', #9445, #7167, #2775, .T. ) ;
#550 = EDGE_LOOP ( 'NONE', ( #731, #1144, #5956, #3174 ) ) ;
#551 = CIRCLE ( 'NONE', #7680, 0.007874015748031482100 ) ;
#552 = ORIENTED_EDGE ( 'NONE', *, *, #3912, .T. ) ;
#553 = DIRECTION ( 'NONE',  ( 3.454814795174053600E-015, -1.000000000000000000, 5.421010862427524100E-016 ) ) ;
#554 = EDGE_LOOP ( 'NONE', ( #3979, #8979, #5905, #8461 ) ) ;
#555 = CARTESIAN_POINT ( 'NONE',  ( 0.3147956584452604200, 0.6721259842519685700, -0.3293732138850198900 ) ) ;
#556 = CARTESIAN_POINT ( 'NONE',  ( -0.3099217144102474100, 0.6721259842519686800, -0.3231889763779528000 ) ) ;
#557 = ORIENTED_EDGE ( 'NONE', *, *, #5231, .T. ) ;
#558 = VECTOR ( 'NONE', #5733, 39.37007874015748100 ) ;
#559 = AXIS2_PLACEMENT_3D ( 'NONE', #3342, #4863, #1929 ) ;
#560 = CARTESIAN_POINT ( 'NONE',  ( -0.08299999999999956000, -0.1250000000000002800, -0.1900000000000004700 ) ) ;
#561 = EDGE_CURVE ( 'NONE', #1687, #4464, #7020, .T. ) ;
#562 = DIRECTION ( 'NONE',  ( -1.000000000000000000, 0.0000000000000000000, 0.0000000000000000000 ) ) ;
#563 = VECTOR ( 'NONE', #893, 39.37007874015748100 ) ;
#564 = CARTESIAN_POINT ( 'NONE',  ( -0.1255055738910792800, 0.6307874015748021800, 0.2399521717798882600 ) ) ;
#565 = DIRECTION ( 'NONE',  ( -3.400677691960634400E-015, 1.000000000000000000, 5.885724984357243300E-047 ) ) ;
#566 = DIRECTION ( 'NONE',  ( -1.000000000000000000, 0.0000000000000000000, 0.0000000000000000000 ) ) ;
#567 = AXIS2_PLACEMENT_3D ( 'NONE', #6844, #5335, #6146 ) ;
#568 = ADVANCED_FACE ( 'NONE', ( #5496 ), #7748, .T. ) ;
#569 = EDGE_CURVE ( 'NONE', #7224, #7296, #3486, .T. ) ;
#570 = DIRECTION ( 'NONE',  ( 0.0000000000000000000, 0.0000000000000000000, -1.000000000000000000 ) ) ;
#571 = DIRECTION ( 'NONE',  ( 0.0000000000000000000, 1.000000000000000000, -0.0000000000000000000 ) ) ;
#572 = DIRECTION ( 'NONE',  ( -0.0000000000000000000, -1.000000000000000000, -0.0000000000000000000 ) ) ;
#573 = CARTESIAN_POINT ( 'NONE',  ( 0.1574803149606287000, 0.5591058788142251300, -0.3350000000000032400 ) ) ;
#574 = ADVANCED_FACE ( 'NONE', ( #8941 ), #9414, .T. ) ;
#575 = CIRCLE ( 'NONE', #6604, 0.007874015748031449100 ) ;
#576 = DIRECTION ( 'NONE',  ( -1.000000000000000000, 3.454814795174053600E-015, -0.0000000000000000000 ) ) ;
#577 = EDGE_CURVE ( 'NONE', #2212, #4489, #1998, .T. ) ;
#578 = LINE ( 'NONE', #3472, #7140 ) ;
#579 = EDGE_CURVE ( 'NONE', #4898, #5639, #1202, .T. ) ;
#580 = DIRECTION ( 'NONE',  ( -1.000000000000000000, 3.454814795174053600E-015, -0.0000000000000000000 ) ) ;
#581 = VECTOR ( 'NONE', #7706, 39.37007874015748100 ) ;
#582 = CARTESIAN_POINT ( 'NONE',  ( 0.2129933528330372500, 0.6259193630839793300, 0.005905511811023646300 ) ) ;
#583 = ORIENTED_EDGE ( 'NONE', *, *, #3937, .T. ) ;
#584 = DIRECTION ( 'NONE',  ( 0.0000000000000000000, -7.954849691074412900E-047, 1.000000000000000000 ) ) ;
#585 = EDGE_LOOP ( 'NONE', ( #9289, #6577, #4445, #7899 ) ) ;
#586 = VECTOR ( 'NONE', #1942, 39.37007874015748100 ) ;
#587 = LINE ( 'NONE', #4027, #4060 ) ;
#588 = CIRCLE ( 'NONE', #2314, 0.003937007874015724600 ) ;
#589 = ORIENTED_EDGE ( 'NONE', *, *, #9490, .F. ) ;
#590 = AXIS2_PLACEMENT_3D ( 'NONE', #3866, #7720, #6889 ) ;
#591 = CARTESIAN_POINT ( 'NONE',  ( 0.3121259842519706900, 0.02165354330708767900, 0.3133464566929117800 ) ) ;
#592 = CARTESIAN_POINT ( 'NONE',  ( 0.3145144169278243900, 0.6671149738966095600, -0.3331633977070631000 ) ) ;
#593 = AXIS2_PLACEMENT_3D ( 'NONE', #3977, #1853, #7806 ) ;
#594 = DIRECTION ( 'NONE',  ( -0.0000000000000000000, 0.0000000000000000000, -1.000000000000000000 ) ) ;
#595 = VECTOR ( 'NONE', #9707, 39.37007874015748100 ) ;
#596 = DIRECTION ( 'NONE',  ( -3.400677691960634400E-015, 1.000000000000000000, -6.547132841465570100E-047 ) ) ;
#597 = DIRECTION ( 'NONE',  ( -1.000000000000000000, -3.400677691960634400E-015, 3.084327436331654200E-016 ) ) ;
#598 = VERTEX_POINT ( 'NONE', #4636 ) ;
#599 = EDGE_LOOP ( 'NONE', ( #2890, #434, #2220, #7785 ) ) ;
#600 = ORIENTED_EDGE ( 'NONE', *, *, #2827, .T. ) ;
#601 = VERTEX_POINT ( 'NONE', #9357 ) ;
#602 = VECTOR ( 'NONE', #565, 39.37007874015748100 ) ;
#603 = VERTEX_POINT ( 'NONE', #1706 ) ;
#604 = CARTESIAN_POINT ( 'NONE',  ( -0.3121259842519683600, 0.6706733131607025600, 0.3222775818124643500 ) ) ;
#605 = EDGE_LOOP ( 'NONE', ( #4333, #470, #8548, #4199 ) ) ;
#606 = ORIENTED_EDGE ( 'NONE', *, *, #1167, .T. ) ;
#607 = DIRECTION ( 'NONE',  ( 6.919777677515237500E-015, 1.000000000000000000, -3.454814795174053600E-015 ) ) ;
#608 = ADVANCED_FACE ( 'NONE', ( #9291 ), #4390, .F. ) ;
#609 = ORIENTED_EDGE ( 'NONE', *, *, #1048, .T. ) ;
#610 = VERTEX_POINT ( 'NONE', #5142 ) ;
#611 = ORIENTED_EDGE ( 'NONE', *, *, #8886, .F. ) ;
#612 = CARTESIAN_POINT ( 'NONE',  ( 0.3145144169278284400, 0.6671149738966100100, 0.3331633977070607200 ) ) ;
#613 = ORIENTED_EDGE ( 'NONE', *, *, #8909, .F. ) ;
#614 = CARTESIAN_POINT ( 'NONE',  ( 0.2615000000000000700, 0.009842519685040258100, 0.2174999999999995800 ) ) ;
#615 = EDGE_CURVE ( 'NONE', #1198, #7751, #2114, .T. ) ;
#616 = FACE_OUTER_BOUND ( 'NONE', #4878, .T. ) ;
#617 = ORIENTED_EDGE ( 'NONE', *, *, #8959, .F. ) ;
#618 = VERTEX_POINT ( 'NONE', #9002 ) ;
#619 = LINE ( 'NONE', #8672, #6331 ) ;
#620 = EDGE_LOOP ( 'NONE', ( #286, #2295, #1385, #4026 ) ) ;
#621 = LINE ( 'NONE', #2763, #8723 ) ;
#622 = CARTESIAN_POINT ( 'NONE',  ( 0.1670000000000004300, -0.1249999999999994300, -0.2740000000000004700 ) ) ;
#623 = AXIS2_PLACEMENT_3D ( 'NONE', #5140, #8211, #690 ) ;
#624 = ORIENTED_EDGE ( 'NONE', *, *, #7000, .T. ) ;
#625 = DIRECTION ( 'NONE',  ( 0.0000000000000000000, 0.0000000000000000000, 1.000000000000000000 ) ) ;
#626 = FACE_OUTER_BOUND ( 'NONE', #9181, .T. ) ;
#627 = VERTEX_POINT ( 'NONE', #49 ) ;
#628 = VERTEX_POINT ( 'NONE', #5236 ) ;
#629 = VECTOR ( 'NONE', #7089, 39.37007874015748100 ) ;
#630 = EDGE_CURVE ( 'NONE', #1472, #5873, #6316, .T. ) ;
#631 = CARTESIAN_POINT ( 'NONE',  ( -0.2614999999999996200, -0.1250000000000008900, 0.2174999999999995300 ) ) ;
#632 = DIMENSIONAL_EXPONENTS ( 1.000000000000000000, 0.0000000000000000000, 0.0000000000000000000, 0.0000000000000000000, 0.0000000000000000000, 0.0000000000000000000, 0.0000000000000000000 ) ;
#633 = CARTESIAN_POINT ( 'NONE',  ( -1.248692419008931200, -0.1250000000000042500, 0.2561023622047228200 ) ) ;
#634 = FACE_OUTER_BOUND ( 'NONE', #2437, .T. ) ;
#635 = DIRECTION ( 'NONE',  ( -0.9848077530122085800, 0.1736481776669271400, 1.540743955509788300E-033 ) ) ;
#636 = DIRECTION ( 'NONE',  ( 7.771642307371902400E-016, -0.2249510543438658400, -0.9743700647852350200 ) ) ;
#637 = ORIENTED_EDGE ( 'NONE', *, *, #6460, .F. ) ;
#638 = DIRECTION ( 'NONE',  ( -1.000000000000000000, -3.468166398206581100E-015, 8.758115402030106700E-047 ) ) ;
#639 = DIRECTION ( 'NONE',  ( 1.000000000000000000, 0.0000000000000000000, -0.0000000000000000000 ) ) ;
#640 = ORIENTED_EDGE ( 'NONE', *, *, #6288, .T. ) ;
#641 = FACE_OUTER_BOUND ( 'NONE', #3272, .T. ) ;
#642 = PLANE ( 'NONE',  #9356 ) ;
#643 = AXIS2_PLACEMENT_3D ( 'NONE', #5351, #8318, #1546 ) ;
#644 = VERTEX_POINT ( 'NONE', #4595 ) ;
#645 = PLANE ( 'NONE',  #7644 ) ;
#646 = VECTOR ( 'NONE', #9614, 39.37007874015748900 ) ;
#647 = AXIS2_PLACEMENT_3D ( 'NONE', #5069, #3565, #4345 ) ;
#648 = PRODUCT_DEFINITION_SHAPE ( 'NONE', 'NONE',  #9284 ) ;
#649 = VECTOR ( 'NONE', #7631, 39.37007874015748100 ) ;
#650 = EDGE_CURVE ( 'NONE', #8499, #9398, #8371, .T. ) ;
#651 = DIRECTION ( 'NONE',  ( 0.0000000000000000000, 0.0000000000000000000, -1.000000000000000000 ) ) ;
#652 = ORIENTED_EDGE ( 'NONE', *, *, #699, .F. ) ;
#653 = VECTOR ( 'NONE', #913, 39.37007874015748100 ) ;
#654 = CARTESIAN_POINT ( 'NONE',  ( 0.1991058788142258700, 0.5618897637795270400, -0.3349999999999980200 ) ) ;
#655 = DIRECTION ( 'NONE',  ( 0.0000000000000000000, -1.000000000000000000, 0.0000000000000000000 ) ) ;
#656 = CARTESIAN_POINT ( 'NONE',  ( -0.1614999999999995900, -0.1250000000000005600, 0.2174999999999995300 ) ) ;
#657 = ORIENTED_EDGE ( 'NONE', *, *, #7516, .T. ) ;
#658 = DIRECTION ( 'NONE',  ( 7.099813968557893200E-031, -2.087764443346746500E-016, -1.000000000000000000 ) ) ;
#659 = LINE ( 'NONE', #3039, #4954 ) ;
#660 = DIRECTION ( 'NONE',  ( 3.400677691960634400E-015, -1.000000000000000000, -6.347727701402936100E-047 ) ) ;
#661 = EDGE_CURVE ( 'NONE', #2734, #771, #7653, .T. ) ;
#662 = DIRECTION ( 'NONE',  ( 1.221525339466146400E-016, 1.000000000000000000, -3.542423484451824700E-015 ) ) ;
#663 = ORIENTED_EDGE ( 'NONE', *, *, #7910, .T. ) ;
#664 = LINE ( 'NONE', #1448, #4729 ) ;
#665 = DIRECTION ( 'NONE',  ( -0.9848077530122085800, -0.1736481776669270600, 0.0000000000000000000 ) ) ;
#666 = CARTESIAN_POINT ( 'NONE',  ( -0.3081889763779537300, 0.06299212598425293900, 0.3231889763779529600 ) ) ;
#667 = ADVANCED_FACE ( 'NONE', ( #717 ), #247, .F. ) ;
#668 = EDGE_CURVE ( 'NONE', #6943, #8131, #6661, .T. ) ;
#669 = ORIENTED_EDGE ( 'NONE', *, *, #3644, .T. ) ;
#670 = CARTESIAN_POINT ( 'NONE',  ( -0.1991058788142258700, 0.5618897637795270400, -0.3350000000000001900 ) ) ;
#671 = DIRECTION ( 'NONE',  ( -3.717264591378884600E-015, -3.454814795174027600E-015, -1.000000000000000000 ) ) ;
#672 = DIRECTION ( 'NONE',  ( -3.589083053745131900E-015, 0.0000000000000000000, 1.000000000000000000 ) ) ;
#673 = VECTOR ( 'NONE', #725, 39.37007874015748100 ) ;
#674 = CARTESIAN_POINT ( 'NONE',  ( 0.2018897637795229700, 0.5591058788142251300, -0.3350000000000000200 ) ) ;
#675 = CARTESIAN_POINT ( 'NONE',  ( -0.3081889763779540000, 0.07874015748031489000, -0.3231889763779527400 ) ) ;
#676 = EDGE_CURVE ( 'NONE', #2513, #601, #9515, .T. ) ;
#677 = DIRECTION ( 'NONE',  ( 0.0000000000000000000, 0.0000000000000000000, -1.000000000000000000 ) ) ;
#678 = PRODUCT_DEFINITION_FORMATION_WITH_SPECIFIED_SOURCE ( 'ANY', '', #2208, .NOT_KNOWN. ) ;
#679 = CIRCLE ( 'NONE', #3295, 0.008858267716535422500 ) ;
#680 = DIRECTION ( 'NONE',  ( -3.400677691960634000E-015, 1.000000000000000000, 5.885724984357241400E-047 ) ) ;
#681 = CARTESIAN_POINT ( 'NONE',  ( 0.3121259842519707500, 0.009842519685040438500, 0.3133464566929117800 ) ) ;
#682 = CARTESIAN_POINT ( 'NONE',  ( 0.3114233441086635700, 0.6680601036115232400, 0.3257997836963840200 ) ) ;
#683 = DIRECTION ( 'NONE',  ( 0.0000000000000000000, -2.980685259443202000E-045, -1.000000000000000000 ) ) ;
#684 = AXIS2_PLACEMENT_3D ( 'NONE', #9249, #4666, #287 ) ;
#685 = CYLINDRICAL_SURFACE ( 'NONE', #2181, 0.007874015748031490700 ) ;
#686 = EDGE_LOOP ( 'NONE', ( #4809, #4005, #6067, #6352 ) ) ;
#687 = AXIS2_PLACEMENT_3D ( 'NONE', #5088, #636, #5847 ) ;
#688 = CARTESIAN_POINT ( 'NONE',  ( 0.3200000000000011200, 0.6699217144102483900, -0.3231889763779527400 ) ) ;
#689 = DIRECTION ( 'NONE',  ( -0.0000000000000000000, 2.159095364386093200E-045, 1.000000000000000000 ) ) ;
#690 = DIRECTION ( 'NONE',  ( -3.400677691960634400E-015, 1.000000000000000000, -6.547132841465570100E-047 ) ) ;
#691 = CARTESIAN_POINT ( 'NONE',  ( 0.3081889763779540600, 1.005043008091647500, -0.3231889763779527400 ) ) ;
#692 = AXIS2_PLACEMENT_3D ( 'NONE', #6522, #6451, #9580 ) ;
#693 = SURFACE_STYLE_USAGE ( .BOTH. , #3831 ) ;
#694 = CARTESIAN_POINT ( 'NONE',  ( -0.3054050914126509900, 0.6681889763779532700, 0.3271259842519686500 ) ) ;
#695 = CARTESIAN_POINT ( 'NONE',  ( -0.3121259842519699100, 0.06299212598425303600, 0.3231889763779529600 ) ) ;
#696 = CARTESIAN_POINT ( 'NONE',  ( -0.1786080575173511200, 0.1786080575173447900, -0.3271259842519684800 ) ) ;
#697 = CARTESIAN_POINT ( 'NONE',  ( 0.2850000000000014200, -0.4197056274847707500, 0.06799999999999953300 ) ) ;
#698 = EDGE_CURVE ( 'NONE', #8515, #8503, #7888, .T. ) ;
#699 = EDGE_CURVE ( 'NONE', #3381, #4238, #4312, .T. ) ;
#700 = DIRECTION ( 'NONE',  ( 0.0000000000000000000, -1.000000000000000000, 0.0000000000000000000 ) ) ;
#701 = FACE_OUTER_BOUND ( 'NONE', #1473, .T. ) ;
#702 = VERTEX_POINT ( 'NONE', #966 ) ;
#703 = ORIENTED_EDGE ( 'NONE', *, *, #7796, .F. ) ;
#704 = CARTESIAN_POINT ( 'NONE',  ( 0.1255055738910749700, 0.6307874015748029500, 0.2399521717798882600 ) ) ;
#705 = VECTOR ( 'NONE', #3508, 39.37007874015748100 ) ;
#706 = DIRECTION ( 'NONE',  ( 1.000000000000000000, 3.400677691960634400E-015, -3.084327436331654200E-016 ) ) ;
#707 = ADVANCED_FACE ( 'NONE', ( #137 ), #4893, .T. ) ;
#708 = CARTESIAN_POINT ( 'NONE',  ( 0.2615000000000005100, -0.1249999999999991100, 0.2174999999999995800 ) ) ;
#709 = CARTESIAN_POINT ( 'NONE',  ( 0.2517653116130454400, 0.6327559055118111600, 0.005905511811023648000 ) ) ;
#710 = AXIS2_PLACEMENT_3D ( 'NONE', #3537, #6525, #7397 ) ;
#711 = ORIENTED_EDGE ( 'NONE', *, *, #2711, .T. ) ;
#712 = LINE ( 'NONE', #6773, #4066 ) ;
#713 = EDGE_CURVE ( 'NONE', #1654, #2754, #8476, .T. ) ;
#714 = ORIENTED_EDGE ( 'NONE', *, *, #5055, .F. ) ;
#715 = CYLINDRICAL_SURFACE ( 'NONE', #5001, 0.007874015748031482100 ) ;
#716 = CARTESIAN_POINT ( 'NONE',  ( -0.3199999999999997800, 0.6699217144102476200, -0.3231889763779527400 ) ) ;
#717 = FACE_OUTER_BOUND ( 'NONE', #7410, .T. ) ;
#718 = B_SPLINE_CURVE_WITH_KNOTS ( 'NONE', 1,
 ( #7895, #7834 ),
 .UNSPECIFIED., .F., .F.,
 ( 2, 2 ),
 ( 0.0000000000000000000, 1.000000000000000000 ),
 .UNSPECIFIED. ) ;
#719 = EDGE_LOOP ( 'NONE', ( #5722, #2690, #215, #3120, #7535, #6598, #1438, #3051, #8948, #8692, #8937, #7395, #1558, #988, #7059, #1140, #5390, #6505, #7466, #5611, #5457, #3755, #4317, #7051, #402, #7791, #5684, #1570, #8405, #3726 ) ) ;
#720 = SURFACE_STYLE_USAGE ( .BOTH. , #4409 ) ;
#721 = VERTEX_POINT ( 'NONE', #6188 ) ;
#722 = EDGE_CURVE ( 'NONE', #6556, #8127, #18, .T. ) ;
#723 = DIRECTION ( 'NONE',  ( 0.0000000000000000000, 1.000000000000000000, 0.0000000000000000000 ) ) ;
#724 = ADVANCED_FACE ( 'NONE', ( #3713 ), #5320, .F. ) ;
#725 = DIRECTION ( 'NONE',  ( -1.000000000000000000, 3.454814795174053600E-015, -0.0000000000000000000 ) ) ;
#726 = LINE ( 'NONE', #4939, #979 ) ;
#727 = DIMENSIONAL_EXPONENTS ( 1.000000000000000000, 0.0000000000000000000, 0.0000000000000000000, 0.0000000000000000000, 0.0000000000000000000, 0.0000000000000000000, 0.0000000000000000000 ) ;
#728 = VERTEX_POINT ( 'NONE', #6827 ) ;
#729 = ORIENTED_EDGE ( 'NONE', *, *, #6791, .T. ) ;
#730 = ORIENTED_EDGE ( 'NONE', *, *, #4875, .T. ) ;
#731 = ORIENTED_EDGE ( 'NONE', *, *, #9576, .F. ) ;
#732 = CARTESIAN_POINT ( 'NONE',  ( 0.2517653116130454400, 0.6327559055118111600, 0.06102362204724409700 ) ) ;
#733 = EDGE_CURVE ( 'NONE', #7548, #6709, #4427, .T. ) ;
#734 = LINE ( 'NONE', #6871, #7047 ) ;
#735 = ORIENTED_EDGE ( 'NONE', *, *, #5483, .T. ) ;
#736 = PRODUCT_RELATED_PRODUCT_CATEGORY ( 'part', '', ( #2208 ) ) ;
#737 = CIRCLE ( 'NONE', #7736, 0.03937007874015751400 ) ;
#738 = CARTESIAN_POINT ( 'NONE',  ( -0.1169999999999994500, -0.1603553390593278100, -0.2900000000000004800 ) ) ;
#739 = DIRECTION ( 'NONE',  ( -1.000000000000000000, -3.454814795174053200E-015, 0.0000000000000000000 ) ) ;
#740 = ORIENTED_EDGE ( 'NONE', *, *, #8259, .F. ) ;
#741 = DIRECTION ( 'NONE',  ( -1.000000000000000000, 3.491481338843133400E-015, 0.0000000000000000000 ) ) ;
#742 = FACE_OUTER_BOUND ( 'NONE', #6224, .T. ) ;
#743 = CARTESIAN_POINT ( 'NONE',  ( -0.3101574803149604900, 0.6701574803149607000, -0.6461350581127888200 ) ) ;
#744 = ORIENTED_EDGE ( 'NONE', *, *, #471, .T. ) ;
#745 = EDGE_LOOP ( 'NONE', ( #7313, #174, #2157, #6611 ) ) ;
#746 = LINE ( 'NONE', #2544, #9656 ) ;
#747 = ORIENTED_EDGE ( 'NONE', *, *, #96, .T. ) ;
#748 = ORIENTED_EDGE ( 'NONE', *, *, #4972, .F. ) ;
#749 = FACE_OUTER_BOUND ( 'NONE', #3048, .T. ) ;
#750 = ORIENTED_EDGE ( 'NONE', *, *, #5516, .T. ) ;
#751 = CARTESIAN_POINT ( 'NONE',  ( 0.3200994094488202000, 0.03937007874015635600, 0.2811417322834610700 ) ) ;
#752 = FILL_AREA_STYLE_COLOUR ( '', #3138 ) ;
#753 = VECTOR ( 'NONE', #4046, 39.37007874015748100 ) ;
#754 = AXIS2_PLACEMENT_3D ( 'NONE', #822, #7640, #7611 ) ;
#755 = DIRECTION ( 'NONE',  ( 4.336808689941968800E-015, 0.0000000000000000000, -1.000000000000000000 ) ) ;
#756 = DIRECTION ( 'NONE',  ( 0.0000000000000000000, 1.000000000000000000, 0.0000000000000000000 ) ) ;
#757 = EDGE_CURVE ( 'NONE', #6230, #490, #972, .T. ) ;
#758 = VERTEX_POINT ( 'NONE', #5451 ) ;
#759 = EDGE_LOOP ( 'NONE', ( #2489, #984, #6731, #5546 ) ) ;
#760 = VERTEX_POINT ( 'NONE', #4688 ) ;
#761 = VECTOR ( 'NONE', #114, 39.37007874015748100 ) ;
#762 = MANIFOLD_SOLID_BREP ( 'Boss-Extrude3[3]', #5083 ) ;
#763 = ORIENTED_EDGE ( 'NONE', *, *, #4989, .F. ) ;
#764 = CARTESIAN_POINT ( 'NONE',  ( 0.3200000000000021200, 0.02362204724409333900, -0.04759842519685389400 ) ) ;
#765 = AXIS2_PLACEMENT_3D ( 'NONE', #5454, #8575, #3243 ) ;
#766 = PLANE ( 'NONE',  #3991 ) ;
#767 = CARTESIAN_POINT ( 'NONE',  ( 0.3200994094488203200, 0.07874015748031271100, -0.1853937007874011700 ) ) ;
#768 = DIRECTION ( 'NONE',  ( 0.9988628052076765600, -0.0000000000000000000, 0.04767700045778141400 ) ) ;
#769 = LINE ( 'NONE', #926, #898 ) ;
#770 = CARTESIAN_POINT ( 'NONE',  ( 0.3200994094488200900, 0.01574803149606184000, -0.03972440944882241200 ) ) ;
#771 = VERTEX_POINT ( 'NONE', #9231 ) ;
#772 = LINE ( 'NONE', #878, #6963 ) ;
#773 = ADVANCED_FACE ( 'NONE', ( #5734 ), #1805, .F. ) ;
#774 = EDGE_CURVE ( 'NONE', #8635, #7908, #4074, .T. ) ;
#775 = VERTEX_POINT ( 'NONE', #7816 ) ;
#776 = VECTOR ( 'NONE', #5476, 39.37007874015748900 ) ;
#777 = DIRECTION ( 'NONE',  ( -0.0000000000000000000, 2.255523494348928600E-045, 1.000000000000000000 ) ) ;
#778 = CARTESIAN_POINT ( 'NONE',  ( -0.3121259842519711300, -0.1256299212598414600, -0.1046850393700783100 ) ) ;
#779 = DIRECTION ( 'NONE',  ( 0.0000000000000000000, 0.0000000000000000000, 1.000000000000000000 ) ) ;
#780 = LINE ( 'NONE', #4263, #6972 ) ;
#781 = CARTESIAN_POINT ( 'NONE',  ( 0.3071149738966094700, 0.6745144169278318700, 0.3331633977070581600 ) ) ;
#782 = ORIENTED_EDGE ( 'NONE', *, *, #7959, .T. ) ;
#783 = VECTOR ( 'NONE', #3113, 39.37007874015748100 ) ;
#784 = ORIENTED_EDGE ( 'NONE', *, *, #8356, .F. ) ;
#785 = ADVANCED_FACE ( 'NONE', ( #5135 ), #9260, .T. ) ;
#786 = VECTOR ( 'NONE', #6057, 39.37007874015748100 ) ;
#787 = DIMENSIONAL_EXPONENTS ( 1.000000000000000000, 0.0000000000000000000, 0.0000000000000000000, 0.0000000000000000000, 0.0000000000000000000, 0.0000000000000000000, 0.0000000000000000000 ) ;
#788 = EDGE_CURVE ( 'NONE', #2251, #9156, #369, .T. ) ;
#789 = DIRECTION ( 'NONE',  ( -1.000000000000000000, 0.0000000000000000000, -0.0000000000000000000 ) ) ;
#790 = CARTESIAN_POINT ( 'NONE',  ( 0.3200994094488203200, 0.07086614173228121500, -0.1775196850393696300 ) ) ;
#791 = CARTESIAN_POINT ( 'NONE',  ( 0.0000000000000000000, 0.6793245162391586800, 0.3271259842519689300 ) ) ;
#792 = DIRECTION ( 'NONE',  ( -1.000000000000000000, -3.468166398206581100E-015, 0.0000000000000000000 ) ) ;
#793 = DIRECTION ( 'NONE',  ( 0.0000000000000000000, 0.0000000000000000000, -1.000000000000000000 ) ) ;
#794 = VERTEX_POINT ( 'NONE', #3992 ) ;
#795 = CIRCLE ( 'NONE', #4096, 0.007874015748031499400 ) ;
#796 = EDGE_LOOP ( 'NONE', ( #4447, #3061, #263, #6593 ) ) ;
#797 = CARTESIAN_POINT ( 'NONE',  ( 0.3200000000000020600, 0.05511811023621931300, -0.04759842519685392200 ) ) ;
#798 = B_SPLINE_CURVE_WITH_KNOTS ( 'NONE', 3,
 ( #6093, #9183, #9224, #200 ),
 .UNSPECIFIED., .F., .F.,
 ( 4, 4 ),
 ( 0.0000000000000000000, 1.000000000000000000 ),
 .UNSPECIFIED. ) ;
#799 = CARTESIAN_POINT ( 'NONE',  ( -0.3102974565612449700, 0.6671149738966100100, -0.3265137834876557000 ) ) ;
#800 = AXIS2_PLACEMENT_3D ( 'NONE', #3721, #6756, #2288 ) ;
#801 = ORIENTED_EDGE ( 'NONE', *, *, #7507, .T. ) ;
#802 = PRESENTATION_LAYER_ASSIGNMENT (  '', '', ( #8157 ) ) ;
#803 = VECTOR ( 'NONE', #4139, 39.37007874015748100 ) ;
#804 = CARTESIAN_POINT ( 'NONE',  ( 0.3121259842519696300, 0.6701574803149607000, 0.3231889763779528500 ) ) ;
#805 = EDGE_CURVE ( 'NONE', #3780, #8142, #7762, .T. ) ;
#806 = CARTESIAN_POINT ( 'NONE',  ( -1.248692419008934400, 0.6701574803149555900, 0.3271259842519668700 ) ) ;
#807 = FILL_AREA_STYLE_COLOUR ( '', #5549 ) ;
#808 = DIRECTION ( 'NONE',  ( -0.0000000000000000000, -2.255523494348928600E-045, -1.000000000000000000 ) ) ;
#809 = CARTESIAN_POINT ( 'NONE',  ( -0.1670000000000000100, 0.009842519685038807900, -0.1740000000000004600 ) ) ;
#810 = CARTESIAN_POINT ( 'NONE',  ( -0.3199999999999999500, 0.6747956584452605700, -0.3293732138850193300 ) ) ;
#811 = LINE ( 'NONE', #6753, #9371 ) ;
#812 = EDGE_CURVE ( 'NONE', #8490, #7192, #7638, .T. ) ;
#813 = DIRECTION ( 'NONE',  ( 0.0000000000000000000, -1.000000000000000000, 0.0000000000000000000 ) ) ;
#814 = EDGE_CURVE ( 'NONE', #2447, #644, #587, .T. ) ;
#815 =( LENGTH_UNIT ( ) NAMED_UNIT ( * ) SI_UNIT ( $, .METRE. ) );
#816 = ADVANCED_FACE ( 'NONE', ( #8353 ), #3219, .T. ) ;
#817 = CARTESIAN_POINT ( 'NONE',  ( 0.3200994094488202600, 0.05511811023621931300, -0.1224015748031491900 ) ) ;
#818 = CARTESIAN_POINT ( 'NONE',  ( -0.6200168187639134600, 0.6681889763779529400, -0.3231889763779528000 ) ) ;
#819 = AXIS2_PLACEMENT_3D ( 'NONE', #6670, #9704, #706 ) ;
#820 = CARTESIAN_POINT ( 'NONE',  ( 0.3200000000000021700, 7.392209930355961500E-016, 0.1630314960629885300 ) ) ;
#821 = CARTESIAN_POINT ( 'NONE',  ( 0.2018897637795229500, 0.5591058788142251300, -0.3271259842519685400 ) ) ;
#822 = CARTESIAN_POINT ( 'NONE',  ( -0.3121259842519711300, -0.1256299212598414600, -0.06531496062992479800 ) ) ;
#823 = CARTESIAN_POINT ( 'NONE',  ( 0.3099217144102475200, 0.6800000000000003800, 0.3231889763779529600 ) ) ;
#824 = ADVANCED_FACE ( 'NONE', ( #1875 ), #1046, .F. ) ;
#825 = VECTOR ( 'NONE', #1594, 39.37007874015748100 ) ;
#826 = CARTESIAN_POINT ( 'NONE',  ( 0.3121259842519698000, 0.6689861342390355200, -0.3245087043922664200 ) ) ;
#827 = CARTESIAN_POINT ( 'NONE',  ( -0.1968503937007874100, 0.6721259842519685700, 0.005905511811023646300 ) ) ;
#828 = DIRECTION ( 'NONE',  ( 2.134256245050203900E-015, 7.250429437105279800E-030, -1.000000000000000000 ) ) ;
#829 = AXIS2_PLACEMENT_3D ( 'NONE', #227, #2503, #3086 ) ;
#830 = LINE ( 'NONE', #1029, #581 ) ;
#831 = CARTESIAN_POINT ( 'NONE',  ( 0.3189392411772620200, 0.6752951442791661500, -0.3219122744137262700 ) ) ;
#832 = EDGE_CURVE ( 'NONE', #8967, #3790, #9632, .T. ) ;
#833 = EDGE_LOOP ( 'NONE', ( #3076, #1458, #4686, #7168 ) ) ;
#834 = FACE_OUTER_BOUND ( 'NONE', #9654, .T. ) ;
#835 = EDGE_CURVE ( 'NONE', #1133, #5132, #1314, .T. ) ;
#836 = LINE ( 'NONE', #2530, #3834 ) ;
#837 = DIRECTION ( 'NONE',  ( 1.000000000000000000, 3.400677691960634400E-015, -1.401298464324817100E-045 ) ) ;
#838 = LINE ( 'NONE', #7022, #249 ) ;
#839 = ORIENTED_EDGE ( 'NONE', *, *, #1611, .F. ) ;
#840 = VECTOR ( 'NONE', #5172, 39.37007874015748900 ) ;
#841 = CARTESIAN_POINT ( 'NONE',  ( 0.3081889763779540600, 1.005043008091647500, -0.3231889763779527400 ) ) ;
#842 = DIRECTION ( 'NONE',  ( 0.0000000000000000000, 1.000000000000000000, 0.0000000000000000000 ) ) ;
#843 = DIRECTION ( 'NONE',  ( -1.000000000000000000, -3.468166398206581100E-015, -8.758115402030106700E-047 ) ) ;
#844 = DIRECTION ( 'NONE',  ( -1.000000000000000000, 0.0000000000000000000, 0.0000000000000000000 ) ) ;
#845 = ORIENTED_EDGE ( 'NONE', *, *, #7339, .F. ) ;
#846 = ORIENTED_EDGE ( 'NONE', *, *, #805, .T. ) ;
#847 = EDGE_LOOP ( 'NONE', ( #9242, #4598, #5869, #8823 ) ) ;
#848 = CARTESIAN_POINT ( 'NONE',  ( 0.1830000000000000000, 0.009842519685039994400, -0.2740000000000004700 ) ) ;
#849 = EDGE_LOOP ( 'NONE', ( #7370, #6650, #8599, #255 ) ) ;
#850 = CARTESIAN_POINT ( 'NONE',  ( 0.2519685039370079800, 0.6465354330708685800, 0.08464566929133855700 ) ) ;
#851 = PRESENTATION_LAYER_ASSIGNMENT (  '', '', ( #1238 ) ) ;
#852 = VECTOR ( 'NONE', #4603, 39.37007874015748100 ) ;
#853 = ORIENTED_EDGE ( 'NONE', *, *, #7424, .T. ) ;
#854 = VERTEX_POINT ( 'NONE', #7019 ) ;
#855 = VECTOR ( 'NONE', #2152, 39.37007874015748100 ) ;
#856 = ORIENTED_EDGE ( 'NONE', *, *, #7244, .F. ) ;
#857 = EDGE_CURVE ( 'NONE', #9162, #8490, #3259, .T. ) ;
#858 = LINE ( 'NONE', #8619, #4568 ) ;
#859 = DIRECTION ( 'NONE',  ( -1.000000000000000000, -3.414809992080328300E-015, 0.0000000000000000000 ) ) ;
#860 = DIRECTION ( 'NONE',  ( 1.000000000000000000, -0.0000000000000000000, -0.0000000000000000000 ) ) ;
#861 = VERTEX_POINT ( 'NONE', #8549 ) ;
#862 = B_SPLINE_CURVE_WITH_KNOTS ( 'NONE', 3,
 ( #5878, #1414, #1513, #1455, #4482, #7495 ),
 .UNSPECIFIED., .F., .F.,
 ( 4, 2, 4 ),
 ( 0.0000000000000000000, 0.5000000000000000000, 1.000000000000000000 ),
 .UNSPECIFIED. ) ;
#863 = DIRECTION ( 'NONE',  ( 3.468166398206574000E-015, -1.000000000000000000, 7.407896938091064000E-030 ) ) ;
#864 = EDGE_LOOP ( 'NONE', ( #5311, #7790, #729, #3224 ) ) ;
#865 = ORIENTED_EDGE ( 'NONE', *, *, #6164, .F. ) ;
#866 = EDGE_CURVE ( 'NONE', #7376, #3727, #6075, .T. ) ;
#867 = DIRECTION ( 'NONE',  ( 0.9848077530122085800, -0.1736481776669270600, 0.0000000000000000000 ) ) ;
#868 = VECTOR ( 'NONE', #2731, 39.37007874015748100 ) ;
#869 = ORIENTED_EDGE ( 'NONE', *, *, #2436, .T. ) ;
#870 = ORIENTED_EDGE ( 'NONE', *, *, #8498, .T. ) ;
#871 = ORIENTED_EDGE ( 'NONE', *, *, #7630, .T. ) ;
#872 = DIRECTION ( 'NONE',  ( 4.870563516384232900E-030, 2.087764443346746500E-016, 1.000000000000000000 ) ) ;
#873 = DIRECTION ( 'NONE',  ( -0.0000000000000000000, -1.000000000000000000, -0.0000000000000000000 ) ) ;
#874 = LINE ( 'NONE', #6964, #3292 ) ;
#875 = ADVANCED_FACE ( 'NONE', ( #5842 ), #3235, .T. ) ;
#876 = EDGE_CURVE ( 'NONE', #4451, #998, #836, .T. ) ;
#877 = EDGE_LOOP ( 'NONE', ( #8038, #3594, #9630, #7077 ) ) ;
#878 = CARTESIAN_POINT ( 'NONE',  ( 0.3121259842519705200, 0.05511811023622149900, -0.1046850393700783500 ) ) ;
#879 = CARTESIAN_POINT ( 'NONE',  ( 0.3054050914126513700, 0.6681889763779533800, 0.3271259842519682600 ) ) ;
#880 = LINE ( 'NONE', #8681, #1690 ) ;
#881 = ORIENTED_EDGE ( 'NONE', *, *, #2939, .T. ) ;
#882 = ORIENTED_EDGE ( 'NONE', *, *, #8223, .F. ) ;
#884 = CARTESIAN_POINT ( 'NONE',  ( 0.3119138324874210500, 0.6711850131078018800, -0.3219122744137262700 ) ) ;
#883 = VECTOR ( 'NONE', #5299, 39.37007874015748100 ) ;
#885 = PLANE ( 'NONE',  #9082 ) ;
#886 = ORIENTED_EDGE ( 'NONE', *, *, #8174, .T. ) ;
#887 = LINE ( 'NONE', #4085, #2376 ) ;
#888 = DIRECTION ( 'NONE',  ( -1.000000000000000000, -3.454814795174053200E-015, 0.0000000000000000000 ) ) ;
#889 = ADVANCED_FACE ( 'NONE', ( #3019 ), #8442, .F. ) ;
#890 = CARTESIAN_POINT ( 'NONE',  ( 0.3081889763779528400, 0.6662204724409450700, -0.3271259842519685400 ) ) ;
#891 = VERTEX_POINT ( 'NONE', #198 ) ;
#892 = VECTOR ( 'NONE', #7021, 39.37007874015748100 ) ;
#893 = DIRECTION ( 'NONE',  ( -0.0000000000000000000, 1.548860246407863300E-016, -1.000000000000000000 ) ) ;
#894 = MECHANICAL_DESIGN_GEOMETRIC_PRESENTATION_REPRESENTATION (  '', ( #364 ), #1027 ) ;
#895 = DIRECTION ( 'NONE',  ( -1.000000000000000000, -3.400677691960634400E-015, 1.401298464324817100E-045 ) ) ;
#896 = ORIENTED_EDGE ( 'NONE', *, *, #2908, .T. ) ;
#897 = VECTOR ( 'NONE', #7780, 39.37007874015748100 ) ;
#898 = VECTOR ( 'NONE', #8362, 39.37007874015748100 ) ;
#899 = EDGE_LOOP ( 'NONE', ( #5198, #9675, #1231, #6497 ) ) ;
#900 = VECTOR ( 'NONE', #2965, 39.37007874015748100 ) ;
#901 = AXIS2_PLACEMENT_3D ( 'NONE', #1433, #5223, #1562 ) ;
#902 = CARTESIAN_POINT ( 'NONE',  ( 0.2129933528330372500, 0.6259193630839793300, 0.06102362204724409700 ) ) ;
#903 = FACE_OUTER_BOUND ( 'NONE', #2057, .T. ) ;
#904 = CARTESIAN_POINT ( 'NONE',  ( -0.3121259842519694700, 0.6699217144102483900, 0.3231889763779530200 ) ) ;
#905 = DIRECTION ( 'NONE',  ( 0.04767700045778141400, 0.0000000000000000000, 0.9988628052076765600 ) ) ;
#906 = ORIENTED_EDGE ( 'NONE', *, *, #3746, .F. ) ;
#907 = VECTOR ( 'NONE', #4759, 39.37007874015748100 ) ;
#908 = DIRECTION ( 'NONE',  ( 0.0000000000000000000, 0.0000000000000000000, 1.000000000000000000 ) ) ;
#909 = CARTESIAN_POINT ( 'NONE',  ( 0.1813919424826507800, 0.1813919424826528600, 0.3271259842519698700 ) ) ;
#910 = EDGE_CURVE ( 'NONE', #794, #1691, #7267, .T. ) ;
#911 = CARTESIAN_POINT ( 'NONE',  ( 0.3121259842519705200, 0.05511811023622149900, -0.1046850393700783500 ) ) ;
#912 = DIRECTION ( 'NONE',  ( 0.7071067811865486800, -0.7071067811865463500, 0.0000000000000000000 ) ) ;
#913 = DIRECTION ( 'NONE',  ( -3.400677691960634400E-015, 1.000000000000000000, 6.347727701402936100E-047 ) ) ;
#914 = LINE ( 'NONE', #6161, #6373 ) ;
#915 = VERTEX_POINT ( 'NONE', #9276 ) ;
#916 = ADVANCED_FACE ( 'NONE', ( #125 ), #1061, .F. ) ;
#917 = VECTOR ( 'NONE', #4994, 39.37007874015748100 ) ;
#918 = CARTESIAN_POINT ( 'NONE',  ( -0.3200000000000020600, 0.06299212598425306400, 0.2890157480314925500 ) ) ;
#919 = ORIENTED_EDGE ( 'NONE', *, *, #519, .F. ) ;
#920 = CARTESIAN_POINT ( 'NONE',  ( -0.3081889763779484000, 0.6654050914126514700, 0.3350000000000005800 ) ) ;
#921 = AXIS2_PLACEMENT_3D ( 'NONE', #9347, #6346, #1823 ) ;
#922 = ORIENTED_EDGE ( 'NONE', *, *, #5545, .F. ) ;
#923 = LINE ( 'NONE', #5594, #9600 ) ;
#924 = CARTESIAN_POINT ( 'NONE',  ( 0.3101574803149606000, 0.6681889763779533800, 0.3349999999999998500 ) ) ;
#925 = EDGE_CURVE ( 'NONE', #2849, #5661, #5008, .T. ) ;
#926 = CARTESIAN_POINT ( 'NONE',  ( 0.0000000000000000000, 0.6799999999999999400, 0.2818503937007870700 ) ) ;
#927 = ADVANCED_FACE ( 'NONE', ( #8110 ), #4772, .T. ) ;
#928 = SURFACE_STYLE_USAGE ( .BOTH. , #6086 ) ;
#929 = CARTESIAN_POINT ( 'NONE',  ( 0.2517653116130454400, 0.6800000000000001600, 0.005905511811023646300 ) ) ;
#930 = CIRCLE ( 'NONE', #6366, 0.007874015748031508100 ) ;
#931 = CARTESIAN_POINT ( 'NONE',  ( -0.3121259842519681900, 0.6747956584452605700, -0.3293732138850193300 ) ) ;
#932 = B_SPLINE_CURVE_WITH_KNOTS ( 'NONE', 1,
 ( #3961, #1018 ),
 .UNSPECIFIED., .F., .F.,
 ( 2, 2 ),
 ( 0.0000000000000000000, 1.000000000000000000 ),
 .UNSPECIFIED. ) ;
#933 = CARTESIAN_POINT ( 'NONE',  ( -0.3145144169278268900, 0.6671149738966100100, -0.3331633977070616000 ) ) ;
#934 = EDGE_CURVE ( 'NONE', #2120, #8503, #5581, .T. ) ;
#935 = AXIS2_PLACEMENT_3D ( 'NONE', #7380, #2872, #677 ) ;
#936 = DIRECTION ( 'NONE',  ( -3.348887019260232700E-015, 1.000000000000000000, 0.0000000000000000000 ) ) ;
#937 = ADVANCED_FACE ( 'NONE', ( #7876 ), #251, .F. ) ;
#938 = AXIS2_PLACEMENT_3D ( 'NONE', #2006, #7987, #2742 ) ;
#939 = CARTESIAN_POINT ( 'NONE',  ( -0.2362204724409470400, 0.6307874015748017300, 0.1689370078740163900 ) ) ;
#940 = DIRECTION ( 'NONE',  ( -0.5773502691896224000, -0.5773502691896274000, 0.5773502691896272900 ) ) ;
#941 = FACE_OUTER_BOUND ( 'NONE', #1675, .T. ) ;
#942 = DIRECTION ( 'NONE',  ( 3.454814795174053600E-015, 1.000000000000000000, 2.957351434994952800E-016 ) ) ;
#943 = FILL_AREA_STYLE ('',( #110 ) ) ;
#944 = MECHANICAL_DESIGN_GEOMETRIC_PRESENTATION_REPRESENTATION (  '', ( #6549 ), #8302 ) ;
#945 = EDGE_CURVE ( 'NONE', #7450, #6819, #1081, .T. ) ;
#946 = DIRECTION ( 'NONE',  ( 1.000000000000000000, 3.454814795174053200E-015, -0.0000000000000000000 ) ) ;
#947 = CARTESIAN_POINT ( 'NONE',  ( -0.3101574803149606000, 0.6800000000000001600, 0.3230102407095416500 ) ) ;
#948 = CARTESIAN_POINT ( 'NONE',  ( 0.2362204724409427400, 0.6307874015748031700, -0.01771653543307089700 ) ) ;
#949 = ORIENTED_EDGE ( 'NONE', *, *, #8803, .F. ) ;
#950 = CARTESIAN_POINT ( 'NONE',  ( -0.1648756526312368200, 0.6701574803149592500, 0.2793222505200456700 ) ) ;
#951 = CARTESIAN_POINT ( 'NONE',  ( 0.2697101235488635300, 0.6799999999999999400, 0.1791338582677165500 ) ) ;
#952 = DIRECTION ( 'NONE',  ( -1.000000000000000000, 3.454814795174053200E-015, -0.0000000000000000000 ) ) ;
#953 = CARTESIAN_POINT ( 'NONE',  ( -0.08267716535433289300, 0.6307874015748022900, 0.2399521717798882300 ) ) ;
#954 = AXIS2_PLACEMENT_3D ( 'NONE', #6766, #842, #4581 ) ;
#955 = LINE ( 'NONE', #7018, #6538 ) ;
#956 = ORIENTED_EDGE ( 'NONE', *, *, #866, .F. ) ;
#957 = ORIENTED_EDGE ( 'NONE', *, *, #5683, .T. ) ;
#958 = LINE ( 'NONE', #1396, #3366 ) ;
#959 = CARTESIAN_POINT ( 'NONE',  ( 0.3081889763779569500, 0.01574803149606399500, 0.3271259842519674300 ) ) ;
#960 = EDGE_CURVE ( 'NONE', #2340, #4834, #7033, .T. ) ;
#961 = DIRECTION ( 'NONE',  ( 1.000000000000000000, 3.400677691960634400E-015, 0.0000000000000000000 ) ) ;
#962 = DIRECTION ( 'NONE',  ( 1.000000000000000000, 0.0000000000000000000, 0.0000000000000000000 ) ) ;
#963 = VERTEX_POINT ( 'NONE', #4018 ) ;
#964 = PLANE ( 'NONE',  #8048 ) ;
#965 = FACE_OUTER_BOUND ( 'NONE', #3393, .T. ) ;
#966 = CARTESIAN_POINT ( 'NONE',  ( 0.3200000000000027800, -0.1649999999999989300, -0.07440425949313597700 ) ) ;
#967 = AXIS2_PLACEMENT_3D ( 'NONE', #691, #4320, #9591 ) ;
#968 = VERTEX_POINT ( 'NONE', #6959 ) ;
#969 = ORIENTED_EDGE ( 'NONE', *, *, #8488, .T. ) ;
#970 = ORIENTED_EDGE ( 'NONE', *, *, #2771, .T. ) ;
#971 = VERTEX_POINT ( 'NONE', #3211 ) ;
#972 = LINE ( 'NONE', #3929, #2229 ) ;
#973 = VERTEX_POINT ( 'NONE', #8502 ) ;
#974 = DIRECTION ( 'NONE',  ( -2.134256245050208600E-015, -7.259470419831881000E-030, 1.000000000000000000 ) ) ;
#975 = CARTESIAN_POINT ( 'NONE',  ( 0.1574803149606287300, 0.07874015748031325300, -0.3271259842519697600 ) ) ;
#976 = STYLED_ITEM ( 'NONE', ( #2042 ), #7607 ) ;
#977 = ORIENTED_EDGE ( 'NONE', *, *, #1060, .T. ) ;
#978 = CARTESIAN_POINT ( 'NONE',  ( 0.2362204724409439300, 0.2764566929133857600, -0.1066535433070859000 ) ) ;
#979 = VECTOR ( 'NONE', #483, 39.37007874015748100 ) ;
#980 = EDGE_CURVE ( 'NONE', #4559, #6790, #2783, .T. ) ;
#981 = DIRECTION ( 'NONE',  ( -0.0000000000000000000, -1.000000000000000000, -0.0000000000000000000 ) ) ;
#982 = ORIENTED_EDGE ( 'NONE', *, *, #6567, .F. ) ;
#983 = ORIENTED_EDGE ( 'NONE', *, *, #3571, .F. ) ;
#984 = ORIENTED_EDGE ( 'NONE', *, *, #8779, .F. ) ;
#985 = VERTEX_POINT ( 'NONE', #4042 ) ;
#986 = VECTOR ( 'NONE', #6632, 39.37007874015748900 ) ;
#987 = ADVANCED_FACE ( 'NONE', ( #5043 ), #7095, .F. ) ;
#988 = ORIENTED_EDGE ( 'NONE', *, *, #3596, .F. ) ;
#989 = VECTOR ( 'NONE', #6048, 39.37007874015748100 ) ;
#990 = ORIENTED_EDGE ( 'NONE', *, *, #4468, .F. ) ;
#991 = CARTESIAN_POINT ( 'NONE',  ( -3.414809992080329000E-017, 0.009842519685039378600, 0.0000000000000000000 ) ) ;
#992 = CARTESIAN_POINT ( 'NONE',  ( -0.1181102362204724500, 0.6721259842519685700, 0.2897244094488185500 ) ) ;
#993 = DIRECTION ( 'NONE',  ( -1.000000000000000000, -0.0000000000000000000, 0.0000000000000000000 ) ) ;
#994 = LINE ( 'NONE', #5761, #264 ) ;
#995 = PLANE ( 'NONE',  #3799 ) ;
#996 = DIRECTION ( 'NONE',  ( -1.000000000000000000, -3.414809992080327900E-015, -2.189528850507526700E-047 ) ) ;
#997 = ORIENTED_EDGE ( 'NONE', *, *, #3422, .F. ) ;
#998 = VERTEX_POINT ( 'NONE', #4884 ) ;
#999 = AXIS2_PLACEMENT_3D ( 'NONE', #7250, #9569, #6576 ) ;
#1000 = LINE ( 'NONE', #4835, #5880 ) ;
#1001 = CARTESIAN_POINT ( 'NONE',  ( -0.3054050914126513700, 0.6681889763779537100, 0.3323753280839895600 ) ) ;
#1002 = ORIENTED_EDGE ( 'NONE', *, *, #4617, .F. ) ;
#1003 = ORIENTED_EDGE ( 'NONE', *, *, #9067, .T. ) ;
#1004 = VECTOR ( 'NONE', #8156, 39.37007874015748100 ) ;
#1005 = ORIENTED_EDGE ( 'NONE', *, *, #1979, .T. ) ;
#1006 = DIRECTION ( 'NONE',  ( 0.0000000000000000000, -1.000000000000000000, 0.0000000000000000000 ) ) ;
#1007 = DIRECTION ( 'NONE',  ( -0.0000000000000000000, -1.000000000000000000, -0.0000000000000000000 ) ) ;
#1008 = EDGE_CURVE ( 'NONE', #3336, #9087, #6688, .T. ) ;
#1009 = EDGE_LOOP ( 'NONE', ( #4325, #1270, #1032, #2602 ) ) ;
#1010 = FILL_AREA_STYLE_COLOUR ( '', #9177 ) ;
#1011 = EDGE_LOOP ( 'NONE', ( #4175, #4071, #3036, #3778 ) ) ;
#1012 = VERTEX_POINT ( 'NONE', #1880 ) ;
#1013 = VECTOR ( 'NONE', #553, 39.37007874015748100 ) ;
#1014 = ORIENTED_EDGE ( 'NONE', *, *, #3413, .T. ) ;
#1015 = EDGE_CURVE ( 'NONE', #7948, #3637, #1460, .T. ) ;
#1016 = DIRECTION ( 'NONE',  ( -1.000000000000000000, 3.454814795174053600E-015, -0.0000000000000000000 ) ) ;
#1017 = EDGE_CURVE ( 'NONE', #2355, #6107, #5289, .T. ) ;
#1018 = CARTESIAN_POINT ( 'NONE',  ( -0.3121259842519696900, 0.6699217144102476200, -0.3231889763779527400 ) ) ;
#1019 = LINE ( 'NONE', #1252, #8753 ) ;
#1020 = ORIENTED_EDGE ( 'NONE', *, *, #8214, .T. ) ;
#1021 = LINE ( 'NONE', #5357, #1139 ) ;
#1022 = CARTESIAN_POINT ( 'NONE',  ( 0.2517653116130454400, 0.6799999999999999400, 0.06102362204724409700 ) ) ;
#1023 = ORIENTED_EDGE ( 'NONE', *, *, #9128, .F. ) ;
#1024 = LINE ( 'NONE', #8868, #646 ) ;
#1025 = PLANE ( 'NONE',  #2249 ) ;
#1026 = DIRECTION ( 'NONE',  ( 0.0000000000000000000, 1.000000000000000000, 0.0000000000000000000 ) ) ;
#1027 =( GEOMETRIC_REPRESENTATION_CONTEXT ( 3 ) GLOBAL_UNCERTAINTY_ASSIGNED_CONTEXT ( ( #221 ) ) GLOBAL_UNIT_ASSIGNED_CONTEXT ( ( #7799, #7053, #6342 ) ) REPRESENTATION_CONTEXT ( 'NONE', 'WORKASPACE' ) );
#1028 = PLANE ( 'NONE',  #5115 ) ;
#1029 = CARTESIAN_POINT ( 'NONE',  ( -0.1830000000000000200, 0.009842519685038747200, -0.1740000000000004900 ) ) ;
#1030 = EDGE_LOOP ( 'NONE', ( #8701, #5280, #4805, #983, #3608, #5971, #4736, #5875, #6424, #4336 ) ) ;
#1031 = VECTOR ( 'NONE', #6861, 39.37007874015748100 ) ;
#1032 = ORIENTED_EDGE ( 'NONE', *, *, #9118, .T. ) ;
#1033 = CARTESIAN_POINT ( 'NONE',  ( -0.2697101235488635900, 0.6799999999999999400, 0.1791338582677165200 ) ) ;
#1034 = FACE_OUTER_BOUND ( 'NONE', #7331, .T. ) ;
#1035 = DIRECTION ( 'NONE',  ( 1.000000000000000000, 3.400677691960634400E-015, 3.084327436331655200E-016 ) ) ;
#1036 = CARTESIAN_POINT ( 'NONE',  ( 0.1993155062576538500, 0.5938824353915139700, 0.1320320416907271000 ) ) ;
#1037 = AXIS2_PLACEMENT_3D ( 'NONE', #4094, #1941, #5691 ) ;
#1038 = CARTESIAN_POINT ( 'NONE',  ( -0.3071149738966094700, 0.6745144169278312100, -0.3331633977070582700 ) ) ;
#1039 = DIRECTION ( 'NONE',  ( -0.0000000000000000000, 0.0000000000000000000, -1.000000000000000000 ) ) ;
#1040 = ORIENTED_EDGE ( 'NONE', *, *, #4250, .T. ) ;
#1041 = DIRECTION ( 'NONE',  ( -1.000000000000000000, 3.454814795174053200E-015, -0.0000000000000000000 ) ) ;
#1042 = ADVANCED_FACE ( 'NONE', ( #4341 ), #6817, .F. ) ;
#1043 = FACE_OUTER_BOUND ( 'NONE', #2588, .T. ) ;
#1044 = AXIS2_PLACEMENT_3D ( 'NONE', #8311, #6723, #8339 ) ;
#1045 = VERTEX_POINT ( 'NONE', #5673 ) ;
#1046 = PLANE ( 'NONE',  #8340 ) ;
#1047 = CARTESIAN_POINT ( 'NONE',  ( 0.08300000000000047600, -0.1249999999999997200, -0.2900000000000004800 ) ) ;
#1048 = EDGE_CURVE ( 'NONE', #9445, #3724, #3634, .T. ) ;
#1049 = ORIENTED_EDGE ( 'NONE', *, *, #9611, .T. ) ;
#1050 = EDGE_CURVE ( 'NONE', #3268, #5760, #7072, .T. ) ;
#1051 = DIRECTION ( 'NONE',  ( -1.100992305138869600E-016, -3.097720492815726300E-015, -1.000000000000000000 ) ) ;
#1052 = DIRECTION ( 'NONE',  ( 0.0000000000000000000, 0.0000000000000000000, 1.000000000000000000 ) ) ;
#1053 = CARTESIAN_POINT ( 'NONE',  ( -0.3101574803149606000, 0.6800000000000001600, -0.3230102407095410400 ) ) ;
#1054 = EDGE_LOOP ( 'NONE', ( #6618, #6179, #293, #6897 ) ) ;
#1055 = LINE ( 'NONE', #1920, #6511 ) ;
#1056 = EDGE_CURVE ( 'NONE', #1218, #9398, #9204, .T. ) ;
#1057 = DIRECTION ( 'NONE',  ( -1.000000000000000000, 0.0000000000000000000, 0.0000000000000000000 ) ) ;
#1058 = DIRECTION ( 'NONE',  ( -3.400677691960634000E-015, 1.000000000000000000, 1.889265384422574300E-016 ) ) ;
#1059 = LINE ( 'NONE', #6132, #7848 ) ;
#1060 = EDGE_CURVE ( 'NONE', #2026, #1078, #4807, .T. ) ;
#1061 = PLANE ( 'NONE',  #3578 ) ;
#1062 = DIRECTION ( 'NONE',  ( 0.0000000000000000000, 6.771483972229765400E-045, -1.000000000000000000 ) ) ;
#1063 = CARTESIAN_POINT ( 'NONE',  ( 0.3200994094488202600, 0.05511811023621931300, -0.1135433070866137500 ) ) ;
#1064 = DIRECTION ( 'NONE',  ( 0.0000000000000000000, 0.0000000000000000000, -1.000000000000000000 ) ) ;
#1065 = EDGE_CURVE ( 'NONE', #1649, #5212, #3298, .T. ) ;
#1066 = CARTESIAN_POINT ( 'NONE',  ( 0.3101574803149608800, 0.5618897637795281500, 0.3350000000000002400 ) ) ;
#1067 = DIRECTION ( 'NONE',  ( -1.000000000000000000, -3.468166398206581500E-015, 1.642146637880645000E-047 ) ) ;
#1068 = DIRECTION ( 'NONE',  ( 0.0000000000000000000, 0.0000000000000000000, -1.000000000000000000 ) ) ;
#1069 = CARTESIAN_POINT ( 'NONE',  ( 0.3121259842519684700, 0.6711881865661385400, -0.3215462856484545600 ) ) ;
#1070 = CARTESIAN_POINT ( 'NONE',  ( -0.3121259842519705800, -1.058591097544902100E-015, -0.3133464566929130000 ) ) ;
#1071 = CARTESIAN_POINT ( 'NONE',  ( 0.3054050914126513700, 0.6681889763779533800, 0.3349999999999998500 ) ) ;
#1072 = VECTOR ( 'NONE', #5518, 39.37007874015748100 ) ;
#1073 = AXIS2_PLACEMENT_3D ( 'NONE', #2407, #9049, #7542 ) ;
#1074 = EDGE_CURVE ( 'NONE', #3380, #4475, #880, .T. ) ;
#1075 = CARTESIAN_POINT ( 'NONE',  ( -1.248692419008931200, -0.1250000000000042500, 0.2561023622047228800 ) ) ;
#1076 = ADVANCED_FACE ( 'NONE', ( #2603 ), #1914, .T. ) ;
#1077 = FILL_AREA_STYLE ('',( #5531 ) ) ;
#1078 = VERTEX_POINT ( 'NONE', #4064 ) ;
#1079 = ORIENTED_EDGE ( 'NONE', *, *, #7198, .F. ) ;
#1080 = FILL_AREA_STYLE_COLOUR ( '', #1651 ) ;
#1081 = LINE ( 'NONE', #1736, #8811 ) ;
#1082 = LINE ( 'NONE', #7364, #3601 ) ;
#1083 = EDGE_CURVE ( 'NONE', #61, #1668, #3060, .T. ) ;
#1084 = EDGE_CURVE ( 'NONE', #794, #5272, #1350, .T. ) ;
#1085 = VERTEX_POINT ( 'NONE', #5575 ) ;
#1086 = CARTESIAN_POINT ( 'NONE',  ( -0.2517653116130454400, 0.6800000000000001600, 0.06102362204724409700 ) ) ;
#1087 = CYLINDRICAL_SURFACE ( 'NONE', #6337, 0.01181102362204724000 ) ;
#1088 = ORIENTED_EDGE ( 'NONE', *, *, #3462, .F. ) ;
#1089 = CARTESIAN_POINT ( 'NONE',  ( 0.3099217144102480200, 0.6800000000000003800, -0.3231889763779528000 ) ) ;
#1090 = ORIENTED_EDGE ( 'NONE', *, *, #3392, .F. ) ;
#1091 = ORIENTED_EDGE ( 'NONE', *, *, #7669, .F. ) ;
#1092 = EDGE_LOOP ( 'NONE', ( #8616, #3629, #5995, #1005 ) ) ;
#1093 = DIRECTION ( 'NONE',  ( 1.000000000000000000, 3.701192923597985100E-015, 3.084327436331654200E-016 ) ) ;
#1094 = FACE_OUTER_BOUND ( 'NONE', #5654, .T. ) ;
#1095 = ORIENTED_EDGE ( 'NONE', *, *, #6218, .T. ) ;
#1096 = ORIENTED_EDGE ( 'NONE', *, *, #6437, .F. ) ;
#1097 = LINE ( 'NONE', #6097, #2802 ) ;
#1098 = ORIENTED_EDGE ( 'NONE', *, *, #4203, .F. ) ;
#1099 = CARTESIAN_POINT ( 'NONE',  ( -3.414809992080329000E-017, 0.009842519685039361300, 0.0000000000000000000 ) ) ;
#1100 = DIRECTION ( 'NONE',  ( 1.183291357831517700E-029, -3.454814795174053600E-015, 1.000000000000000000 ) ) ;
#1101 = CIRCLE ( 'NONE', #1847, 0.008858267716535448600 ) ;
#1102 = B_SPLINE_CURVE_WITH_KNOTS ( 'NONE', 3,
 ( #4814, #397, #8671, #6390 ),
 .UNSPECIFIED., .F., .F.,
 ( 4, 4 ),
 ( 0.0000000000000000000, 1.000000000000000000 ),
 .UNSPECIFIED. ) ;
#1103 = VERTEX_POINT ( 'NONE', #1127 ) ;
#1104 = CARTESIAN_POINT ( 'NONE',  ( 1.365923996832131600E-016, 1.639108796198557900E-015, 0.3350000000000020200 ) ) ;
#1105 = ORIENTED_EDGE ( 'NONE', *, *, #2757, .T. ) ;
#1106 = AXIS2_PLACEMENT_3D ( 'NONE', #8787, #7274, #5058 ) ;
#1107 = FACE_OUTER_BOUND ( 'NONE', #3105, .T. ) ;
#1108 = EDGE_LOOP ( 'NONE', ( #7178, #1215, #2605, #1453, #5887 ) ) ;
#1109 = ORIENTED_EDGE ( 'NONE', *, *, #4141, .T. ) ;
#1110 = CARTESIAN_POINT ( 'NONE',  ( 0.3101574803149606000, 0.6701574803149607000, -0.6461350581127893700 ) ) ;
#1111 = ORIENTED_EDGE ( 'NONE', *, *, #8466, .F. ) ;
#1112 = EDGE_CURVE ( 'NONE', #3744, #6968, #9440, .T. ) ;
#1113 = EDGE_CURVE ( 'NONE', #3040, #9184, #7915, .T. ) ;
#1114 = VECTOR ( 'NONE', #3667, 39.37007874015748100 ) ;
#1115 = DIRECTION ( 'NONE',  ( -1.000000000000000000, -3.400677691960634000E-015, 0.0000000000000000000 ) ) ;
#1116 = VERTEX_POINT ( 'NONE', #8035 ) ;
#1117 = FACE_OUTER_BOUND ( 'NONE', #3837, .T. ) ;
#1118 = ORIENTED_EDGE ( 'NONE', *, *, #169, .T. ) ;
#1119 = ORIENTED_EDGE ( 'NONE', *, *, #5040, .T. ) ;
#1120 = LINE ( 'NONE', #2303, #1808 ) ;
#1121 = CARTESIAN_POINT ( 'NONE',  ( -0.1614999999999994500, -0.1603553390593279400, 0.2424999999999995200 ) ) ;
#1122 = ORIENTED_EDGE ( 'NONE', *, *, #757, .F. ) ;
#1123 = DIRECTION ( 'NONE',  ( -5.351025294946815800E-031, 1.548860246407863300E-016, -1.000000000000000000 ) ) ;
#1124 = CARTESIAN_POINT ( 'NONE',  ( 0.2365000000000000700, 0.009842519685040173100, 0.2174999999999995800 ) ) ;
#1125 = VECTOR ( 'NONE', #531, 39.37007874015748100 ) ;
#1126 = AXIS2_PLACEMENT_3D ( 'NONE', #7225, #8068, #7990 ) ;
#1127 = CARTESIAN_POINT ( 'NONE',  ( -0.1991058788142258700, 0.5618897637795271500, -0.3271259842519684800 ) ) ;
#1128 = AXIS2_PLACEMENT_3D ( 'NONE', #7057, #4760, #1787 ) ;
#1129 = LINE ( 'NONE', #1284, #303 ) ;
#1130 = ORIENTED_EDGE ( 'NONE', *, *, #3209, .T. ) ;
#1131 = VECTOR ( 'NONE', #476, 39.37007874015748100 ) ;
#1132 = CARTESIAN_POINT ( 'NONE',  ( -0.3081889763779472900, 0.6654050914126514700, 0.3350000000000005800 ) ) ;
#1133 = VERTEX_POINT ( 'NONE', #7939 ) ;
#1134 = ADVANCED_FACE ( 'NONE', ( #626 ), #7991, .F. ) ;
#1135 = FACE_OUTER_BOUND ( 'NONE', #1108, .T. ) ;
#1136 = VECTOR ( 'NONE', #4477, 39.37007874015748100 ) ;
#1137 = UNCERTAINTY_MEASURE_WITH_UNIT (LENGTH_MEASURE( 1.000000000000000100E-005 ), #3004, 'distance_accuracy_value', 'NONE');
#1138 = ORIENTED_EDGE ( 'NONE', *, *, #8959, .T. ) ;
#1139 = VECTOR ( 'NONE', #3121, 39.37007874015748100 ) ;
#1140 = ORIENTED_EDGE ( 'NONE', *, *, #569, .F. ) ;
#1141 = CARTESIAN_POINT ( 'NONE',  ( -0.3121259842519683000, 0.6747956584452605700, -0.3293732138850193300 ) ) ;
#1142 = LINE ( 'NONE', #421, #4015 ) ;
#1143 = EDGE_CURVE ( 'NONE', #8365, #4215, #1000, .T. ) ;
#1144 = ORIENTED_EDGE ( 'NONE', *, *, #3483, .T. ) ;
#1145 = VECTOR ( 'NONE', #8441, 39.37007874015748100 ) ;
#1146 = DIRECTION ( 'NONE',  ( 0.0000000000000000000, 1.000000000000000000, -3.097720492815726300E-015 ) ) ;
#1147 = DIRECTION ( 'NONE',  ( 0.9848077530122086900, -0.1736481776669270800, 0.0000000000000000000 ) ) ;
#1148 = CARTESIAN_POINT ( 'NONE',  ( 0.3121259842519685800, 0.6706733131607026700, 0.3222775818124637400 ) ) ;
#1149 = EDGE_LOOP ( 'NONE', ( #3154, #5548, #6804, #9073, #3189, #3042 ) ) ;
#1150 = AXIS2_PLACEMENT_3D ( 'NONE', #5102, #7356, #2167 ) ;
#1151 = ORIENTED_EDGE ( 'NONE', *, *, #7009, .F. ) ;
#1152 = LINE ( 'NONE', #4746, #2851 ) ;
#1153 = ORIENTED_EDGE ( 'NONE', *, *, #2572, .F. ) ;
#1154 = CYLINDRICAL_SURFACE ( 'NONE', #6699, 0.007874015748031482100 ) ;
#1155 = DIRECTION ( 'NONE',  ( -3.400677691960634400E-015, 1.000000000000000000, -2.087764443346746700E-016 ) ) ;
#1156 = DIRECTION ( 'NONE',  ( -1.000000000000000000, 0.0000000000000000000, 0.0000000000000000000 ) ) ;
#1157 = EDGE_LOOP ( 'NONE', ( #4739, #5958, #8534, #25 ) ) ;
#1158 = DIRECTION ( 'NONE',  ( 3.414809992080327900E-015, -1.000000000000000000, -5.245041171109354400E-047 ) ) ;
#1159 = ORIENTED_EDGE ( 'NONE', *, *, #5561, .F. ) ;
#1160 = CIRCLE ( 'NONE', #5433, 0.008858267716535448600 ) ;
#1161 = DIRECTION ( 'NONE',  ( 0.0000000000000000000, 1.000000000000000000, 0.0000000000000000000 ) ) ;
#1162 = DIRECTION ( 'NONE',  ( -0.7071067811865412400, -0.7071067811865537900, -2.442922969411199500E-015 ) ) ;
#1163 = DIRECTION ( 'NONE',  ( 0.0000000000000000000, 0.0000000000000000000, -1.000000000000000000 ) ) ;
#1164 = CARTESIAN_POINT ( 'NONE',  ( -0.2362204724409458500, 0.2764566929133841500, -0.1066535433070859000 ) ) ;
#1165 = AXIS2_PLACEMENT_3D ( 'NONE', #8685, #2019, #4967 ) ;
#1166 = VECTOR ( 'NONE', #8341, 39.37007874015748100 ) ;
#1167 = EDGE_CURVE ( 'NONE', #5133, #501, #8624, .T. ) ;
#1168 = B_SPLINE_CURVE_WITH_KNOTS ( 'NONE', 3,
 ( #3463, #2601, #9380, #6357 ),
 .UNSPECIFIED., .F., .F.,
 ( 4, 4 ),
 ( 0.0000000000000000000, 1.000000000000000000 ),
 .UNSPECIFIED. ) ;
#1169 = CARTESIAN_POINT ( 'NONE',  ( -0.3096701650233433800, 0.6665474377744180500, 0.3269115905583129300 ) ) ;
#1170 = DIRECTION ( 'NONE',  ( 3.400677691960634400E-015, -1.000000000000000000, 2.087764443346746500E-016 ) ) ;
#1171 = LINE ( 'NONE', #3433, #6878 ) ;
#1172 = CARTESIAN_POINT ( 'NONE',  ( -3.414809992080329000E-017, 0.009842519685039369900, 0.0000000000000000000 ) ) ;
#1173 = CARTESIAN_POINT ( 'NONE',  ( -0.3145144169278245600, 0.6671149738966095600, 0.3331633977070631000 ) ) ;
#1174 = ADVANCED_FACE ( 'NONE', ( #7427 ), #8758, .F. ) ;
#1175 = AXIS2_PLACEMENT_3D ( 'NONE', #4785, #6398, #9469 ) ;
#1176 = PLANE ( 'NONE',  #5877 ) ;
#1177 = DIRECTION ( 'NONE',  ( 3.400677691960634000E-015, -1.000000000000000000, 1.889265384422574300E-016 ) ) ;
#1178 = PLANE ( 'NONE',  #5687 ) ;
#1179 = DIRECTION ( 'NONE',  ( 0.0000000000000000000, 1.000000000000000000, 0.0000000000000000000 ) ) ;
#1180 = SURFACE_STYLE_USAGE ( .BOTH. , #345 ) ;
#1181 = EDGE_CURVE ( 'NONE', #9583, #963, #7181, .T. ) ;
#1182 = ORIENTED_EDGE ( 'NONE', *, *, #1502, .T. ) ;
#1183 = DIRECTION ( 'NONE',  ( -3.400677691960634400E-015, 1.000000000000000000, -2.087764443346746700E-016 ) ) ;
#1184 = CARTESIAN_POINT ( 'NONE',  ( 0.3200000000000026700, -0.1256299212598414300, -0.1046850393700783100 ) ) ;
#1185 = EDGE_CURVE ( 'NONE', #4619, #5397, #7164, .T. ) ;
#1186 = CARTESIAN_POINT ( 'NONE',  ( 0.3200000000000020100, 0.05511811023621931300, -0.1135433070866137500 ) ) ;
#1187 = CARTESIAN_POINT ( 'NONE',  ( 0.3200994094488200900, 0.02362204724409333900, -0.03972440944882241200 ) ) ;
#1188 = SURFACE_STYLE_FILL_AREA ( #3304 ) ;
#1189 = ORIENTED_EDGE ( 'NONE', *, *, #8845, .F. ) ;
#1190 = FACE_OUTER_BOUND ( 'NONE', #5889, .T. ) ;
#1191 = CARTESIAN_POINT ( 'NONE',  ( -0.3121259842519694700, 0.6689765846953347200, 0.3245221749645741400 ) ) ;
#1192 = CARTESIAN_POINT ( 'NONE',  ( 0.3200994094488202000, 0.03937007874015631400, -0.1775196850393696800 ) ) ;
#1193 = ORIENTED_EDGE ( 'NONE', *, *, #6491, .F. ) ;
#1194 = AXIS2_PLACEMENT_3D ( 'NONE', #7678, #6055, #6770 ) ;
#1195 = DIRECTION ( 'NONE',  ( -0.0000000000000000000, -0.0000000000000000000, -1.000000000000000000 ) ) ;
#1196 = DIRECTION ( 'NONE',  ( -3.380525251343977800E-015, -0.9743700647852350200, 0.2249510543438658400 ) ) ;
#1197 = ORIENTED_EDGE ( 'NONE', *, *, #6907, .T. ) ;
#1198 = VERTEX_POINT ( 'NONE', #2745 ) ;
#1199 = ORIENTED_EDGE ( 'NONE', *, *, #6864, .T. ) ;
#1200 = EDGE_LOOP ( 'NONE', ( #9019, #2905, #4903, #5629 ) ) ;
#1201 = CARTESIAN_POINT ( 'NONE',  ( -0.3121259842519704100, 0.03937007874015847200, 6.097874985857714200E-018 ) ) ;
#1202 = LINE ( 'NONE', #8237, #1539 ) ;
#1203 = VERTEX_POINT ( 'NONE', #2800 ) ;
#1204 = VECTOR ( 'NONE', #8420, 39.37007874015748100 ) ;
#1205 = ORIENTED_EDGE ( 'NONE', *, *, #7566, .T. ) ;
#1206 = PLANE ( 'NONE',  #6880 ) ;
#1207 = CARTESIAN_POINT ( 'NONE',  ( -0.2615000000000000700, 0.009842519685038483500, 0.2174999999999995300 ) ) ;
#1208 = VECTOR ( 'NONE', #8523, 39.37007874015748100 ) ;
#1209 = CARTESIAN_POINT ( 'NONE',  ( -3.414809992080329000E-017, 0.009842519685039369900, 0.0000000000000000000 ) ) ;
#1210 = CARTESIAN_POINT ( 'NONE',  ( -0.3081889763779516200, 0.6654050914126516900, -0.3271259842519684800 ) ) ;
#1211 = AXIS2_PLACEMENT_3D ( 'NONE', #9503, #5708, #1267 ) ;
#1212 = ORIENTED_EDGE ( 'NONE', *, *, #2289, .T. ) ;
#1213 = ORIENTED_EDGE ( 'NONE', *, *, #7060, .T. ) ;
#1214 = ORIENTED_EDGE ( 'NONE', *, *, #7305, .F. ) ;
#1215 = ORIENTED_EDGE ( 'NONE', *, *, #7069, .T. ) ;
#1216 = LINE ( 'NONE', #1599, #5974 ) ;
#1217 = DIRECTION ( 'NONE',  ( 0.0000000000000000000, -1.000000000000000000, 0.0000000000000000000 ) ) ;
#1218 = VERTEX_POINT ( 'NONE', #1288 ) ;
#1219 = LINE ( 'NONE', #8744, #3628 ) ;
#1220 = ORIENTED_EDGE ( 'NONE', *, *, #5678, .T. ) ;
#1221 = EDGE_CURVE ( 'NONE', #2447, #5856, #9085, .T. ) ;
#1222 = DIRECTION ( 'NONE',  ( 0.0000000000000000000, 0.0000000000000000000, 1.000000000000000000 ) ) ;
#1223 = CARTESIAN_POINT ( 'NONE',  ( -0.08267716535433287900, 0.6307874015748022900, 0.3231889763779511900 ) ) ;
#1224 = EDGE_CURVE ( 'NONE', #8077, #6470, #6578, .T. ) ;
#1225 = CARTESIAN_POINT ( 'NONE',  ( -1.248692419008931900, 0.009842519685035111200, 0.2561023622047227700 ) ) ;
#1226 = ADVANCED_FACE ( 'NONE', ( #1117 ), #4267, .F. ) ;
#1227 = EDGE_LOOP ( 'NONE', ( #657, #3525, #4667 ) ) ;
#1228 = ORIENTED_EDGE ( 'NONE', *, *, #6536, .F. ) ;
#1229 = DIRECTION ( 'NONE',  ( 1.000000000000000000, 0.0000000000000000000, -7.973235776786919400E-016 ) ) ;
#1230 = CYLINDRICAL_SURFACE ( 'NONE', #4761, 0.007874015748031516800 ) ;
#1231 = ORIENTED_EDGE ( 'NONE', *, *, #6492, .F. ) ;
#1232 = ORIENTED_EDGE ( 'NONE', *, *, #6063, .F. ) ;
#1233 = CIRCLE ( 'NONE', #6005, 0.003937007874015724600 ) ;
#1234 = ORIENTED_EDGE ( 'NONE', *, *, #7362, .T. ) ;
#1235 = LINE ( 'NONE', #3245, #4346 ) ;
#1236 = CARTESIAN_POINT ( 'NONE',  ( -0.3054050914126516500, 0.6681889763779524900, -0.3349999999999993500 ) ) ;
#1237 = DIRECTION ( 'NONE',  ( -1.000000000000000000, -3.454814795174053200E-015, 0.0000000000000000000 ) ) ;
#1238 = STYLED_ITEM ( 'NONE', ( #3277 ), #8643 ) ;
#1239 = ORIENTED_EDGE ( 'NONE', *, *, #4582, .T. ) ;
#1240 = CARTESIAN_POINT ( 'NONE',  ( -0.01699999999999943900, -0.1603553390593274500, -0.2740000000000004700 ) ) ;
#1241 = VERTEX_POINT ( 'NONE', #472 ) ;
#1243 = ORIENTED_EDGE ( 'NONE', *, *, #1015, .F. ) ;
#1242 = CARTESIAN_POINT ( 'NONE',  ( -0.3101574803149604900, 0.6721259842519686800, -0.3350000000000000200 ) ) ;
#1244 = EDGE_CURVE ( 'NONE', #9678, #8515, #6341, .T. ) ;
#1245 = VECTOR ( 'NONE', #4270, 39.37007874015748100 ) ;
#1246 = EDGE_LOOP ( 'NONE', ( #5969, #6332, #1784, #503 ) ) ;
#1247 = ADVANCED_FACE ( 'NONE', ( #2370 ), #6443, .F. ) ;
#1248 = DIRECTION ( 'NONE',  ( 2.968435165191707300E-015, -0.7071067811865486800, 0.7071067811865463500 ) ) ;
#1249 = CARTESIAN_POINT ( 'NONE',  ( 0.3200000000000000100, 0.6701574803149607000, 0.3230102407095411000 ) ) ;
#1250 = EDGE_CURVE ( 'NONE', #4784, #354, #8393, .T. ) ;
#1251 = DIRECTION ( 'NONE',  ( -0.0000000000000000000, -0.0000000000000000000, -1.000000000000000000 ) ) ;
#1252 = CARTESIAN_POINT ( 'NONE',  ( 0.0000000000000000000, 0.6799999999999999400, 0.005905511811023654900 ) ) ;
#1253 = VECTOR ( 'NONE', #3355, 39.37007874015748100 ) ;
#1254 = EDGE_LOOP ( 'NONE', ( #1596, #4022, #1334, #2816 ) ) ;
#1256 = CARTESIAN_POINT ( 'NONE',  ( 0.3200994094488202000, 0.03937007874015635600, 0.1630314960629886100 ) ) ;
#1255 = FACE_OUTER_BOUND ( 'NONE', #3145, .T. ) ;
#1257 = DIRECTION ( 'NONE',  ( -3.400677691960634400E-015, 1.000000000000000000, -2.087764443346746700E-016 ) ) ;
#1258 = EDGE_CURVE ( 'NONE', #8848, #5635, #5530, .T. ) ;
#1259 = ORIENTED_EDGE ( 'NONE', *, *, #5484, .T. ) ;
#1260 = FACE_OUTER_BOUND ( 'NONE', #4660, .T. ) ;
#1261 = UNCERTAINTY_MEASURE_WITH_UNIT (LENGTH_MEASURE( 1.000000000000000100E-005 ), #8480, 'distance_accuracy_value', 'NONE');
#1262 = CARTESIAN_POINT ( 'NONE',  ( -0.2364999999999994900, -0.1250000000000008000, 0.2174999999999995300 ) ) ;
#1263 = CARTESIAN_POINT ( 'NONE',  ( 0.3200000000000021200, 0.01574803149606184000, -1.897116662266578900E-019 ) ) ;
#1264 = DIRECTION ( 'NONE',  ( 0.0000000000000000000, 2.716889285699967600E-045, 1.000000000000000000 ) ) ;
#1265 = CARTESIAN_POINT ( 'NONE',  ( -0.3121259842519705200, 0.05511811023622149900, -0.06531496062992475600 ) ) ;
#1266 = ORIENTED_EDGE ( 'NONE', *, *, #3900, .T. ) ;
#1267 = DIRECTION ( 'NONE',  ( 0.0000000000000000000, 0.0000000000000000000, -1.000000000000000000 ) ) ;
#1269 = LINE ( 'NONE', #6822, #7102 ) ;
#1268 = DIRECTION ( 'NONE',  ( 1.000000000000000000, -3.252606517456505000E-015, 0.0000000000000000000 ) ) ;
#1270 = ORIENTED_EDGE ( 'NONE', *, *, #8221, .F. ) ;
#1271 = FACE_OUTER_BOUND ( 'NONE', #7643, .T. ) ;
#1272 = STYLED_ITEM ( 'NONE', ( #4608 ), #4912 ) ;
#1273 = CARTESIAN_POINT ( 'NONE',  ( -0.3054050914126511000, 0.6681889763779532700, 0.3350000000000001900 ) ) ;
#1274 = EDGE_CURVE ( 'NONE', #1713, #968, #6108, .T. ) ;
#1275 = DIRECTION ( 'NONE',  ( 1.000000000000000000, 3.454814795174053200E-015, -0.0000000000000000000 ) ) ;
#1276 = ORIENTED_EDGE ( 'NONE', *, *, #5973, .F. ) ;
#1277 = VECTOR ( 'NONE', #2255, 39.37007874015748100 ) ;
#1278 = CARTESIAN_POINT ( 'NONE',  ( -0.3054050914126516500, 0.6681889763779524900, -0.3349999999999993500 ) ) ;
#1279 = DIRECTION ( 'NONE',  ( 8.673617379884239000E-015, -1.000000000000000000, -3.252606517456589800E-015 ) ) ;
#1280 = VERTEX_POINT ( 'NONE', #7465 ) ;
#1281 = ADVANCED_FACE ( 'NONE', ( #7559 ), #3406, .T. ) ;
#1282 = ORIENTED_EDGE ( 'NONE', *, *, #774, .T. ) ;
#1283 = CARTESIAN_POINT ( 'NONE',  ( -0.2651652498911324900, 0.6721259842519685700, 0.2743517874051790700 ) ) ;
#1284 = CARTESIAN_POINT ( 'NONE',  ( 0.3200994094488202600, 0.06299212598425084400, 0.2890157480314925500 ) ) ;
#1285 = CIRCLE ( 'NONE', #2306, 0.06000000000000001200 ) ;
#1286 = CARTESIAN_POINT ( 'NONE',  ( -0.3081889763779596100, 0.07874015748031487600, -0.3349999999999995800 ) ) ;
#1287 = EDGE_CURVE ( 'NONE', #7327, #7153, #3176, .T. ) ;
#1288 = CARTESIAN_POINT ( 'NONE',  ( 0.3121259842519684700, 0.6662204724409451800, 0.3231889763779511900 ) ) ;
#1289 = CYLINDRICAL_SURFACE ( 'NONE', #4278, 0.06000000000000001200 ) ;
#1290 = ADVANCED_FACE ( 'NONE', ( #7682 ), #1230, .F. ) ;
#1291 = CARTESIAN_POINT ( 'NONE',  ( 0.3101574803149606000, 0.6701574803149607000, -0.6461350581127893700 ) ) ;
#1292 = DIRECTION ( 'NONE',  ( -1.000000000000000000, -3.454814795174053200E-015, 0.0000000000000000000 ) ) ;
#1293 = AXIS2_PLACEMENT_3D ( 'NONE', #1767, #9294, #4751 ) ;
#1294 = EDGE_CURVE ( 'NONE', #4548, #1463, #6939, .T. ) ;
#1295 = CARTESIAN_POINT ( 'NONE',  ( 0.1574803149606287300, 0.5591058788142251300, -0.3271259842519717600 ) ) ;
#1296 = DIRECTION ( 'NONE',  ( 0.0000000000000000000, -2.255523494348928900E-045, -1.000000000000000000 ) ) ;
#1297 = CARTESIAN_POINT ( 'NONE',  ( -0.3096711032650798500, 0.6665417394974775300, -0.3269109955571465900 ) ) ;
#1298 = LINE ( 'NONE', #8934, #7253 ) ;
#1299 = CARTESIAN_POINT ( 'NONE',  ( -1.248692419008931900, -4.234364390179608300E-015, 0.2561023622047228200 ) ) ;
#1300 = AXIS2_PLACEMENT_3D ( 'NONE', #3478, #2050, #1306 ) ;
#1301 = AXIS2_PLACEMENT_3D ( 'NONE', #7248, #5014, #444 ) ;
#1302 = CARTESIAN_POINT ( 'NONE',  ( 0.2618110236220471700, 0.6799999999999999400, 0.005905511811023654900 ) ) ;
#1303 = VECTOR ( 'NONE', #3244, 39.37007874015748100 ) ;
#1304 = DIRECTION ( 'NONE',  ( -0.0000000000000000000, -1.000000000000000000, -1.889265384422574500E-016 ) ) ;
#1305 = EDGE_CURVE ( 'NONE', #1668, #2126, #4922, .T. ) ;
#1306 = DIRECTION ( 'NONE',  ( 1.000000000000000000, 0.0000000000000000000, -1.314184451497581500E-016 ) ) ;
#1307 = ORIENTED_EDGE ( 'NONE', *, *, #7988, .F. ) ;
#1308 = ORIENTED_EDGE ( 'NONE', *, *, #630, .F. ) ;
#1309 = DIRECTION ( 'NONE',  ( -1.000000000000000000, 3.454814795174053200E-015, -0.0000000000000000000 ) ) ;
#1310 = FACE_OUTER_BOUND ( 'NONE', #7674, .T. ) ;
#1311 = EDGE_CURVE ( 'NONE', #7924, #2748, #8734, .T. ) ;
#1312 = CARTESIAN_POINT ( 'NONE',  ( 0.3145144169278243900, 0.6671149738966095600, -0.3331633977070631000 ) ) ;
#1313 = EDGE_CURVE ( 'NONE', #5739, #8288, #7446, .T. ) ;
#1314 = CIRCLE ( 'NONE', #3450, 0.007874015748031516800 ) ;
#1315 = ADVANCED_FACE ( 'NONE', ( #5641 ), #5242, .F. ) ;
#1316 = LINE ( 'NONE', #521, #9517 ) ;
#1317 = CARTESIAN_POINT ( 'NONE',  ( -0.3080618398624078200, 0.6778982845064635000, -0.3310174633725178600 ) ) ;
#1318 = EDGE_CURVE ( 'NONE', #2355, #2604, #3046, .T. ) ;
#1319 = ORIENTED_EDGE ( 'NONE', *, *, #4418, .F. ) ;
#1320 = VECTOR ( 'NONE', #9504, 39.37007874015748100 ) ;
#1321 = ORIENTED_EDGE ( 'NONE', *, *, #6128, .T. ) ;
#1322 = ORIENTED_EDGE ( 'NONE', *, *, #8180, .F. ) ;
#1323 = ORIENTED_EDGE ( 'NONE', *, *, #1056, .T. ) ;
#1324 = ORIENTED_EDGE ( 'NONE', *, *, #9136, .T. ) ;
#1325 = PLANE ( 'NONE',  #710 ) ;
#1326 = AXIS2_PLACEMENT_3D ( 'NONE', #1265, #5071, #8855 ) ;
#1327 = LINE ( 'NONE', #7487, #3164 ) ;
#1328 = ORIENTED_EDGE ( 'NONE', *, *, #7941, .F. ) ;
#1329 = FACE_OUTER_BOUND ( 'NONE', #9188, .T. ) ;
#1330 = ORIENTED_EDGE ( 'NONE', *, *, #7448, .T. ) ;
#1331 = ADVANCED_FACE ( 'NONE', ( #5521 ), #8295, .T. ) ;
#1332 = DIRECTION ( 'NONE',  ( -0.0000000000000000000, 1.000000000000000000, -0.0000000000000000000 ) ) ;
#1333 =( NAMED_UNIT ( * ) PLANE_ANGLE_UNIT ( ) SI_UNIT ( $, .RADIAN. ) );
#1334 = ORIENTED_EDGE ( 'NONE', *, *, #3596, .T. ) ;
#1335 = ORIENTED_EDGE ( 'NONE', *, *, #297, .F. ) ;
#1336 = ORIENTED_EDGE ( 'NONE', *, *, #452, .T. ) ;
#1337 = CARTESIAN_POINT ( 'NONE',  ( 0.2228081619892131900, 0.5249121648799671700, 0.06102362204724409700 ) ) ;
#1338 = VECTOR ( 'NONE', #6754, 39.37007874015748100 ) ;
#1339 = EDGE_LOOP ( 'NONE', ( #8071, #8514, #1662, #6396 ) ) ;
#1340 = EDGE_LOOP ( 'NONE', ( #7922, #5151, #5542, #2396 ) ) ;
#1341 = LINE ( 'NONE', #9158, #2924 ) ;
#1342 = CARTESIAN_POINT ( 'NONE',  ( -0.1170000000000000200, 0.009842519685038977900, -0.2740000000000004700 ) ) ;
#1343 = EDGE_LOOP ( 'NONE', ( #1159, #6935, #3256, #9205 ) ) ;
#1344 = CARTESIAN_POINT ( 'NONE',  ( 0.1181102362204724500, 0.6721259842519685700, 0.2897244094488185500 ) ) ;
#1345 = CARTESIAN_POINT ( 'NONE',  ( 0.3102974565612454100, 0.6671149738966100100, 0.3265137834876555300 ) ) ;
#1346 = VECTOR ( 'NONE', #8464, 39.37007874015748100 ) ;
#1347 = DIRECTION ( 'NONE',  ( 0.0000000000000000000, 0.0000000000000000000, 1.000000000000000000 ) ) ;
#1348 = ORIENTED_EDGE ( 'NONE', *, *, #5783, .F. ) ;
#1349 = AXIS2_PLACEMENT_3D ( 'NONE', #5578, #5544, #1064 ) ;
#1350 = LINE ( 'NONE', #1952, #162 ) ;
#1351 = ORIENTED_EDGE ( 'NONE', *, *, #1017, .T. ) ;
#1352 = VERTEX_POINT ( 'NONE', #2269 ) ;
#1353 = ORIENTED_EDGE ( 'NONE', *, *, #337, .T. ) ;
#1354 = EDGE_CURVE ( 'NONE', #8721, #4070, #7299, .T. ) ;
#1355 = EDGE_CURVE ( 'NONE', #1383, #2118, #382, .T. ) ;
#1356 = DIRECTION ( 'NONE',  ( 1.000000000000000000, 0.0000000000000000000, 0.0000000000000000000 ) ) ;
#1357 = VECTOR ( 'NONE', #9461, 39.37007874015748100 ) ;
#1358 = ORIENTED_EDGE ( 'NONE', *, *, #698, .F. ) ;
#1359 = CIRCLE ( 'NONE', #8171, 0.007874015748031499400 ) ;
#1360 = CARTESIAN_POINT ( 'NONE',  ( -0.03300000000000002900, 0.009842519685039258900, -0.2740000000000004700 ) ) ;
#1361 = PRESENTATION_LAYER_ASSIGNMENT (  '', '', ( #8954 ) ) ;
#1362 = ORIENTED_EDGE ( 'NONE', *, *, #471, .F. ) ;
#1363 = LINE ( 'NONE', #8800, #2622 ) ;
#1364 = CARTESIAN_POINT ( 'NONE',  ( 0.3054050914126513700, 0.6681889763779522700, -0.3349999999999993500 ) ) ;
#1365 = AXIS2_PLACEMENT_3D ( 'NONE', #4916, #8702, #5693 ) ;
#1366 = CARTESIAN_POINT ( 'NONE',  ( 0.3081889763779529500, 0.6654050914126516900, 0.3271259842519685900 ) ) ;
#1367 = CARTESIAN_POINT ( 'NONE',  ( -0.3200000000000009500, 0.6699217144102483900, 0.3231889763779531300 ) ) ;
#1368 = PLANE ( 'NONE',  #5560 ) ;
#1369 = EDGE_LOOP ( 'NONE', ( #957, #4794, #8468, #2589 ) ) ;
#1370 = VECTOR ( 'NONE', #1379, 39.37007874015748100 ) ;
#1371 = ADVANCED_FACE ( 'NONE', ( #3740 ), #645, .F. ) ;
#1372 = EDGE_LOOP ( 'NONE', ( #4788, #4800, #4092, #7522 ) ) ;
#1373 = VECTOR ( 'NONE', #138, 39.37007874015748100 ) ;
#1374 = EDGE_CURVE ( 'NONE', #5251, #6089, #453, .T. ) ;
#1375 = DIRECTION ( 'NONE',  ( 0.0000000000000000000, 8.199511390123964100E-046, -1.000000000000000000 ) ) ;
#1376 = ORIENTED_EDGE ( 'NONE', *, *, #5475, .T. ) ;
#1377 = VECTOR ( 'NONE', #5571, 39.37007874015748100 ) ;
#1378 = CARTESIAN_POINT ( 'NONE',  ( 0.3121259842519707500, 0.009842519685040438500, 0.3133464566929117800 ) ) ;
#1379 = DIRECTION ( 'NONE',  ( -3.380525251343977800E-015, 0.9743700647852350200, 0.2249510543438658400 ) ) ;
#1380 = CARTESIAN_POINT ( 'NONE',  ( 0.3127409429929005600, 0.6800000000000001600, -0.3222763607591331800 ) ) ;
#1381 = CARTESIAN_POINT ( 'NONE',  ( 0.3121259842519711300, -0.1256299212598414600, -0.06531496062992479800 ) ) ;
#1382 = EDGE_CURVE ( 'NONE', #7175, #7551, #1680, .T. ) ;
#1383 = VERTEX_POINT ( 'NONE', #9036 ) ;
#1384 = VECTOR ( 'NONE', #1661, 39.37007874015748100 ) ;
#1385 = ORIENTED_EDGE ( 'NONE', *, *, #7724, .T. ) ;
#1386 = LINE ( 'NONE', #2058, #917 ) ;
#1387 = ADVANCED_FACE ( 'NONE', ( #9072 ), #7700, .F. ) ;
#1388 = DIRECTION ( 'NONE',  ( 3.400677691960634000E-015, -1.000000000000000000, -0.0000000000000000000 ) ) ;
#1389 = CARTESIAN_POINT ( 'NONE',  ( 0.3059726275348434400, 0.6689317718672952400, -0.3271259842519685400 ) ) ;
#1390 = ORIENTED_EDGE ( 'NONE', *, *, #3538, .T. ) ;
#1391 = VECTOR ( 'NONE', #9491, 39.37007874015748100 ) ;
#1392 = AXIS2_PLACEMENT_3D ( 'NONE', #6472, #1251, #9496 ) ;
#1393 = CARTESIAN_POINT ( 'NONE',  ( 0.1102362204724409000, 0.6681889763779533800, 0.3231889763779529600 ) ) ;
#1394 = CARTESIAN_POINT ( 'NONE',  ( 0.3200000000000001200, 0.6701574803149605900, 0.1791338582677165500 ) ) ;
#1395 = FACE_OUTER_BOUND ( 'NONE', #796, .T. ) ;
#1396 = CARTESIAN_POINT ( 'NONE',  ( -0.3200000000000021700, 0.02362204724409555000, 0.1453149606299177500 ) ) ;
#1397 = AXIS2_PLACEMENT_3D ( 'NONE', #4465, #4500, #3735 ) ;
#1398 = EDGE_CURVE ( 'NONE', #1241, #9445, #270, .T. ) ;
#1399 = PLANE ( 'NONE',  #4999 ) ;
#1400 = CARTESIAN_POINT ( 'NONE',  ( -0.3065417394974769300, 0.6696711032650811700, 0.3269109955571459800 ) ) ;
#1401 = CARTESIAN_POINT ( 'NONE',  ( -0.3200000000000021200, 0.03937007874015856900, 0.1630314960629886100 ) ) ;
#1402 = CARTESIAN_POINT ( 'NONE',  ( 0.3138504258964480700, 0.05393047823959145500, 0.06102362204724409700 ) ) ;
#1403 = CARTESIAN_POINT ( 'NONE',  ( 0.1329999999999999800, 0.009842519685039822700, -0.1740000000000004600 ) ) ;
#1404 = PLANE ( 'NONE',  #6931 ) ;
#1405 = LINE ( 'NONE', #8766, #7122 ) ;
#1406 = EDGE_LOOP ( 'NONE', ( #583, #6681, #5592, #2703 ) ) ;
#1407 = DIRECTION ( 'NONE',  ( 0.0000000000000000000, 4.874815374145015400E-045, -1.000000000000000000 ) ) ;
#1408 = DIRECTION ( 'NONE',  ( -3.400677691960634400E-015, 1.000000000000000000, -2.087764443346746700E-016 ) ) ;
#1409 = ADVANCED_FACE ( 'NONE', ( #616 ), #9110, .F. ) ;
#1410 = DIRECTION ( 'NONE',  ( -3.400677691960634400E-015, 1.000000000000000000, 1.126006764857040700E-045 ) ) ;
#1411 = ORIENTED_EDGE ( 'NONE', *, *, #4392, .T. ) ;
#1412 = EDGE_CURVE ( 'NONE', #2441, #1472, #1964, .T. ) ;
#1413 = ORIENTED_EDGE ( 'NONE', *, *, #1773, .F. ) ;
#1414 = CARTESIAN_POINT ( 'NONE',  ( -0.3127409429929015100, 0.6799999999999998300, 0.3222763607591331800 ) ) ;
#1415 = DIRECTION ( 'NONE',  ( -3.717264591378884600E-015, 3.454814795174027600E-015, 1.000000000000000000 ) ) ;
#1416 = CARTESIAN_POINT ( 'NONE',  ( 0.1329999999999999800, 0.009842519685039822700, -0.1740000000000004600 ) ) ;
#1417 = FACE_OUTER_BOUND ( 'NONE', #759, .T. ) ;
#1418 = CARTESIAN_POINT ( 'NONE',  ( -0.3200000000000020100, 0.07874015748031493200, -0.3231889763779527400 ) ) ;
#1419 = DIMENSIONAL_EXPONENTS ( 1.000000000000000000, 0.0000000000000000000, 0.0000000000000000000, 0.0000000000000000000, 0.0000000000000000000, 0.0000000000000000000, 0.0000000000000000000 ) ;
#1420 = PLANE ( 'NONE',  #2007 ) ;
#1421 = ORIENTED_EDGE ( 'NONE', *, *, #3155, .T. ) ;
#1422 = VECTOR ( 'NONE', #9561, 39.37007874015748100 ) ;
#1423 = DIRECTION ( 'NONE',  ( 1.000000000000000000, -0.0000000000000000000, -0.0000000000000000000 ) ) ;
#1424 = CARTESIAN_POINT ( 'NONE',  ( -0.3121259842519683600, 0.6701574803149607000, 0.3230102407095419300 ) ) ;
#1425 = EDGE_CURVE ( 'NONE', #9124, #4464, #3626, .T. ) ;
#1426 = SURFACE_STYLE_FILL_AREA ( #4401 ) ;
#1427 = DIRECTION ( 'NONE',  ( 0.0000000000000000000, 0.0000000000000000000, 1.000000000000000000 ) ) ;
#1428 = ORIENTED_EDGE ( 'NONE', *, *, #6419, .T. ) ;
#1429 = PRESENTATION_LAYER_ASSIGNMENT (  '', '', ( #8022 ) ) ;
#1430 =( GEOMETRIC_REPRESENTATION_CONTEXT ( 3 ) GLOBAL_UNCERTAINTY_ASSIGNED_CONTEXT ( ( #8094 ) ) GLOBAL_UNIT_ASSIGNED_CONTEXT ( ( #2527, #321, #3389 ) ) REPRESENTATION_CONTEXT ( 'NONE', 'WORKASPACE' ) );
#1431 = CARTESIAN_POINT ( 'NONE',  ( -0.3102974565612440200, 0.6671149738966095600, 0.3265137834876563100 ) ) ;
#1432 = FACE_OUTER_BOUND ( 'NONE', #6453, .T. ) ;
#1433 = CARTESIAN_POINT ( 'NONE',  ( 0.2517653116130454400, 0.6327559055118111600, 0.005905511811023648000 ) ) ;
#1434 = CARTESIAN_POINT ( 'NONE',  ( -0.1614999999999995900, -0.1250000000000005600, 0.2424999999999995200 ) ) ;
#1435 = VERTEX_POINT ( 'NONE', #2418 ) ;
#1436 = ORIENTED_EDGE ( 'NONE', *, *, #8421, .F. ) ;
#1437 = ORIENTED_EDGE ( 'NONE', *, *, #579, .T. ) ;
#1438 = ORIENTED_EDGE ( 'NONE', *, *, #5193, .F. ) ;
#1439 = VERTEX_POINT ( 'NONE', #6874 ) ;
#1440 = CIRCLE ( 'NONE', #8760, 0.01181102362204724000 ) ;
#1441 = ORIENTED_EDGE ( 'NONE', *, *, #1374, .T. ) ;
#1442 = VECTOR ( 'NONE', #5557, 39.37007874015748100 ) ;
#1443 = PLANE ( 'NONE',  #2545 ) ;
#1444 = ORIENTED_EDGE ( 'NONE', *, *, #7230, .F. ) ;
#1445 = AXIS2_PLACEMENT_3D ( 'NONE', #8912, #680, #2874 ) ;
#1446 = VERTEX_POINT ( 'NONE', #7626 ) ;
#1447 = VERTEX_POINT ( 'NONE', #6052 ) ;
#1448 = CARTESIAN_POINT ( 'NONE',  ( -0.3121259842519683600, 0.6701574803149607000, 0.3350000000000001900 ) ) ;
#1449 = VERTEX_POINT ( 'NONE', #3736 ) ;
#1450 = VECTOR ( 'NONE', #779, 39.37007874015748100 ) ;
#1451 = ORIENTED_EDGE ( 'NONE', *, *, #4745, .F. ) ;
#1452 = LINE ( 'NONE', #3372, #7418 ) ;
#1453 = ORIENTED_EDGE ( 'NONE', *, *, #4634, .T. ) ;
#1454 = LINE ( 'NONE', #7768, #4584 ) ;
#1455 = CARTESIAN_POINT ( 'NONE',  ( -0.3189392411772623000, 0.6752951442791653700, 0.3219122744137266100 ) ) ;
#1456 = AXIS2_PLACEMENT_3D ( 'NONE', #8337, #3817, #9126 ) ;
#1457 = EDGE_CURVE ( 'NONE', #8822, #1687, #5872, .T. ) ;
#1458 = ORIENTED_EDGE ( 'NONE', *, *, #8858, .T. ) ;
#1459 = CARTESIAN_POINT ( 'NONE',  ( 0.3071149738966091900, 0.6745144169278312100, -0.3331633977070582700 ) ) ;
#1460 = LINE ( 'NONE', #6285, #3872 ) ;
#1461 = EDGE_LOOP ( 'NONE', ( #1330, #7494, #4799, #6191 ) ) ;
#1463 = VERTEX_POINT ( 'NONE', #2316 ) ;
#1462 = CARTESIAN_POINT ( 'NONE',  ( 0.3121259842519704700, 0.07874015748031400200, -0.3231889763779507400 ) ) ;
#1464 = LINE ( 'NONE', #5664, #273 ) ;
#1465 = EDGE_LOOP ( 'NONE', ( #1584, #2902, #9622, #5291 ) ) ;
#1466 = ORIENTED_EDGE ( 'NONE', *, *, #1274, .T. ) ;
#1467 = CARTESIAN_POINT ( 'NONE',  ( 0.3200000000000020100, 0.05511811023621931300, 0.1453149606299177500 ) ) ;
#1468 = VECTOR ( 'NONE', #4868, 39.37007874015748100 ) ;
#1469 = ADVANCED_FACE ( 'NONE', ( #2130 ), #7904, .T. ) ;
#1470 = ORIENTED_EDGE ( 'NONE', *, *, #6536, .T. ) ;
#1471 = CARTESIAN_POINT ( 'NONE',  ( 0.2615000000000006200, -0.1603553390593265000, 0.2424999999999996000 ) ) ;
#1472 = VERTEX_POINT ( 'NONE', #112 ) ;
#1473 = EDGE_LOOP ( 'NONE', ( #652, #1096, #4455, #1885 ) ) ;
#1475 = CARTESIAN_POINT ( 'NONE',  ( -0.2618110236220472200, 0.6799999999999999400, -0.001968503937007842300 ) ) ;
#1474 = VECTOR ( 'NONE', #2018, 39.37007874015748100 ) ;
#1476 = AXIS2_PLACEMENT_3D ( 'NONE', #770, #8284, #7552 ) ;
#1477 = CARTESIAN_POINT ( 'NONE',  ( -0.3178982845064620700, 0.6680618398624081900, -0.3310174633725219100 ) ) ;
#1478 = AXIS2_PLACEMENT_3D ( 'NONE', #2400, #6953, #3231 ) ;
#1479 = ADVANCED_FACE ( 'NONE', ( #44 ), #4216, .F. ) ;
#1480 = LINE ( 'NONE', #7804, #527 ) ;
#1481 = EDGE_CURVE ( 'NONE', #4768, #5133, #3861, .T. ) ;
#1482 = DIRECTION ( 'NONE',  ( 0.0000000000000000000, 0.0000000000000000000, -1.000000000000000000 ) ) ;
#1483 = ORIENTED_EDGE ( 'NONE', *, *, #95, .T. ) ;
#1484 = DIRECTION ( 'NONE',  ( 0.0000000000000000000, 0.0000000000000000000, -1.000000000000000000 ) ) ;
#1485 = CARTESIAN_POINT ( 'NONE',  ( -0.08267716535433165800, 0.2764566929133847100, 0.2399521717798882800 ) ) ;
#1486 = CARTESIAN_POINT ( 'NONE',  ( 0.3102974565612454100, 0.6671149738966100100, 0.3265137834876555300 ) ) ;
#1487 = CARTESIAN_POINT ( 'NONE',  ( 0.06700000000000057300, -0.1603553390593272000, -0.2900000000000004800 ) ) ;
#1488 = VERTEX_POINT ( 'NONE', #7664 ) ;
#1489 = LINE ( 'NONE', #7017, #5556 ) ;
#1491 = EDGE_LOOP ( 'NONE', ( #1234, #9302, #845, #6706 ) ) ;
#1490 = B_SPLINE_CURVE_WITH_KNOTS ( 'NONE', 1,
 ( #8857, #4303 ),
 .UNSPECIFIED., .F., .F.,
 ( 2, 2 ),
 ( 0.0000000000000000000, 1.000000000000000000 ),
 .UNSPECIFIED. ) ;
#1492 = VECTOR ( 'NONE', #4749, 39.37007874015748100 ) ;
#1493 = DIRECTION ( 'NONE',  ( 1.000000000000000000, 3.400677691960634000E-015, -0.0000000000000000000 ) ) ;
#1494 = ORIENTED_EDGE ( 'NONE', *, *, #7698, .T. ) ;
#1495 = LINE ( 'NONE', #2178, #2173 ) ;
#1496 = CARTESIAN_POINT ( 'NONE',  ( 0.3200994094488202600, 0.05511811023621931300, -0.04759842519685392200 ) ) ;
#1497 = CARTESIAN_POINT ( 'NONE',  ( 0.3200000000000001200, 0.6701574803149605900, 0.1791338582677165500 ) ) ;
#1498 = EDGE_CURVE ( 'NONE', #2126, #4083, #7788, .T. ) ;
#1499 = LINE ( 'NONE', #8192, #4735 ) ;
#1500 = CARTESIAN_POINT ( 'NONE',  ( 0.3121259842519707500, 1.058591097544902100E-015, -0.3133464566929130000 ) ) ;
#1501 = DIRECTION ( 'NONE',  ( -3.400677691960634000E-015, 1.000000000000000000, -0.0000000000000000000 ) ) ;
#1502 = EDGE_CURVE ( 'NONE', #5397, #6551, #5990, .T. ) ;
#1503 = DIRECTION ( 'NONE',  ( 0.0000000000000000000, -4.218116895464020600E-045, 1.000000000000000000 ) ) ;
#1504 = EDGE_CURVE ( 'NONE', #5034, #1713, #1904, .T. ) ;
#1505 = VERTEX_POINT ( 'NONE', #3877 ) ;
#1506 = EDGE_CURVE ( 'NONE', #1505, #4416, #3492, .T. ) ;
#1507 = LINE ( 'NONE', #2056, #558 ) ;
#1508 =( NAMED_UNIT ( * ) PLANE_ANGLE_UNIT ( ) SI_UNIT ( $, .RADIAN. ) );
#1509 = ADVANCED_FACE ( 'NONE', ( #1107 ), #6295, .T. ) ;
#1510 = CARTESIAN_POINT ( 'NONE',  ( -0.1829999999999994700, -0.1603553390593280300, -0.1740000000000004900 ) ) ;
#1511 = AXIS2_PLACEMENT_3D ( 'NONE', #7546, #3006, #3087 ) ;
#1512 = LINE ( 'NONE', #3376, #2880 ) ;
#1513 = CARTESIAN_POINT ( 'NONE',  ( -0.3152951442791672700, 0.6789392411772613400, 0.3219122744137265000 ) ) ;
#1514 = DIRECTION ( 'NONE',  ( -3.400677691960634000E-015, 1.000000000000000000, 6.347727701402966300E-047 ) ) ;
#1515 = ADVANCED_FACE ( 'NONE', ( #7670 ), #502, .T. ) ;
#1516 = CARTESIAN_POINT ( 'NONE',  ( 0.2365000000000000700, 0.009842519685040173100, 0.2424999999999996000 ) ) ;
#1517 = CARTESIAN_POINT ( 'NONE',  ( -0.3081889763779472900, 0.6701574803149604700, 0.3271259842519691500 ) ) ;
#1518 = CARTESIAN_POINT ( 'NONE',  ( -0.3081889763779540000, -0.3351212936813986500, -0.3231889763779527400 ) ) ;
#1519 = DIRECTION ( 'NONE',  ( 0.0000000000000000000, -4.174047234135139500E-046, -1.000000000000000000 ) ) ;
#1520 = DIRECTION ( 'NONE',  ( 0.1736481776669270600, 0.9848077530122085800, 0.0000000000000000000 ) ) ;
#1521 = DIRECTION ( 'NONE',  ( 0.0000000000000000000, 4.218116895464021200E-045, -1.000000000000000000 ) ) ;
#1522 = AXIS2_PLACEMENT_3D ( 'NONE', #6669, #4296, #1484 ) ;
#1523 = CARTESIAN_POINT ( 'NONE',  ( 0.1220472440944857000, 0.6701574803149602500, 0.2793222505200456100 ) ) ;
#1524 = EDGE_CURVE ( 'NONE', #4220, #5792, #5648, .T. ) ;
#1525 = EDGE_CURVE ( 'NONE', #134, #1439, #7061, .T. ) ;
#1526 = DIRECTION ( 'NONE',  ( 3.717264591378909100E-015, 6.909629590348067000E-015, -1.000000000000000000 ) ) ;
#1527 = ORIENTED_EDGE ( 'NONE', *, *, #218, .T. ) ;
#1528 = ORIENTED_EDGE ( 'NONE', *, *, #522, .F. ) ;
#1529 = CARTESIAN_POINT ( 'NONE',  ( -0.3121259842519704100, 0.03937007874015850000, -0.1775196850393696800 ) ) ;
#1530 = FACE_OUTER_BOUND ( 'NONE', #8387, .T. ) ;
#1531 = CARTESIAN_POINT ( 'NONE',  ( -0.3096711032650361600, 0.6665482866397699500, 0.3269109955571741200 ) ) ;
#1532 = CARTESIAN_POINT ( 'NONE',  ( -0.3145144169278268900, 0.6671149738966100100, -0.3331633977070616000 ) ) ;
#1533 = DIRECTION ( 'NONE',  ( 3.400677691960634400E-015, -1.000000000000000000, 0.0000000000000000000 ) ) ;
#1534 = EDGE_CURVE ( 'NONE', #2674, #5563, #8837, .T. ) ;
#1535 = LINE ( 'NONE', #9524, #4054 ) ;
#1536 = ADVANCED_FACE ( 'NONE', ( #5033 ), #314, .F. ) ;
#1537 = VERTEX_POINT ( 'NONE', #2487 ) ;
#1538 = VECTOR ( 'NONE', #3421, 39.37007874015748100 ) ;
#1539 = VECTOR ( 'NONE', #8722, 39.37007874015748100 ) ;
#1540 = B_SPLINE_CURVE_WITH_KNOTS ( 'NONE', 1,
 ( #9117, #8457 ),
 .UNSPECIFIED., .F., .F.,
 ( 2, 2 ),
 ( 0.0000000000000000000, 1.000000000000000000 ),
 .UNSPECIFIED. ) ;
#1541 = CARTESIAN_POINT ( 'NONE',  ( 0.1968503937007874100, 0.6721259842519685700, 0.005905511811023646300 ) ) ;
#1542 = LINE ( 'NONE', #4938, #5372 ) ;
#1543 = CARTESIAN_POINT ( 'NONE',  ( -1.248692419008931900, 0.009842519685035111200, -0.2916929133858263100 ) ) ;
#1544 = EDGE_LOOP ( 'NONE', ( #5965, #2242, #6847, #1348 ) ) ;
#1545 = EDGE_CURVE ( 'NONE', #5898, #7528, #9545, .T. ) ;
#1546 = DIRECTION ( 'NONE',  ( 1.037459247268930300E-014, 1.000000000000000000, 6.909629590348105700E-015 ) ) ;
#1547 = VECTOR ( 'NONE', #526, 39.37007874015748100 ) ;
#1548 = DIRECTION ( 'NONE',  ( -0.0000000000000000000, -4.174047234135139500E-046, -1.000000000000000000 ) ) ;
#1549 = ADVANCED_FACE ( 'NONE', ( #6454 ), #2439, .F. ) ;
#1550 = ORIENTED_EDGE ( 'NONE', *, *, #6554, .T. ) ;
#1551 = EDGE_LOOP ( 'NONE', ( #1664, #5962, #982, #9222 ) ) ;
#1552 = ORIENTED_EDGE ( 'NONE', *, *, #8717, .F. ) ;
#1553 = ORIENTED_EDGE ( 'NONE', *, *, #3868, .F. ) ;
#1554 = CARTESIAN_POINT ( 'NONE',  ( -0.1365000000000000400, 0.009842519685038910200, 0.2424999999999995200 ) ) ;
#1555 = EDGE_CURVE ( 'NONE', #2822, #4437, #8263, .T. ) ;
#1556 = LINE ( 'NONE', #5108, #6792 ) ;
#1557 = ORIENTED_EDGE ( 'NONE', *, *, #4471, .F. ) ;
#1558 = ORIENTED_EDGE ( 'NONE', *, *, #2522, .F. ) ;
#1559 = PRESENTATION_STYLE_ASSIGNMENT (( #720 ) ) ;
#1560 = DIRECTION ( 'NONE',  ( 0.0000000000000000000, -1.641009651232958300E-015, -1.000000000000000000 ) ) ;
#1561 = VERTEX_POINT ( 'NONE', #1022 ) ;
#1562 = DIRECTION ( 'NONE',  ( -1.000000000000000000, 0.0000000000000000000, 0.0000000000000000000 ) ) ;
#1563 =( LENGTH_UNIT ( ) NAMED_UNIT ( * ) SI_UNIT ( $, .METRE. ) );
#1564 = VECTOR ( 'NONE', #9563, 39.37007874015748900 ) ;
#1565 = ORIENTED_EDGE ( 'NONE', *, *, #2197, .F. ) ;
#1566 = ORIENTED_EDGE ( 'NONE', *, *, #1525, .F. ) ;
#1567 = ORIENTED_EDGE ( 'NONE', *, *, #4833, .F. ) ;
#1568 = FACE_OUTER_BOUND ( 'NONE', #3287, .T. ) ;
#1569 = ADVANCED_FACE ( 'NONE', ( #2025 ), #2518, .F. ) ;
#1570 = ORIENTED_EDGE ( 'NONE', *, *, #6117, .T. ) ;
#1571 = VERTEX_POINT ( 'NONE', #4780 ) ;
#1572 = CYLINDRICAL_SURFACE ( 'NONE', #2495, 0.04724409448818899000 ) ;
#1573 = ORIENTED_EDGE ( 'NONE', *, *, #6491, .T. ) ;
#1574 = FILL_AREA_STYLE_COLOUR ( '', #5890 ) ;
#1575 = CARTESIAN_POINT ( 'NONE',  ( -0.3081889763779523900, 0.6701574803149521500, -0.3271259842519685400 ) ) ;
#1576 = LINE ( 'NONE', #6131, #3749 ) ;
#1577 = AXIS2_PLACEMENT_3D ( 'NONE', #5110, #6833, #3800 ) ;
#1578 = DIRECTION ( 'NONE',  ( 1.000000000000000000, 2.988429361867319300E-017, 0.0000000000000000000 ) ) ;
#1579 = CARTESIAN_POINT ( 'NONE',  ( 0.2697101235488635900, 0.6721259842519685700, 0.1791338582677165500 ) ) ;
#1580 = EDGE_CURVE ( 'NONE', #4973, #601, #4797, .T. ) ;
#1581 = ORIENTED_EDGE ( 'NONE', *, *, #3891, .T. ) ;
#1582 = VECTOR ( 'NONE', #1503, 39.37007874015748100 ) ;
#1583 = ORIENTED_EDGE ( 'NONE', *, *, #8042, .T. ) ;
#1584 = ORIENTED_EDGE ( 'NONE', *, *, #1258, .F. ) ;
#1585 = CIRCLE ( 'NONE', #1934, 0.007874015748031516800 ) ;
#1586 = PLANE ( 'NONE',  #6393 ) ;
#1587 = DIRECTION ( 'NONE',  ( 1.000000000000000000, -0.0000000000000000000, 0.0000000000000000000 ) ) ;
#1588 = DIRECTION ( 'NONE',  ( 3.400677691960634400E-015, -1.000000000000000000, -0.0000000000000000000 ) ) ;
#1589 = EDGE_CURVE ( 'NONE', #9583, #5760, #8615, .T. ) ;
#1590 = DIRECTION ( 'NONE',  ( -1.000000000000000000, -3.468166398206581100E-015, -2.134256245050203500E-015 ) ) ;
#1591 = LINE ( 'NONE', #5821, #8294 ) ;
#1592 = VERTEX_POINT ( 'NONE', #2573 ) ;
#1593 = LINE ( 'NONE', #6518, #406 ) ;
#1594 = DIRECTION ( 'NONE',  ( -3.400677691960634400E-015, 1.000000000000000000, -9.538179791247316900E-046 ) ) ;
#1595 = EDGE_CURVE ( 'NONE', #26, #5336, #7547, .T. ) ;
#1596 = ORIENTED_EDGE ( 'NONE', *, *, #2040, .F. ) ;
#1597 = FACE_OUTER_BOUND ( 'NONE', #7953, .T. ) ;
#1598 = PLANE ( 'NONE',  #73 ) ;
#1599 = CARTESIAN_POINT ( 'NONE',  ( 0.1830000000000006600, -0.1603553390593267800, -0.2900000000000004800 ) ) ;
#1600 = ORIENTED_EDGE ( 'NONE', *, *, #1311, .F. ) ;
#1601 = FACE_OUTER_BOUND ( 'NONE', #8368, .T. ) ;
#1602 = DIRECTION ( 'NONE',  ( -1.000000000000000000, -3.414809992080331900E-015, 0.0000000000000000000 ) ) ;
#1603 = ORIENTED_EDGE ( 'NONE', *, *, #4386, .F. ) ;
#1604 = LINE ( 'NONE', #7770, #5073 ) ;
#1605 = ORIENTED_EDGE ( 'NONE', *, *, #8779, .T. ) ;
#1606 = PRESENTATION_LAYER_ASSIGNMENT (  '', '', ( #976 ) ) ;
#1607 = ORIENTED_EDGE ( 'NONE', *, *, #5440, .F. ) ;
#1608 = LINE ( 'NONE', #1825, #1145 ) ;
#1609 = EDGE_CURVE ( 'NONE', #3783, #7224, #746, .T. ) ;
#1610 = DIRECTION ( 'NONE',  ( 1.000000000000000000, 3.400677691960634000E-015, 0.0000000000000000000 ) ) ;
#1611 = EDGE_CURVE ( 'NONE', #3783, #610, #8501, .T. ) ;
#1612 = ADVANCED_FACE ( 'NONE', ( #5762 ), #3377, .T. ) ;
#1613 = DIRECTION ( 'NONE',  ( -1.000000000000000000, 3.454814795174053600E-015, -0.0000000000000000000 ) ) ;
#1614 = DIRECTION ( 'NONE',  ( 0.1736481776669270600, 0.9848077530122085800, 5.764504297745677100E-017 ) ) ;
#1615 = EDGE_LOOP ( 'NONE', ( #5086, #266, #6933, #235 ) ) ;
#1616 = VECTOR ( 'NONE', #7744, 39.37007874015748100 ) ;
#1617 = ORIENTED_EDGE ( 'NONE', *, *, #5160, .F. ) ;
#1618 = CARTESIAN_POINT ( 'NONE',  ( -0.1330000000000000300, 0.009842519685038918900, -0.2900000000000004800 ) ) ;
#1619 = CARTESIAN_POINT ( 'NONE',  ( 0.3101574803149606000, 0.6721259842519686800, 0.1791338582677165500 ) ) ;
#1620 = AXIS2_PLACEMENT_3D ( 'NONE', #5158, #3701, #8222 ) ;
#1621 = ORIENTED_EDGE ( 'NONE', *, *, #7566, .F. ) ;
#1622 = PLANE ( 'NONE',  #1511 ) ;
#1623 = ADVANCED_FACE ( 'NONE', ( #1791 ), #2618, .F. ) ;
#1624 = CYLINDRICAL_SURFACE ( 'NONE', #4407, 0.007874015748031499400 ) ;
#1625 = CARTESIAN_POINT ( 'NONE',  ( -0.1330299677273122100, 0.2297539172379901900, -0.3350000000000008500 ) ) ;
#1626 = CARTESIAN_POINT ( 'NONE',  ( -0.2517653116130454400, 0.6327559055118111600, 0.005905511811023646300 ) ) ;
#1627 = DIRECTION ( 'NONE',  ( -1.000000000000000000, 3.454814795174053600E-015, 0.0000000000000000000 ) ) ;
#1628 = DIRECTION ( 'NONE',  ( 0.0000000000000000000, 1.000000000000000000, 0.0000000000000000000 ) ) ;
#1629 = CARTESIAN_POINT ( 'NONE',  ( 0.1670000000000005900, -0.1603553390593268300, -0.2900000000000004800 ) ) ;
#1630 = VECTOR ( 'NONE', #662, 39.37007874015748100 ) ;
#1631 = DIRECTION ( 'NONE',  ( -1.000000000000000000, -3.454814795174053200E-015, 0.0000000000000000000 ) ) ;
#1632 = CARTESIAN_POINT ( 'NONE',  ( 0.3099217144102479100, 0.6721259842519686800, -0.3231889763779526900 ) ) ;
#1633 = ORIENTED_EDGE ( 'NONE', *, *, #2534, .T. ) ;
#1634 = EDGE_CURVE ( 'NONE', #9676, #760, #2480, .T. ) ;
#1635 = CARTESIAN_POINT ( 'NONE',  ( -0.3101574803149604900, 0.6747506561679792500, 0.3230102407095417100 ) ) ;
#1636 = CARTESIAN_POINT ( 'NONE',  ( -0.3102974565612440200, 0.6671149738966095600, 0.3265137834876563100 ) ) ;
#1637 = VECTOR ( 'NONE', #2557, 39.37007874015748100 ) ;
#1638 = DIRECTION ( 'NONE',  ( 0.0000000000000000000, 0.3333333333333554100, -0.9428090415820555800 ) ) ;
#1639 = CARTESIAN_POINT ( 'NONE',  ( -0.3081889763779544500, 0.07874015748031065700, -0.3271259842519664800 ) ) ;
#1640 = CARTESIAN_POINT ( 'NONE',  ( 0.3200994094488203200, 0.07086614173228121500, -0.1853937007874011700 ) ) ;
#1641 = AXIS2_PLACEMENT_3D ( 'NONE', #5326, #828, #8348 ) ;
#1642 = ADVANCED_FACE ( 'NONE', ( #6569 ), #3285, .T. ) ;
#1643 = LINE ( 'NONE', #697, #9384 ) ;
#1644 = DIRECTION ( 'NONE',  ( -1.000000000000000000, -4.553079989440437500E-015, 0.0000000000000000000 ) ) ;
#1645 = EDGE_CURVE ( 'NONE', #3744, #9184, #3514, .T. ) ;
#1646 = CARTESIAN_POINT ( 'NONE',  ( -0.3200000000000020100, 0.07086614173228342200, -0.1775196850393696300 ) ) ;
#1647 = CARTESIAN_POINT ( 'NONE',  ( -0.3121259842519705200, 0.05511811023622149900, -0.06531496062992475600 ) ) ;
#1648 = DIRECTION ( 'NONE',  ( -3.400677691960634400E-015, 1.000000000000000000, -2.087764443346746700E-016 ) ) ;
#1649 = VERTEX_POINT ( 'NONE', #7957 ) ;
#1650 = ADVANCED_FACE ( 'NONE', ( #9319 ), #8657, .F. ) ;
#1651 = COLOUR_RGB ( '',0.7921568627450980000, 0.8196078431372548800, 0.9333333333333333500 ) ;
#1652 = CARTESIAN_POINT ( 'NONE',  ( 0.1991058788142260100, 0.5618897637795271500, -0.3271259842519684800 ) ) ;
#1653 = EDGE_CURVE ( 'NONE', #6950, #4240, #152, .T. ) ;
#1654 = VERTEX_POINT ( 'NONE', #4157 ) ;
#1655 = CARTESIAN_POINT ( 'NONE',  ( 0.3200994094488202000, 0.03937007874015630700, -0.1224015748031491900 ) ) ;
#1656 = VECTOR ( 'NONE', #1799, 39.37007874015748900 ) ;
#1657 = ORIENTED_EDGE ( 'NONE', *, *, #3338, .T. ) ;
#1658 = ADVANCED_FACE ( 'NONE', ( #1568 ), #4821, .T. ) ;
#1659 = LINE ( 'NONE', #2850, #4886 ) ;
#1660 = DIRECTION ( 'NONE',  ( 1.000000000000000000, -3.454814795174053600E-015, 0.0000000000000000000 ) ) ;
#1661 = DIRECTION ( 'NONE',  ( -3.454814795174053600E-015, -1.000000000000000000, 3.348887019260232700E-015 ) ) ;
#1662 = ORIENTED_EDGE ( 'NONE', *, *, #2332, .T. ) ;
#1663 = ORIENTED_EDGE ( 'NONE', *, *, #9165, .F. ) ;
#1664 = ORIENTED_EDGE ( 'NONE', *, *, #6437, .T. ) ;
#1665 = DIRECTION ( 'NONE',  ( -7.099813968557893200E-031, 2.087764443346746500E-016, 1.000000000000000000 ) ) ;
#1666 = EDGE_LOOP ( 'NONE', ( #2755, #5265, #6478, #3397 ) ) ;
#1667 = DIRECTION ( 'NONE',  ( -1.000000000000000000, 3.454814795174053200E-015, -0.0000000000000000000 ) ) ;
#1668 = VERTEX_POINT ( 'NONE', #7133 ) ;
#1669 = LINE ( 'NONE', #2378, #9061 ) ;
#1670 = ORIENTED_EDGE ( 'NONE', *, *, #4276, .T. ) ;
#1671 = EDGE_CURVE ( 'NONE', #9342, #2032, #6267, .T. ) ;
#1672 = LINE ( 'NONE', #339, #7404 ) ;
#1673 = ORIENTED_EDGE ( 'NONE', *, *, #3375, .F. ) ;
#1674 = DIRECTION ( 'NONE',  ( 1.000000000000000000, -3.454814795174053200E-015, 0.0000000000000000000 ) ) ;
#1675 = EDGE_LOOP ( 'NONE', ( #29, #7772, #9069, #2665 ) ) ;
#1676 = ORIENTED_EDGE ( 'NONE', *, *, #1506, .F. ) ;
#1677 = EDGE_LOOP ( 'NONE', ( #9507, #2686, #4146, #5018 ) ) ;
#1678 = EDGE_CURVE ( 'NONE', #2111, #5563, #2592, .T. ) ;
#1679 = DIRECTION ( 'NONE',  ( 1.000000000000000000, 3.400677691960634400E-015, 0.0000000000000000000 ) ) ;
#1680 = LINE ( 'NONE', #5946, #8136 ) ;
#1681 = VERTEX_POINT ( 'NONE', #7926 ) ;
#1682 = FACE_OUTER_BOUND ( 'NONE', #5, .T. ) ;
#1683 = VERTEX_POINT ( 'NONE', #439 ) ;
#1684 = VECTOR ( 'NONE', #6860, 39.37007874015748100 ) ;
#1685 = EDGE_CURVE ( 'NONE', #275, #2251, #3396, .T. ) ;
#1686 = CARTESIAN_POINT ( 'NONE',  ( -0.3119138324874207200, 0.6711850131078018800, -0.3219122744137256600 ) ) ;
#1687 = VERTEX_POINT ( 'NONE', #8748 ) ;
#1688 = CARTESIAN_POINT ( 'NONE',  ( 0.2573001884328043300, 0.6721259842519685700, 0.2818503937007870700 ) ) ;
#1689 = DIRECTION ( 'NONE',  ( -1.000000000000000000, -3.414809992080328300E-015, 0.0000000000000000000 ) ) ;
#1690 = VECTOR ( 'NONE', #7865, 39.37007874015748900 ) ;
#1691 = VERTEX_POINT ( 'NONE', #5590 ) ;
#1692 = ORIENTED_EDGE ( 'NONE', *, *, #452, .F. ) ;
#1693 = ORIENTED_EDGE ( 'NONE', *, *, #4147, .F. ) ;
#1694 = VECTOR ( 'NONE', #7950, 39.37007874015748100 ) ;
#1695 = DIRECTION ( 'NONE',  ( 0.0000000000000000000, -1.000000000000000000, 0.0000000000000000000 ) ) ;
#1696 = VERTEX_POINT ( 'NONE', #3447 ) ;
#1697 = CARTESIAN_POINT ( 'NONE',  ( 0.3121259842519706900, 0.01574803149606186800, -1.897116662266582500E-019 ) ) ;
#1698 = VERTEX_POINT ( 'NONE', #5082 ) ;
#1699 = ORIENTED_EDGE ( 'NONE', *, *, #5414, .F. ) ;
#1700 = CYLINDRICAL_SURFACE ( 'NONE', #6417, 0.007874015748031490700 ) ;
#1701 = CARTESIAN_POINT ( 'NONE',  ( -0.3101574803149606000, 0.6800000000000001600, -0.3230102407095410400 ) ) ;
#1702 = CARTESIAN_POINT ( 'NONE',  ( 0.2651652498911324900, 0.6721259842519685700, 0.2743517874051790700 ) ) ;
#1703 = DIRECTION ( 'NONE',  ( -0.0000000000000000000, -0.0000000000000000000, 1.000000000000000000 ) ) ;
#1704 = DIRECTION ( 'NONE',  ( 0.0000000000000000000, -4.874815374145015400E-045, 1.000000000000000000 ) ) ;
#1705 = VECTOR ( 'NONE', #843, 39.37007874015748100 ) ;
#1706 = CARTESIAN_POINT ( 'NONE',  ( -0.1364999999999995700, -0.1250000000000004700, 0.2424999999999995200 ) ) ;
#1707 = EDGE_LOOP ( 'NONE', ( #6317, #7284, #1441, #58 ) ) ;
#1708 = LINE ( 'NONE', #2925, #2628 ) ;
#1709 = DIRECTION ( 'NONE',  ( 0.0000000000000000000, 1.000000000000000000, 0.0000000000000000000 ) ) ;
#1710 = AXIS2_PLACEMENT_3D ( 'NONE', #1172, #5614, #3420 ) ;
#1711 = CARTESIAN_POINT ( 'NONE',  ( -0.03300000000000002900, 0.009842519685039258900, -0.2740000000000004700 ) ) ;
#1712 = FACE_OUTER_BOUND ( 'NONE', #1895, .T. ) ;
#1713 = VERTEX_POINT ( 'NONE', #7350 ) ;
#1714 = ADVANCED_FACE ( 'NONE', ( #6206 ), #8783, .F. ) ;
#1715 = FACE_OUTER_BOUND ( 'NONE', #3179, .T. ) ;
#1716 = DIRECTION ( 'NONE',  ( 0.0000000000000000000, 0.0000000000000000000, 1.000000000000000000 ) ) ;
#1717 = EDGE_CURVE ( 'NONE', #5873, #7635, #8826, .T. ) ;
#1719 = EDGE_CURVE ( 'NONE', #7551, #6300, #4683, .T. ) ;
#1718 = DIRECTION ( 'NONE',  ( 1.000000000000000000, 3.400677691960634400E-015, 0.0000000000000000000 ) ) ;
#1720 = CARTESIAN_POINT ( 'NONE',  ( -0.3152951442791664400, 0.6789392411772616800, -0.3219122744137258300 ) ) ;
#1721 = CARTESIAN_POINT ( 'NONE',  ( 0.0000000000000000000, 0.6721259842519685700, 0.0000000000000000000 ) ) ;
#1722 = FACE_OUTER_BOUND ( 'NONE', #554, .T. ) ;
#1723 = CARTESIAN_POINT ( 'NONE',  ( -0.3189392411772617500, 0.6752951442791662600, -0.3219122744137256600 ) ) ;
#1724 = ORIENTED_EDGE ( 'NONE', *, *, #5831, .T. ) ;
#1725 = VECTOR ( 'NONE', #119, 39.37007874015748100 ) ;
#1726 = CARTESIAN_POINT ( 'NONE',  ( 0.2519685039370092600, 0.2764566929133857600, 0.08464566929133864000 ) ) ;
#1727 = AXIS2_PLACEMENT_3D ( 'NONE', #5056, #7272, #6568 ) ;
#1728 = ORIENTED_EDGE ( 'NONE', *, *, #1760, .F. ) ;
#1729 = CIRCLE ( 'NONE', #4917, 0.008858267716535448600 ) ;
#1730 = EDGE_CURVE ( 'NONE', #5672, #3956, #1780, .T. ) ;
#1731 = CARTESIAN_POINT ( 'NONE',  ( -0.3102974565612440200, 0.6671149738966095600, 0.3265137834876563100 ) ) ;
#1732 = DIRECTION ( 'NONE',  ( 0.0000000000000000000, 1.000000000000000000, 0.0000000000000000000 ) ) ;
#1733 = CARTESIAN_POINT ( 'NONE',  ( -0.3071149738966094700, 0.6745144169278312100, -0.3331633977070582700 ) ) ;
#1734 = EDGE_CURVE ( 'NONE', #2125, #165, #7030, .T. ) ;
#1735 = ORIENTED_EDGE ( 'NONE', *, *, #8889, .F. ) ;
#1736 = CARTESIAN_POINT ( 'NONE',  ( -0.01700000000000001500, 0.009842519685039311000, -0.2740000000000004700 ) ) ;
#1737 = LINE ( 'NONE', #2626, #803 ) ;
#1738 = DIRECTION ( 'NONE',  ( -3.400677691960634400E-015, 1.000000000000000000, 4.651744544108783500E-047 ) ) ;
#1739 = ORIENTED_EDGE ( 'NONE', *, *, #3558, .T. ) ;
#1740 = DIRECTION ( 'NONE',  ( 0.0000000000000000000, -1.000000000000000000, 5.421010862427524100E-016 ) ) ;
#1741 = CARTESIAN_POINT ( 'NONE',  ( 0.1102362204724409000, 0.6681889763779533800, 0.3231889763779529600 ) ) ;
#1742 = EDGE_CURVE ( 'NONE', #3742, #378, #1556, .T. ) ;
#1743 = CARTESIAN_POINT ( 'NONE',  ( -0.3089861342390350900, 0.6721259842519691200, 0.3245087043922656500 ) ) ;
#1744 = VECTOR ( 'NONE', #4073, 39.37007874015748100 ) ;
#1745 = VERTEX_POINT ( 'NONE', #5818 ) ;
#1746 = CARTESIAN_POINT ( 'NONE',  ( 0.1615000000000006200, -0.1603553390593268300, 0.2424999999999995800 ) ) ;
#1747 = DIRECTION ( 'NONE',  ( 1.000000000000000000, 3.400677691960634400E-015, 1.435740158086107800E-032 ) ) ;
#1748 = AXIS2_PLACEMENT_3D ( 'NONE', #6965, #6998, #3237 ) ;
#1749 = EDGE_CURVE ( 'NONE', #4464, #3443, #5748, .T. ) ;
#1750 = ADVANCED_FACE ( 'NONE', ( #9530 ), #1420, .F. ) ;
#1751 = CARTESIAN_POINT ( 'NONE',  ( 0.2615000000000006200, -0.1603553390593265000, 0.2424999999999996000 ) ) ;
#1752 = DIRECTION ( 'NONE',  ( 1.000000000000000000, 0.0000000000000000000, 0.0000000000000000000 ) ) ;
#1753 = CARTESIAN_POINT ( 'NONE',  ( -0.2362204724409458500, 0.2764566929133841500, 0.1689370078740164700 ) ) ;
#1754 = CARTESIAN_POINT ( 'NONE',  ( 0.1615000000000006200, -0.1603553390593268300, 0.2174999999999995500 ) ) ;
#1755 = CARTESIAN_POINT ( 'NONE',  ( 0.3101574803149606000, 0.6701574803149607000, 0.1791338582677164900 ) ) ;
#1756 = ORIENTED_EDGE ( 'NONE', *, *, #7180, .T. ) ;
#1757 = ORIENTED_EDGE ( 'NONE', *, *, #7966, .F. ) ;
#1758 = LINE ( 'NONE', #804, #3475 ) ;
#1759 = DIRECTION ( 'NONE',  ( -0.5773502691896226200, -0.5773502691896278400, -0.5773502691896269500 ) ) ;
#1760 = EDGE_CURVE ( 'NONE', #6580, #2958, #7534, .T. ) ;
#1761 = DIRECTION ( 'NONE',  ( 3.400677691960634400E-015, -1.000000000000000000, 6.547132841465570100E-047 ) ) ;
#1762 = DIRECTION ( 'NONE',  ( -4.268512490100417200E-015, 1.030197060486626600E-033, 1.000000000000000000 ) ) ;
#1763 = EDGE_LOOP ( 'NONE', ( #4539, #3394, #5322, #8357 ) ) ;
#1764 = VECTOR ( 'NONE', #8570, 39.37007874015748100 ) ;
#1765 = CARTESIAN_POINT ( 'NONE',  ( -0.1991058788142258700, 0.5618897637795270400, -0.3349999999999999100 ) ) ;
#1766 = LINE ( 'NONE', #8130, #8111 ) ;
#1767 = CARTESIAN_POINT ( 'NONE',  ( 0.3200994094488203200, 0.07874015748031271100, -0.3349999999999995800 ) ) ;
#1768 = DIRECTION ( 'NONE',  ( -1.000000000000000000, -4.553079989440437500E-015, 0.0000000000000000000 ) ) ;
#1769 = AXIS2_PLACEMENT_3D ( 'NONE', #4124, #7107, #2610 ) ;
#1770 = VERTEX_POINT ( 'NONE', #3507 ) ;
#1771 = DIRECTION ( 'NONE',  ( 1.321872889428134900E-029, 1.000000000000000000, -3.535716378941755800E-015 ) ) ;
#1772 = LINE ( 'NONE', #5459, #6199 ) ;
#1773 = EDGE_CURVE ( 'NONE', #2227, #9156, #2012, .T. ) ;
#1774 = CARTESIAN_POINT ( 'NONE',  ( -0.3200000000000021700, 0.02362204724409555000, 0.1453149606299177500 ) ) ;
#1775 = DIRECTION ( 'NONE',  ( 0.0000000000000000000, 1.000000000000000000, 0.0000000000000000000 ) ) ;
#1776 = ORIENTED_EDGE ( 'NONE', *, *, #3319, .T. ) ;
#1777 = VERTEX_POINT ( 'NONE', #3574 ) ;
#1778 = ORIENTED_EDGE ( 'NONE', *, *, #6256, .F. ) ;
#1779 = ORIENTED_EDGE ( 'NONE', *, *, #3203, .T. ) ;
#1780 = LINE ( 'NONE', #4231, #4907 ) ;
#1781 = ORIENTED_EDGE ( 'NONE', *, *, #7523, .T. ) ;
#1782 = VERTEX_POINT ( 'NONE', #2038 ) ;
#1783 = LINE ( 'NONE', #7345, #8491 ) ;
#1784 = ORIENTED_EDGE ( 'NONE', *, *, #7726, .F. ) ;
#1785 = DIRECTION ( 'NONE',  ( -1.000000000000000000, 3.454814795174053600E-015, -0.0000000000000000000 ) ) ;
#1786 = CARTESIAN_POINT ( 'NONE',  ( 0.2755905511810998700, 0.6701574803149605900, -0.1460236220472434000 ) ) ;
#1787 = DIRECTION ( 'NONE',  ( -5.102127870519943100E-016, 0.0000000000000000000, -1.000000000000000000 ) ) ;
#1788 = ORIENTED_EDGE ( 'NONE', *, *, #2197, .T. ) ;
#1789 = CLOSED_SHELL ( 'NONE', ( #4602, #8248, #5902, #2860, #7387, #5564 ) ) ;
#1790 = AXIS2_PLACEMENT_3D ( 'NONE', #7285, #4290, #2769 ) ;
#1791 = FACE_OUTER_BOUND ( 'NONE', #4561, .T. ) ;
#1792 = DIRECTION ( 'NONE',  ( 0.0000000000000000000, 0.0000000000000000000, 1.000000000000000000 ) ) ;
#1793 = ORIENTED_EDGE ( 'NONE', *, *, #2641, .F. ) ;
#1794 = ORIENTED_EDGE ( 'NONE', *, *, #6290, .F. ) ;
#1795 = VECTOR ( 'NONE', #374, 39.37007874015748100 ) ;
#1796 = ORIENTED_EDGE ( 'NONE', *, *, #7227, .T. ) ;
#1797 = FACE_OUTER_BOUND ( 'NONE', #3856, .T. ) ;
#1798 = DIRECTION ( 'NONE',  ( -1.000000000000000000, 3.454814795174053200E-015, -0.0000000000000000000 ) ) ;
#1799 = DIRECTION ( 'NONE',  ( 0.7071067811865412400, -0.7071067811865536800, 2.934316462495838400E-016 ) ) ;
#1800 = EDGE_CURVE ( 'NONE', #80, #2441, #7819, .T. ) ;
#1801 = DIRECTION ( 'NONE',  ( 0.0000000000000000000, -1.000000000000000000, 0.0000000000000000000 ) ) ;
#1802 = ADVANCED_FACE ( 'NONE', ( #7415 ), #2861, .F. ) ;
#1803 = ORIENTED_EDGE ( 'NONE', *, *, #9165, .T. ) ;
#1804 = VECTOR ( 'NONE', #4963, 39.37007874015748100 ) ;
#1805 = PLANE ( 'NONE',  #6284 ) ;
#1806 = ORIENTED_EDGE ( 'NONE', *, *, #2509, .T. ) ;
#1807 = ORIENTED_EDGE ( 'NONE', *, *, #1311, .T. ) ;
#1808 = VECTOR ( 'NONE', #7704, 39.37007874015748100 ) ;
#1809 = EDGE_CURVE ( 'NONE', #9559, #627, #335, .T. ) ;
#1810 = DIRECTION ( 'NONE',  ( 3.334775382890943900E-015, -1.000000000000000000, 1.066559513921812400E-045 ) ) ;
#1811 = EDGE_CURVE ( 'NONE', #7265, #4499, #9427, .T. ) ;
#1812 = CARTESIAN_POINT ( 'NONE',  ( 0.1653543307086602600, 0.5591058788142251300, 0.3271259842519674300 ) ) ;
#1813 = EDGE_CURVE ( 'NONE', #4245, #1352, #5396, .T. ) ;
#1814 = CARTESIAN_POINT ( 'NONE',  ( 0.1830000000000005800, -0.1249999999999993900, -0.2740000000000004700 ) ) ;
#1815 = VECTOR ( 'NONE', #2789, 39.37007874015748100 ) ;
#1816 = ORIENTED_EDGE ( 'NONE', *, *, #1717, .T. ) ;
#1817 = VECTOR ( 'NONE', #4043, 39.37007874015748100 ) ;
#1818 = DIRECTION ( 'NONE',  ( 1.000000000000000000, 3.400677691960634400E-015, -1.401298464324817100E-045 ) ) ;
#1819 = DIRECTION ( 'NONE',  ( -1.000000000000000000, -3.400677691960634000E-015, 1.751623080406021300E-046 ) ) ;
#1820 = AXIS2_PLACEMENT_3D ( 'NONE', #2176, #5901, #2897 ) ;
#1821 = ORIENTED_EDGE ( 'NONE', *, *, #1555, .T. ) ;
#1822 = LINE ( 'NONE', #8782, #8289 ) ;
#1823 = DIRECTION ( 'NONE',  ( 0.0000000000000000000, 0.0000000000000000000, 1.000000000000000000 ) ) ;
#1824 = ORIENTED_EDGE ( 'NONE', *, *, #7977, .T. ) ;
#1825 = CARTESIAN_POINT ( 'NONE',  ( 0.1365000000000006200, -0.1603553390593269500, 0.2424999999999995800 ) ) ;
#1826 =( LENGTH_UNIT ( ) NAMED_UNIT ( * ) SI_UNIT ( $, .METRE. ) );
#1827 = ORIENTED_EDGE ( 'NONE', *, *, #2325, .F. ) ;
#1828 = VECTOR ( 'NONE', #3869, 39.37007874015748100 ) ;
#1829 = ORIENTED_EDGE ( 'NONE', *, *, #7112, .T. ) ;
#1830 = ORIENTED_EDGE ( 'NONE', *, *, #1318, .F. ) ;
#1831 = DIRECTION ( 'NONE',  ( -0.0000000000000000000, -0.0000000000000000000, -1.000000000000000000 ) ) ;
#1832 = VECTOR ( 'NONE', #1852, 39.37007874015748100 ) ;
#1833 = AXIS2_PLACEMENT_3D ( 'NONE', #8333, #2275, #1578 ) ;
#1834 = ORIENTED_EDGE ( 'NONE', *, *, #1811, .T. ) ;
#1835 = VECTOR ( 'NONE', #6596, 39.37007874015748100 ) ;
#1836 = DIRECTION ( 'NONE',  ( 3.468166398206581500E-015, -1.000000000000000000, -9.849285394216799900E-046 ) ) ;
#1837 = ORIENTED_EDGE ( 'NONE', *, *, #8447, .F. ) ;
#1838 = CARTESIAN_POINT ( 'NONE',  ( 0.1653543307086601500, 0.07874015748031325300, -0.3271259842519686500 ) ) ;
#1839 = EDGE_CURVE ( 'NONE', #7065, #1883, #8955, .T. ) ;
#1840 = EDGE_CURVE ( 'NONE', #1446, #7288, #9190, .T. ) ;
#1841 = DIRECTION ( 'NONE',  ( -0.7071067811865512400, 0.7071067811865438000, -5.778582840727230200E-017 ) ) ;
#1842 = ORIENTED_EDGE ( 'NONE', *, *, #8510, .T. ) ;
#1843 = VECTOR ( 'NONE', #7129, 39.37007874015748100 ) ;
#1844 = CARTESIAN_POINT ( 'NONE',  ( -0.3121259842519705800, -4.234364390179608300E-015, -0.2916929133858263100 ) ) ;
#1845 = CARTESIAN_POINT ( 'NONE',  ( -0.3059794747857381100, 0.6704184896728908600, -0.3350000000000000200 ) ) ;
#1846 = DIRECTION ( 'NONE',  ( -5.351025294946815800E-031, -1.548860246407863300E-016, 1.000000000000000000 ) ) ;
#1847 = AXIS2_PLACEMENT_3D ( 'NONE', #3351, #313, #234 ) ;
#1848 = ADVANCED_FACE ( 'NONE', ( #6929 ), #5020, .F. ) ;
#1849 = MECHANICAL_DESIGN_GEOMETRIC_PRESENTATION_REPRESENTATION (  '', ( #6035 ), #4318 ) ;
#1850 = CARTESIAN_POINT ( 'NONE',  ( -0.06699999999999942100, -0.1603553390593276400, -0.1740000000000004600 ) ) ;
#1851 = LINE ( 'NONE', #8409, #8324 ) ;
#1852 = DIRECTION ( 'NONE',  ( -1.083047519697360100E-027, -3.134893138729876100E-013, -1.000000000000000000 ) ) ;
#1853 = DIRECTION ( 'NONE',  ( 3.400677691960634000E-015, -1.000000000000000000, -0.0000000000000000000 ) ) ;
#1854 = EDGE_LOOP ( 'NONE', ( #4077, #1138, #3028, #6912 ) ) ;
#1855 = EDGE_CURVE ( 'NONE', #7989, #7528, #1327, .T. ) ;
#1856 = CARTESIAN_POINT ( 'NONE',  ( 0.3200994094488200900, 0.02362204724409333900, -0.03972440944882241200 ) ) ;
#1857 = CYLINDRICAL_SURFACE ( 'NONE', #8233, 0.007874015748031499400 ) ;
#1858 = VERTEX_POINT ( 'NONE', #2891 ) ;
#1859 = CARTESIAN_POINT ( 'NONE',  ( 0.3173753280839894900, 0.6701574803149607000, 0.3230102407095412600 ) ) ;
#1860 = CARTESIAN_POINT ( 'NONE',  ( -0.3200000000000021200, 0.03937007874015852100, -0.1775196850393696800 ) ) ;
#1861 = EDGE_CURVE ( 'NONE', #2926, #9124, #5506, .T. ) ;
#1862 = DIRECTION ( 'NONE',  ( 0.0000000000000000000, 1.000000000000000000, 0.0000000000000000000 ) ) ;
#1863 = DIRECTION ( 'NONE',  ( 1.047444401652943500E-014, -3.491481338843133000E-015, -1.000000000000000000 ) ) ;
#1864 = ORIENTED_EDGE ( 'NONE', *, *, #1498, .F. ) ;
#1865 = PLANE ( 'NONE',  #6429 ) ;
#1866 = AXIS2_PLACEMENT_3D ( 'NONE', #8708, #4958, #4923 ) ;
#1867 = CARTESIAN_POINT ( 'NONE',  ( 0.3106733131607022900, 0.6721259842519686800, 0.3222775818124640200 ) ) ;
#1868 = FACE_OUTER_BOUND ( 'NONE', #7668, .T. ) ;
#1869 = CARTESIAN_POINT ( 'NONE',  ( 0.3152951442791655000, 0.6789392411772624500, 0.3219122744137258900 ) ) ;
#1870 = VERTEX_POINT ( 'NONE', #1523 ) ;
#1871 = ORIENTED_EDGE ( 'NONE', *, *, #3104, .T. ) ;
#1872 = DIRECTION ( 'NONE',  ( 0.0000000000000000000, -2.716889285699967600E-045, -1.000000000000000000 ) ) ;
#1873 = CARTESIAN_POINT ( 'NONE',  ( 0.08300000000000058700, -0.1249999999999997200, -0.2740000000000004700 ) ) ;
#1874 = AXIS2_PLACEMENT_3D ( 'NONE', #4528, #89, #6798 ) ;
#1875 = FACE_OUTER_BOUND ( 'NONE', #2455, .T. ) ;
#1876 = FACE_OUTER_BOUND ( 'NONE', #2481, .T. ) ;
#1877 = EDGE_CURVE ( 'NONE', #5397, #458, #2464, .T. ) ;
#1878 = EDGE_CURVE ( 'NONE', #7580, #7152, #2799, .T. ) ;
#1879 = ORIENTED_EDGE ( 'NONE', *, *, #4609, .T. ) ;
#1880 = CARTESIAN_POINT ( 'NONE',  ( 0.01700000000000044200, -0.1249999999999999400, -0.1900000000000004700 ) ) ;
#1881 = VECTOR ( 'NONE', #6088, 39.37007874015748100 ) ;
#1882 = EDGE_CURVE ( 'NONE', #3978, #5760, #3500, .T. ) ;
#1883 = VERTEX_POINT ( 'NONE', #8293 ) ;
#1884 = DIRECTION ( 'NONE',  ( 1.000000000000000000, 0.0000000000000000000, -0.0000000000000000000 ) ) ;
#1885 = ORIENTED_EDGE ( 'NONE', *, *, #4037, .F. ) ;
#1886 = ORIENTED_EDGE ( 'NONE', *, *, #2086, .T. ) ;
#1887 = ORIENTED_EDGE ( 'NONE', *, *, #3140, .T. ) ;
#1888 = CARTESIAN_POINT ( 'NONE',  ( -0.01700000000000001500, 0.009842519685039311000, -0.2740000000000004700 ) ) ;
#1889 = DIRECTION ( 'NONE',  ( 0.0000000000000000000, -1.000000000000000000, 0.0000000000000000000 ) ) ;
#1890 = VECTOR ( 'NONE', #3822, 39.37007874015748100 ) ;
#1891 = ADVANCED_FACE ( 'NONE', ( #8718 ), #6708, .F. ) ;
#1892 = ORIENTED_EDGE ( 'NONE', *, *, #3319, .F. ) ;
#1893 = LINE ( 'NONE', #3213, #2910 ) ;
#1894 = ORIENTED_EDGE ( 'NONE', *, *, #7774, .T. ) ;
#1895 = EDGE_LOOP ( 'NONE', ( #2354, #5129, #8958, #3982 ) ) ;
#1896 = B_SPLINE_CURVE_WITH_KNOTS ( 'NONE', 1,
 ( #9104, #4527 ),
 .UNSPECIFIED., .F., .F.,
 ( 2, 2 ),
 ( 0.0000000000000000000, 1.000000000000000000 ),
 .UNSPECIFIED. ) ;
#1897 = CARTESIAN_POINT ( 'NONE',  ( -0.3102974565612440200, 0.6671149738966095600, 0.3265137834876563100 ) ) ;
#1898 = ORIENTED_EDGE ( 'NONE', *, *, #8935, .F. ) ;
#1899 = VERTEX_POINT ( 'NONE', #5981 ) ;
#1900 = ORIENTED_EDGE ( 'NONE', *, *, #3483, .F. ) ;
#1901 = EDGE_LOOP ( 'NONE', ( #3274, #869, #1095, #8416 ) ) ;
#1902 = DIRECTION ( 'NONE',  ( -3.400677691960634000E-015, -1.000000000000000000, 1.889265384422574300E-016 ) ) ;
#1903 = AXIS2_PLACEMENT_3D ( 'NONE', #4778, #4000, #1146 ) ;
#1904 = LINE ( 'NONE', #6901, #6328 ) ;
#1905 = ORIENTED_EDGE ( 'NONE', *, *, #8974, .F. ) ;
#1906 = FACE_OUTER_BOUND ( 'NONE', #7541, .T. ) ;
#1907 = CARTESIAN_POINT ( 'NONE',  ( 0.2696850393700787100, 0.6721259842519685700, -0.1248031496062992400 ) ) ;
#1908 = EDGE_LOOP ( 'NONE', ( #2066, #609, #8846, #6927 ) ) ;
#1909 = EDGE_CURVE ( 'NONE', #6414, #134, #3033, .T. ) ;
#1910 = VECTOR ( 'NONE', #1759, 39.37007874015748100 ) ;
#1911 = CARTESIAN_POINT ( 'NONE',  ( 0.3065417394974769300, 0.6696711032650807200, -0.3269109955571458700 ) ) ;
#1912 = CARTESIAN_POINT ( 'NONE',  ( 0.3101574803149606000, 0.6721259842519686800, 0.3230102407095413700 ) ) ;
#1913 = EDGE_LOOP ( 'NONE', ( #3970, #8183, #4367, #3511 ) ) ;
#1914 = CYLINDRICAL_SURFACE ( 'NONE', #3395, 0.007874015748031490700 ) ;
#1915 = DIRECTION ( 'NONE',  ( -3.717264591378884600E-015, -3.454814795174027600E-015, -1.000000000000000000 ) ) ;
#1916 = ORIENTED_EDGE ( 'NONE', *, *, #2243, .T. ) ;
#1917 = ORIENTED_EDGE ( 'NONE', *, *, #7456, .F. ) ;
#1918 = VECTOR ( 'NONE', #3747, 39.37007874015748100 ) ;
#1919 = DIRECTION ( 'NONE',  ( 4.268512490100417200E-015, 1.451894083966376200E-029, -1.000000000000000000 ) ) ;
#1920 = CARTESIAN_POINT ( 'NONE',  ( -0.3121259842519683600, 0.6701574803149607000, 0.3350000000000001900 ) ) ;
#1921 = VECTOR ( 'NONE', #8862, 39.37007874015748100 ) ;
#1922 = EDGE_CURVE ( 'NONE', #282, #4413, #4204, .T. ) ;
#1923 = DIRECTION ( 'NONE',  ( -0.0000000000000000000, 0.0000000000000000000, -1.000000000000000000 ) ) ;
#1924 = AXIS2_PLACEMENT_3D ( 'NONE', #7202, #4246, #1229 ) ;
#1925 = ORIENTED_EDGE ( 'NONE', *, *, #3331, .T. ) ;
#1926 = ORIENTED_EDGE ( 'NONE', *, *, #522, .T. ) ;
#1927 = ORIENTED_EDGE ( 'NONE', *, *, #3229, .F. ) ;
#1928 = LINE ( 'NONE', #3432, #4111 ) ;
#1929 = DIRECTION ( 'NONE',  ( 1.000000000000000000, 0.0000000000000000000, 0.0000000000000000000 ) ) ;
#1930 = DIRECTION ( 'NONE',  ( -0.1736481776669270600, -0.9848077530122085800, 0.0000000000000000000 ) ) ;
#1931 = ORIENTED_EDGE ( 'NONE', *, *, #3771, .F. ) ;
#1932 = CIRCLE ( 'NONE', #9382, 0.007874015748031516800 ) ;
#1933 = VERTEX_POINT ( 'NONE', #5192 ) ;
#1934 = AXIS2_PLACEMENT_3D ( 'NONE', #6639, #5227, #9669 ) ;
#1935 = CARTESIAN_POINT ( 'NONE',  ( 0.3121259842519695200, 0.6689861342390349700, 0.3245087043922660900 ) ) ;
#1936 = FACE_OUTER_BOUND ( 'NONE', #7913, .T. ) ;
#1937 = EDGE_CURVE ( 'NONE', #2147, #1447, #8489, .T. ) ;
#1938 = ORIENTED_EDGE ( 'NONE', *, *, #1937, .T. ) ;
#1939 = VECTOR ( 'NONE', #6283, 39.37007874015748100 ) ;
#1940 = CARTESIAN_POINT ( 'NONE',  ( -0.2618110236220472200, 0.6721259842519685700, -0.1248031496062992400 ) ) ;
#1941 = DIRECTION ( 'NONE',  ( 1.000000000000000000, -3.454814795174053200E-015, 0.0000000000000000000 ) ) ;
#1942 = DIRECTION ( 'NONE',  ( -1.000000000000000000, 0.0000000000000000000, 0.0000000000000000000 ) ) ;
#1943 = EDGE_CURVE ( 'NONE', #1280, #6230, #6678, .T. ) ;
#1944 = ADVANCED_FACE ( 'NONE', ( #6442 ), #5173, .F. ) ;
#1945 = LINE ( 'NONE', #5582, #2855 ) ;
#1946 = ORIENTED_EDGE ( 'NONE', *, *, #9638, .F. ) ;
#1947 = VECTOR ( 'NONE', #895, 39.37007874015748100 ) ;
#1948 = CARTESIAN_POINT ( 'NONE',  ( 0.3145144169278284400, 0.6671149738966100100, 0.3331633977070607200 ) ) ;
#1949 = DIRECTION ( 'NONE',  ( 1.000000000000000000, 3.414809992080327900E-015, 2.189528850507526700E-047 ) ) ;
#1950 = CARTESIAN_POINT ( 'NONE',  ( 0.3121259842519706900, 0.01574803149606187500, -0.03972440944882241200 ) ) ;
#1951 = EDGE_LOOP ( 'NONE', ( #4201, #6684, #9208, #6272, #7894, #2857, #5618, #870, #3691, #1633, #6440, #6266, #3612, #7514, #8617, #4438, #1894, #1803, #1776, #7183 ) ) ;
#1952 = CARTESIAN_POINT ( 'NONE',  ( -0.2697101235488635300, 0.6721259842519685700, 0.1791338582677165500 ) ) ;
#1953 = LINE ( 'NONE', #7882, #2746 ) ;
#1954 = DIRECTION ( 'NONE',  ( -1.049141125181685500E-027, -2.087764443346746500E-016, -1.000000000000000000 ) ) ;
#1955 = ADVANCED_FACE ( 'NONE', ( #1094 ), #8601, .F. ) ;
#1956 = UNCERTAINTY_MEASURE_WITH_UNIT (LENGTH_MEASURE( 1.000000000000000100E-005 ), #7595, 'distance_accuracy_value', 'NONE');
#1957 = CARTESIAN_POINT ( 'NONE',  ( -1.248692419008931200, -0.1250000000000042700, 0.2561023622047228200 ) ) ;
#1958 = CARTESIAN_POINT ( 'NONE',  ( 0.3121259842519706900, 0.02362204724409336400, -0.04759842519685389400 ) ) ;
#1959 = DIRECTION ( 'NONE',  ( -3.454814795174053600E-015, 1.000000000000000000, 1.084202172485541900E-015 ) ) ;
#1960 = MECHANICAL_DESIGN_GEOMETRIC_PRESENTATION_REPRESENTATION (  '', ( #976 ), #5585 ) ;
#1961 = ORIENTED_EDGE ( 'NONE', *, *, #4372, .F. ) ;
#1962 = VECTOR ( 'NONE', #79, 39.37007874015748100 ) ;
#1963 = EDGE_CURVE ( 'NONE', #9534, #2435, #5262, .T. ) ;
#1964 = B_SPLINE_CURVE_WITH_KNOTS ( 'NONE', 1,
 ( #920, #3835 ),
 .UNSPECIFIED., .F., .F.,
 ( 2, 2 ),
 ( 0.0000000000000000000, 1.000000000000000000 ),
 .UNSPECIFIED. ) ;
#1965 = DIRECTION ( 'NONE',  ( 0.7071067811865486800, -0.7071067811865462400, 0.0000000000000000000 ) ) ;
#1966 = DIRECTION ( 'NONE',  ( -3.469446951953695600E-014, 1.000000000000000000, 0.0000000000000000000 ) ) ;
#1967 = LINE ( 'NONE', #4969, #5703 ) ;
#1968 = CARTESIAN_POINT ( 'NONE',  ( -0.1649999999999985400, -0.4197056274847722500, 0.06799999999999953300 ) ) ;
#1969 = DIRECTION ( 'NONE',  ( 0.7071067811865486800, 0.7071067811865462400, 0.0000000000000000000 ) ) ;
#1970 = DIRECTION ( 'NONE',  ( -4.336808689942019300E-015, -1.000000000000000000, 5.421010862427524100E-016 ) ) ;
#1971 = AXIS2_PLACEMENT_3D ( 'NONE', #4987, #6537, #7328 ) ;
#1972 = CARTESIAN_POINT ( 'NONE',  ( 0.08267716535432857700, 0.6307874015748028400, 0.3231889763779511900 ) ) ;
#1973 = DIRECTION ( 'NONE',  ( 1.000000000000000000, 3.454814795174053200E-015, -0.0000000000000000000 ) ) ;
#1974 = EDGE_CURVE ( 'NONE', #4314, #3268, #734, .T. ) ;
#1975 = CARTESIAN_POINT ( 'NONE',  ( -0.3106733131607027900, 0.6721259842519686800, 0.3222775818124638500 ) ) ;
#1976 = CARTESIAN_POINT ( 'NONE',  ( 0.3147506561679789800, 0.6701574803149607000, 0.3230102407095412600 ) ) ;
#1977 = EDGE_CURVE ( 'NONE', #7139, #2359, #6555, .T. ) ;
#1978 = CARTESIAN_POINT ( 'NONE',  ( -0.1329999999999995900, -0.1250000000000004700, -0.2900000000000004800 ) ) ;
#1979 = EDGE_CURVE ( 'NONE', #6559, #6609, #3271, .T. ) ;
#1980 = ADVANCED_FACE ( 'NONE', ( #8253 ), #9065, .F. ) ;
#1981 = DIRECTION ( 'NONE',  ( 0.0000000000000000000, -8.199511390123964100E-046, 1.000000000000000000 ) ) ;
#1982 = CARTESIAN_POINT ( 'NONE',  ( -0.2362204724409470400, 0.6307874015748016200, -0.1066535433070859700 ) ) ;
#1983 = EDGE_CURVE ( 'NONE', #8220, #4032, #492, .T. ) ;
#1984 = EDGE_CURVE ( 'NONE', #9317, #6609, #1216, .T. ) ;
#1985 = ORIENTED_EDGE ( 'NONE', *, *, #5988, .T. ) ;
#1986 = VECTOR ( 'NONE', #2215, 39.37007874015748100 ) ;
#1987 = CARTESIAN_POINT ( 'NONE',  ( -0.3071149738966091900, 0.6745144169278311000, 0.3331633977070586600 ) ) ;
#1988 = DIRECTION ( 'NONE',  ( 0.0000000000000000000, -1.000000000000000000, 0.0000000000000000000 ) ) ;
#1989 = AXIS2_PLACEMENT_3D ( 'NONE', #2333, #1679, #6886 ) ;
#1990 = CARTESIAN_POINT ( 'NONE',  ( 0.3101574803149606000, 0.6701574803149607000, 0.06102362204724406900 ) ) ;
#1991 = FACE_OUTER_BOUND ( 'NONE', #2675, .T. ) ;
#1992 = PLANE ( 'NONE',  #9695 ) ;
#1993 = ADVANCED_FACE ( 'NONE', ( #8012 ), #2348, .F. ) ;
#1994 = DIRECTION ( 'NONE',  ( 1.000000000000000000, 3.414809992080327900E-015, 1.313717310304516000E-046 ) ) ;
#1995 = ORIENTED_EDGE ( 'NONE', *, *, #5529, .F. ) ;
#1996 = AXIS2_PLACEMENT_3D ( 'NONE', #6210, #8560, #3202 ) ;
#1997 = VERTEX_POINT ( 'NONE', #9132 ) ;
#1998 = LINE ( 'NONE', #6961, #8124 ) ;
#1999 = ORIENTED_EDGE ( 'NONE', *, *, #147, .T. ) ;
#2000 = LINE ( 'NONE', #8170, #8242 ) ;
#2001 = EDGE_LOOP ( 'NONE', ( #8808, #2361, #3186, #7917 ) ) ;
#2002 = SURFACE_SIDE_STYLE ('',( #8763 ) ) ;
#2003 = CARTESIAN_POINT ( 'NONE',  ( 0.3145144169278243900, 0.6671149738966095600, -0.3331633977070631000 ) ) ;
#2004 = LINE ( 'NONE', #4119, #7038 ) ;
#2005 = CARTESIAN_POINT ( 'NONE',  ( 0.2228081619892131900, 0.5249121648799671700, 0.005905511811023646300 ) ) ;
#2006 = CARTESIAN_POINT ( 'NONE',  ( 0.3081889763779528400, 0.6662204724409451800, 0.3271259842519668700 ) ) ;
#2007 = AXIS2_PLACEMENT_3D ( 'NONE', #4981, #7315, #5755 ) ;
#2008 = EDGE_LOOP ( 'NONE', ( #9021, #2172, #2846, #2358 ) ) ;
#2009 = ORIENTED_EDGE ( 'NONE', *, *, #169, .F. ) ;
#2010 = ORIENTED_EDGE ( 'NONE', *, *, #3653, .T. ) ;
#2011 = VERTEX_POINT ( 'NONE', #2987 ) ;
#2012 = LINE ( 'NONE', #7264, #2921 ) ;
#2013 = ORIENTED_EDGE ( 'NONE', *, *, #7027, .F. ) ;
#2014 = LINE ( 'NONE', #5836, #2691 ) ;
#2015 = AXIS2_PLACEMENT_3D ( 'NONE', #7433, #9703, #5124 ) ;
#2016 = EDGE_LOOP ( 'NONE', ( #3502, #385, #4110, #2862 ) ) ;
#2017 = EDGE_CURVE ( 'NONE', #2685, #7758, #7171, .T. ) ;
#2018 = DIRECTION ( 'NONE',  ( 1.000000000000000000, 3.334775382890943900E-015, -3.503246160812042700E-046 ) ) ;
#2019 = DIRECTION ( 'NONE',  ( -0.0000000000000000000, -0.0000000000000000000, -1.000000000000000000 ) ) ;
#2020 = EDGE_CURVE ( 'NONE', #6705, #998, #2907, .T. ) ;
#2021 = VERTEX_POINT ( 'NONE', #8316 ) ;
#2022 = CARTESIAN_POINT ( 'NONE',  ( 0.3200994094488203200, 0.07874015748031271100, -0.3349999999999995800 ) ) ;
#2023 = EDGE_LOOP ( 'NONE', ( #6217, #8120, #7826, #5119, #8147, #2778 ) ) ;
#2024 = CARTESIAN_POINT ( 'NONE',  ( 0.3121259842519713000, -0.1649999999999989500, -0.09559574050686713000 ) ) ;
#2025 = FACE_OUTER_BOUND ( 'NONE', #5658, .T. ) ;
#2026 = VERTEX_POINT ( 'NONE', #8386 ) ;
#2027 = EDGE_LOOP ( 'NONE', ( #750, #5633 ) ) ;
#2028 = LINE ( 'NONE', #7749, #4444 ) ;
#2029 = ORIENTED_EDGE ( 'NONE', *, *, #7204, .T. ) ;
#2030 = LINE ( 'NONE', #6006, #1114 ) ;
#2031 = CARTESIAN_POINT ( 'NONE',  ( -0.3200000000000027800, -0.1649999999999989300, -0.09559574050686713000 ) ) ;
#2032 = VERTEX_POINT ( 'NONE', #9026 ) ;
#2033 = AXIS2_PLACEMENT_3D ( 'NONE', #8527, #6241, #7797 ) ;
#2034 = ORIENTED_EDGE ( 'NONE', *, *, #9404, .F. ) ;
#2036 = ORIENTED_EDGE ( 'NONE', *, *, #4651, .F. ) ;
#2035 = DIRECTION ( 'NONE',  ( -0.0000000000000000000, -1.000000000000000000, -0.0000000000000000000 ) ) ;
#2037 = VECTOR ( 'NONE', #1610, 39.37007874015748100 ) ;
#2038 = CARTESIAN_POINT ( 'NONE',  ( 0.3121259842519707500, 1.058591097544902100E-015, 0.3072834645669275700 ) ) ;
#2039 = ADVANCED_FACE ( 'NONE', ( #4544 ), #3091, .F. ) ;
#2040 = EDGE_CURVE ( 'NONE', #6790, #5803, #3150, .T. ) ;
#2041 = DIRECTION ( 'NONE',  ( 0.0000000000000000000, 4.174047234135139500E-046, 1.000000000000000000 ) ) ;
#2042 = PRESENTATION_STYLE_ASSIGNMENT (( #8065 ) ) ;
#2043 = CARTESIAN_POINT ( 'NONE',  ( 0.1615000000000004800, -0.1249999999999994600, 0.2174999999999995500 ) ) ;
#2044 = ORIENTED_EDGE ( 'NONE', *, *, #4016, .F. ) ;
#2046 = CARTESIAN_POINT ( 'NONE',  ( 0.1574803149606287300, 0.5591058788142251300, -0.3271259842519717600 ) ) ;
#2045 = LINE ( 'NONE', #5111, #3195 ) ;
#2047 = CARTESIAN_POINT ( 'NONE',  ( -0.2519685039370065400, 0.2764566929133841500, 0.08464566929133871000 ) ) ;
#2048 = EDGE_CURVE ( 'NONE', #1696, #8994, #7309, .T. ) ;
#2049 = EDGE_LOOP ( 'NONE', ( #6488, #2100, #9681, #7652 ) ) ;
#2050 = DIRECTION ( 'NONE',  ( 1.314184451497581500E-016, -0.0000000000000000000, 1.000000000000000000 ) ) ;
#2051 = VECTOR ( 'NONE', #2259, 39.37007874015748100 ) ;
#2052 = PRESENTATION_LAYER_ASSIGNMENT (  '', '', ( #180 ) ) ;
#2053 = ADVANCED_FACE ( 'NONE', ( #5405 ), #7335, .F. ) ;
#2054 = VERTEX_POINT ( 'NONE', #525 ) ;
#2055 = CARTESIAN_POINT ( 'NONE',  ( 0.3114233441086635700, 0.6680601036115235700, -0.3257997836963845200 ) ) ;
#2056 = CARTESIAN_POINT ( 'NONE',  ( 0.2018897637795281400, 0.5591058788142253500, 0.3350000000000020700 ) ) ;
#2057 = EDGE_LOOP ( 'NONE', ( #9568, #4313, #4790, #1098 ) ) ;
#2058 = CARTESIAN_POINT ( 'NONE',  ( -0.1255055738910792800, 0.6307874015748021800, 0.2399521717798882600 ) ) ;
#2060 = VECTOR ( 'NONE', #9495, 39.37007874015748100 ) ;
#2059 = DIRECTION ( 'NONE',  ( 3.454814795174065500E-015, 1.000000000000000000, 3.454814795174053600E-015 ) ) ;
#2061 = ORIENTED_EDGE ( 'NONE', *, *, #9467, .F. ) ;
#2062 = LINE ( 'NONE', #3583, #9465 ) ;
#2063 = CARTESIAN_POINT ( 'NONE',  ( 0.2362204724409439300, 0.2764566929133857000, 0.08464566929133864000 ) ) ;
#2064 = EDGE_CURVE ( 'NONE', #4451, #2674, #3968, .T. ) ;
#2065 = CARTESIAN_POINT ( 'NONE',  ( 0.3081889763779529500, 0.6654050914126516900, 0.3271259842519685900 ) ) ;
#2066 = ORIENTED_EDGE ( 'NONE', *, *, #549, .F. ) ;
#2067 = LINE ( 'NONE', #1629, #6262 ) ;
#2068 = DIRECTION ( 'NONE',  ( -7.099813968557893200E-031, 2.087764443346746700E-016, 1.000000000000000000 ) ) ;
#2069 = EDGE_LOOP ( 'NONE', ( #617, #4565, #7206, #2681 ) ) ;
#2070 = CARTESIAN_POINT ( 'NONE',  ( 0.1670000000000005600, -0.1603553390593268300, -0.2740000000000004700 ) ) ;
#2071 = ORIENTED_EDGE ( 'NONE', *, *, #4169, .F. ) ;
#2072 = AXIS2_PLACEMENT_3D ( 'NONE', #237, #1775, #6278 ) ;
#2073 = EDGE_CURVE ( 'NONE', #8298, #5523, #8966, .T. ) ;
#2074 = ORIENTED_EDGE ( 'NONE', *, *, #2810, .F. ) ;
#2075 = CARTESIAN_POINT ( 'NONE',  ( -0.3081889763779523900, 0.6662204724409429600, 0.3231889763779511900 ) ) ;
#2076 = CARTESIAN_POINT ( 'NONE',  ( 0.3121259842519684100, 0.6701574803149605900, 0.06102362204724409700 ) ) ;
#2077 = FACE_OUTER_BOUND ( 'NONE', #4191, .T. ) ;
#2078 = CARTESIAN_POINT ( 'NONE',  ( 0.1102362204724409000, 0.6681889763779533800, 0.3231889763779529600 ) ) ;
#2079 = CARTESIAN_POINT ( 'NONE',  ( -0.1181102362204724100, 0.6799999999999999400, 0.2818503937007870700 ) ) ;
#2080 = EDGE_CURVE ( 'NONE', #3752, #3882, #7775, .T. ) ;
#2081 = FACE_OUTER_BOUND ( 'NONE', #2141, .T. ) ;
#2082 = CARTESIAN_POINT ( 'NONE',  ( 0.3104184896728884300, 0.6659794747857397100, -0.3349999999999999600 ) ) ;
#2083 = ADVANCED_FACE ( 'NONE', ( #31 ), #2976, .F. ) ;
#2084 = CARTESIAN_POINT ( 'NONE',  ( 0.3065405905235225000, 0.6726315907076684300, -0.3343574223956523600 ) ) ;
#2085 = MECHANICAL_DESIGN_GEOMETRIC_PRESENTATION_REPRESENTATION (  '', ( #3246 ), #8651 ) ;
#2086 = EDGE_CURVE ( 'NONE', #775, #7139, #8661, .T. ) ;
#2087 = CARTESIAN_POINT ( 'NONE',  ( 0.3059729154998692100, 0.6704184935182692100, -0.3350000000000000200 ) ) ;
#2088 = DIRECTION ( 'NONE',  ( -0.9848077530122085800, 0.1736481776669271400, 0.0000000000000000000 ) ) ;
#2089 = DIRECTION ( 'NONE',  ( 0.0000000000000000000, 7.954849691074412900E-047, -1.000000000000000000 ) ) ;
#2090 = CARTESIAN_POINT ( 'NONE',  ( 0.3200994094488202000, 0.03937007874015631400, -0.1775196850393696800 ) ) ;
#2091 = AXIS2_PLACEMENT_3D ( 'NONE', #2230, #5092, #6736 ) ;
#2092 = CARTESIAN_POINT ( 'NONE',  ( -0.3071149738966091900, 0.6702974565612458400, 0.3265137834876548100 ) ) ;
#2093 = AXIS2_PLACEMENT_3D ( 'NONE', #8755, #5768, #1304 ) ;
#2094 = DIRECTION ( 'NONE',  ( 0.0000000000000000000, 0.0000000000000000000, 1.000000000000000000 ) ) ;
#2095 = ORIENTED_EDGE ( 'NONE', *, *, #5541, .F. ) ;
#2096 = CARTESIAN_POINT ( 'NONE',  ( 0.1830000000000006600, -0.1603553390593267800, -0.2900000000000004800 ) ) ;
#2097 = CARTESIAN_POINT ( 'NONE',  ( -1.248692419008934400, 0.6701574803149555900, 0.2083070866141742100 ) ) ;
#2098 = LINE ( 'NONE', #3427, #7511 ) ;
#2099 = ORIENTED_EDGE ( 'NONE', *, *, #2999, .F. ) ;
#2100 = ORIENTED_EDGE ( 'NONE', *, *, #5103, .F. ) ;
#2101 = DIRECTION ( 'NONE',  ( -1.000000000000000000, -3.414809992080331900E-015, 0.0000000000000000000 ) ) ;
#2102 = VECTOR ( 'NONE', #3197, 39.37007874015748100 ) ;
#2103 = VECTOR ( 'NONE', #3892, 39.37007874015748100 ) ;
#2104 = LINE ( 'NONE', #2875, #5963 ) ;
#2105 = DIRECTION ( 'NONE',  ( 4.336808689942028000E-015, -1.000000000000000000, 1.703936774995542900E-016 ) ) ;
#2106 = EDGE_CURVE ( 'NONE', #7399, #627, #4376, .T. ) ;
#2107 = ORIENTED_EDGE ( 'NONE', *, *, #1382, .T. ) ;
#2108 = LINE ( 'NONE', #8334, #4422 ) ;
#2109 = ORIENTED_EDGE ( 'NONE', *, *, #9544, .F. ) ;
#2110 = VERTEX_POINT ( 'NONE', #8729 ) ;
#2111 = VERTEX_POINT ( 'NONE', #450 ) ;
#2112 = ORIENTED_EDGE ( 'NONE', *, *, #9701, .T. ) ;
#2113 = DIRECTION ( 'NONE',  ( 3.380525251343977800E-015, -0.9743700647852350200, 0.2249510543438658400 ) ) ;
#2114 = CIRCLE ( 'NONE', #800, 0.04499999999999996400 ) ;
#2115 = ORIENTED_EDGE ( 'NONE', *, *, #1878, .T. ) ;
#2116 = CIRCLE ( 'NONE', #5702, 0.01181102362204724000 ) ;
#2117 = CARTESIAN_POINT ( 'NONE',  ( 0.2517653116130454400, 0.6327559055118111600, 0.06102362204724409700 ) ) ;
#2118 = VERTEX_POINT ( 'NONE', #5030 ) ;
#2119 = CARTESIAN_POINT ( 'NONE',  ( 0.0000000000000000000, 0.6721259842519685700, 0.1791338582677165500 ) ) ;
#2120 = VERTEX_POINT ( 'NONE', #7295 ) ;
#2121 = DIRECTION ( 'NONE',  ( 1.000000000000000000, 0.0000000000000000000, 0.0000000000000000000 ) ) ;
#2122 = VECTOR ( 'NONE', #9486, 39.37007874015748100 ) ;
#2123 = DIRECTION ( 'NONE',  ( -5.351025294946815800E-031, 1.548860246407863300E-016, -1.000000000000000000 ) ) ;
#2124 = ADVANCED_FACE ( 'NONE', ( #428 ), #7232, .F. ) ;
#2125 = VERTEX_POINT ( 'NONE', #7255 ) ;
#2126 = VERTEX_POINT ( 'NONE', #2721 ) ;
#2127 = ORIENTED_EDGE ( 'NONE', *, *, #3954, .F. ) ;
#2128 = ORIENTED_EDGE ( 'NONE', *, *, #9538, .T. ) ;
#2129 = DIRECTION ( 'NONE',  ( -1.000000000000000000, 0.0000000000000000000, 0.0000000000000000000 ) ) ;
#2130 = FACE_OUTER_BOUND ( 'NONE', #8610, .T. ) ;
#2131 = CARTESIAN_POINT ( 'NONE',  ( -0.2364999999999994900, -0.1603553390593282200, 0.2424999999999995200 ) ) ;
#2132 = EDGE_LOOP ( 'NONE', ( #8305, #8364, #9450, #3858 ) ) ;
#2133 = VECTOR ( 'NONE', #5190, 39.37007874015748100 ) ;
#2134 = PLANE ( 'NONE',  #7825 ) ;
#2135 = PLANE ( 'NONE',  #6749 ) ;
#2136 = VERTEX_POINT ( 'NONE', #2772 ) ;
#2137 = CARTESIAN_POINT ( 'NONE',  ( 0.3071149738966091900, 0.6745144169278312100, -0.3331633977070582700 ) ) ;
#2138 = EDGE_LOOP ( 'NONE', ( #7916, #1898, #8366, #3729 ) ) ;
#2139 = VECTOR ( 'NONE', #1923, 39.37007874015748100 ) ;
#2140 = ORIENTED_EDGE ( 'NONE', *, *, #4520, .T. ) ;
#2141 = EDGE_LOOP ( 'NONE', ( #4588, #3857, #9295, #3717 ) ) ;
#2142 = ADVANCED_FACE ( 'NONE', ( #1271 ), #7949, .T. ) ;
#2143 = EDGE_CURVE ( 'NONE', #4489, #2814, #1386, .T. ) ;
#2144 = CARTESIAN_POINT ( 'NONE',  ( -0.2129933528330372500, 0.6259193630839793300, 0.005905511811023646300 ) ) ;
#2145 = LINE ( 'NONE', #8011, #4456 ) ;
#2146 = CARTESIAN_POINT ( 'NONE',  ( -0.2696850393700787100, 0.6721259842519685700, -0.001968503937007842300 ) ) ;
#2147 = VERTEX_POINT ( 'NONE', #3488 ) ;
#2148 = VERTEX_POINT ( 'NONE', #4274 ) ;
#2149 = FACE_OUTER_BOUND ( 'NONE', #3505, .T. ) ;
#2150 = ORIENTED_EDGE ( 'NONE', *, *, #7365, .T. ) ;
#2151 = FACE_OUTER_BOUND ( 'NONE', #833, .T. ) ;
#2152 = DIRECTION ( 'NONE',  ( 0.0000000000000000000, -8.234775042486240000E-045, -1.000000000000000000 ) ) ;
#2153 = AXIS2_PLACEMENT_3D ( 'NONE', #2885, #8187, #3641 ) ;
#2154 = CARTESIAN_POINT ( 'NONE',  ( -0.2849999999999996400, -0.1100000000000010100, 0.06799999999999951900 ) ) ;
#2155 = CARTESIAN_POINT ( 'NONE',  ( -0.1169999999999994500, -0.1603553390593278100, -0.2740000000000004700 ) ) ;
#2156 = CARTESIAN_POINT ( 'NONE',  ( -0.1669999999999995700, -0.1250000000000005800, -0.1740000000000004600 ) ) ;
#2157 = ORIENTED_EDGE ( 'NONE', *, *, #6920, .T. ) ;
#2158 = DIRECTION ( 'NONE',  ( 1.000000000000000000, 3.454814795174053200E-015, -0.0000000000000000000 ) ) ;
#2159 = CARTESIAN_POINT ( 'NONE',  ( -0.3121259842519704700, 0.02362204724409552500, 0.1453149606299177500 ) ) ;
#2160 = CIRCLE ( 'NONE', #1073, 0.007874015748031490700 ) ;
#2161 = EDGE_CURVE ( 'NONE', #4808, #3148, #8539, .T. ) ;
#2162 = DIRECTION ( 'NONE',  ( 0.1736481776669271700, -0.9848077530122086900, 0.0000000000000000000 ) ) ;
#2163 = ORIENTED_EDGE ( 'NONE', *, *, #7476, .T. ) ;
#2164 = VECTOR ( 'NONE', #7737, 39.37007874015748100 ) ;
#2165 = CARTESIAN_POINT ( 'NONE',  ( 0.3099217144102479100, 0.6721259842519686800, -0.3231889763779526900 ) ) ;
#2166 = DIRECTION ( 'NONE',  ( -1.000000000000000000, 1.221525339466019200E-016, -3.589083053745131900E-015 ) ) ;
#2167 = DIRECTION ( 'NONE',  ( -1.000000000000000000, 0.0000000000000000000, -0.0000000000000000000 ) ) ;
#2168 = ADVANCED_FACE ( 'NONE', ( #2640 ), #1154, .F. ) ;
#2169 = CARTESIAN_POINT ( 'NONE',  ( -0.3054050914126516500, 0.6681889763779524900, -0.3349999999999993500 ) ) ;
#2170 = EDGE_CURVE ( 'NONE', #2021, #2251, #5199, .T. ) ;
#2171 = FACE_OUTER_BOUND ( 'NONE', #155, .T. ) ;
#2172 = ORIENTED_EDGE ( 'NONE', *, *, #2974, .T. ) ;
#2173 = VECTOR ( 'NONE', #2241, 39.37007874015748100 ) ;
#2174 = DIRECTION ( 'NONE',  ( 3.348887019260232700E-015, -1.000000000000000000, 0.0000000000000000000 ) ) ;
#2175 = CARTESIAN_POINT ( 'NONE',  ( -0.1255055738910780500, 0.2764566929133845400, 0.1689370078740165000 ) ) ;
#2176 = CARTESIAN_POINT ( 'NONE',  ( -0.3081889763779540000, 0.07874015748031489000, -0.3231889763779527400 ) ) ;
#2177 = ADVANCED_FACE ( 'NONE', ( #1034 ), #6979, .F. ) ;
#2178 = CARTESIAN_POINT ( 'NONE',  ( 0.3200994094488202600, 0.05511811023621931300, -0.06531496062992475600 ) ) ;
#2179 = CARTESIAN_POINT ( 'NONE',  ( 0.2618110236220472200, 0.6721259842519685700, -0.1326771653543307400 ) ) ;
#2180 = EDGE_LOOP ( 'NONE', ( #7209, #7394, #7300, #1961 ) ) ;
#2181 = AXIS2_PLACEMENT_3D ( 'NONE', #5526, #6277, #2543 ) ;
#2182 = FACE_OUTER_BOUND ( 'NONE', #8784, .T. ) ;
#2183 = AXIS2_PLACEMENT_3D ( 'NONE', #7460, #2964, #2261 ) ;
#2184 = ORIENTED_EDGE ( 'NONE', *, *, #416, .F. ) ;
#2185 = DIRECTION ( 'NONE',  ( -0.0000000000000000000, -0.0000000000000000000, 1.000000000000000000 ) ) ;
#2186 = CARTESIAN_POINT ( 'NONE',  ( -1.248692419008934400, 0.6662204724409398500, 0.3231889763779511900 ) ) ;
#2187 = DIRECTION ( 'NONE',  ( 0.0000000000000000000, 1.605020093193637700E-045, -1.000000000000000000 ) ) ;
#2188 = FACE_OUTER_BOUND ( 'NONE', #6845, .T. ) ;
#2189 = CARTESIAN_POINT ( 'NONE',  ( 0.3200000000000020100, 0.05511811023621931300, -0.1224015748031491900 ) ) ;
#2190 = AXIS2_PLACEMENT_3D ( 'NONE', #633, #2762, #8802 ) ;
#2191 = CARTESIAN_POINT ( 'NONE',  ( 0.03299999999999999500, 0.009842519685039481000, -0.1900000000000004700 ) ) ;
#2192 = CARTESIAN_POINT ( 'NONE',  ( 0.3121259842519707500, 7.392209930355961500E-016, 0.1630314960629885300 ) ) ;
#2193 = DIRECTION ( 'NONE',  ( 1.000000000000000000, 0.0000000000000000000, 0.0000000000000000000 ) ) ;
#2194 = DIRECTION ( 'NONE',  ( 0.0000000000000000000, 0.0000000000000000000, -1.000000000000000000 ) ) ;
#2195 = CARTESIAN_POINT ( 'NONE',  ( 0.1574803149606287000, 0.5591058788142251300, 0.3271259842519679800 ) ) ;
#2196 = VECTOR ( 'NONE', #7973, 39.37007874015748100 ) ;
#2197 = EDGE_CURVE ( 'NONE', #5867, #427, #5685, .T. ) ;
#2198 = EDGE_CURVE ( 'NONE', #8860, #500, #6494, .T. ) ;
#2199 = DIRECTION ( 'NONE',  ( -1.000000000000000000, 3.454814795174053200E-015, -0.0000000000000000000 ) ) ;
#2200 = CARTESIAN_POINT ( 'NONE',  ( 0.1170000000000005600, -0.1603553390593270000, -0.1740000000000004900 ) ) ;
#2201 = CARTESIAN_POINT ( 'NONE',  ( 0.1683220195082452400, 0.1888940955264424600, -0.3350000000000020700 ) ) ;
#2202 = CARTESIAN_POINT ( 'NONE',  ( 0.1330000000000005600, -0.1603553390593269500, -0.1900000000000004700 ) ) ;
#2203 = CARTESIAN_POINT ( 'NONE',  ( -0.3138504258964480700, 0.05393047823959145500, 0.06102362204724406200 ) ) ;
#2204 = MECHANICAL_DESIGN_GEOMETRIC_PRESENTATION_REPRESENTATION (  '', ( #1238 ), #3198 ) ;
#2205 = EDGE_CURVE ( 'NONE', #7175, #5858, #8184, .T. ) ;
#2206 = EDGE_LOOP ( 'NONE', ( #2095, #3009, #7764, #515, #2099 ) ) ;
#2207 = DIRECTION ( 'NONE',  ( -1.000000000000000000, 3.454814795174053600E-015, -0.0000000000000000000 ) ) ;
#2208 = PRODUCT ( 'SI-46001-F', 'SI-46001-F', '', ( #13 ) ) ;
#2209 = DIRECTION ( 'NONE',  ( 0.0000000000000000000, 0.0000000000000000000, 1.000000000000000000 ) ) ;
#2210 = EDGE_CURVE ( 'NONE', #4819, #854, #6858, .T. ) ;
#2211 = VECTOR ( 'NONE', #3584, 39.37007874015748100 ) ;
#2212 = VERTEX_POINT ( 'NONE', #4347 ) ;
#2213 = VECTOR ( 'NONE', #9594, 39.37007874015748100 ) ;
#2214 = DIRECTION ( 'NONE',  ( 0.0000000000000000000, 0.0000000000000000000, -1.000000000000000000 ) ) ;
#2215 = DIRECTION ( 'NONE',  ( 1.000000000000000000, 3.400677691960634000E-015, -0.0000000000000000000 ) ) ;
#2216 = ADVANCED_FACE ( 'NONE', ( #7347 ), #3660, .T. ) ;
#2217 = EDGE_CURVE ( 'NONE', #9174, #1537, #8999, .T. ) ;
#2218 = DIRECTION ( 'NONE',  ( -1.000000000000000000, 0.0000000000000000000, 0.0000000000000000000 ) ) ;
#2219 = ORIENTED_EDGE ( 'NONE', *, *, #5989, .F. ) ;
#2220 = ORIENTED_EDGE ( 'NONE', *, *, #5810, .T. ) ;
#2221 = EDGE_CURVE ( 'NONE', #1696, #8056, #9122, .T. ) ;
#2222 = DIRECTION ( 'NONE',  ( 3.400677691960634400E-015, -1.000000000000000000, 2.087764443346746500E-016 ) ) ;
#2223 = PLANE ( 'NONE',  #4430 ) ;
#2224 = VECTOR ( 'NONE', #2059, 39.37007874015748100 ) ;
#2225 = CARTESIAN_POINT ( 'NONE',  ( 0.3200994094488202000, 0.03937007874015631400, -0.1775196850393696800 ) ) ;
#2226 = DIRECTION ( 'NONE',  ( -0.0000000000000000000, -0.0000000000000000000, 1.000000000000000000 ) ) ;
#2227 = VERTEX_POINT ( 'NONE', #3624 ) ;
#2228 = EDGE_LOOP ( 'NONE', ( #4596, #5605, #4102, #906 ) ) ;
#2229 = VECTOR ( 'NONE', #8427, 39.37007874015748100 ) ;
#2230 = CARTESIAN_POINT ( 'NONE',  ( -0.2517653116130454400, 0.6327559055118111600, 0.005905511811023646300 ) ) ;
#2231 = ORIENTED_EDGE ( 'NONE', *, *, #1112, .T. ) ;
#2232 = VECTOR ( 'NONE', #2656, 39.37007874015748100 ) ;
#2233 = EDGE_LOOP ( 'NONE', ( #6890, #8595, #9101, #4062 ) ) ;
#2234 = ADVANCED_FACE ( 'NONE', ( #2858 ), #5203, .F. ) ;
#2235 = LINE ( 'NONE', #7256, #8481 ) ;
#2236 = DIRECTION ( 'NONE',  ( -0.9848077530122085800, -0.1736481776669270600, 0.0000000000000000000 ) ) ;
#2237 = DIRECTION ( 'NONE',  ( 3.454814795174053600E-015, 1.000000000000000000, 1.548860246407863300E-016 ) ) ;
#2238 = ORIENTED_EDGE ( 'NONE', *, *, #14, .T. ) ;
#2239 = ORIENTED_EDGE ( 'NONE', *, *, #1525, .T. ) ;
#2240 = ORIENTED_EDGE ( 'NONE', *, *, #832, .T. ) ;
#2241 = DIRECTION ( 'NONE',  ( -1.000000000000000000, 3.454814795174053600E-015, -0.0000000000000000000 ) ) ;
#2242 = ORIENTED_EDGE ( 'NONE', *, *, #1719, .F. ) ;
#2243 = EDGE_CURVE ( 'NONE', #3607, #9645, #7104, .T. ) ;
#2244 = VECTOR ( 'NONE', #9068, 39.37007874015748900 ) ;
#2245 = VERTEX_POINT ( 'NONE', #7475 ) ;
#2246 = VECTOR ( 'NONE', #4848, 39.37007874015748100 ) ;
#2247 = EDGE_LOOP ( 'NONE', ( #9299, #6201, #9596, #3034 ) ) ;
#2248 = CARTESIAN_POINT ( 'NONE',  ( 0.3054050914126513700, 0.6681889763779536000, 0.3349999999999999600 ) ) ;
#2249 = AXIS2_PLACEMENT_3D ( 'NONE', #6171, #7800, #3940 ) ;
#2250 = ORIENTED_EDGE ( 'NONE', *, *, #5846, .T. ) ;
#2251 = VERTEX_POINT ( 'NONE', #6715 ) ;
#2252 = CARTESIAN_POINT ( 'NONE',  ( 0.3081889763779540600, 0.6654050914126516900, 0.3350000000000001300 ) ) ;
#2253 = VECTOR ( 'NONE', #6116, 39.37007874015748100 ) ;
#2254 = ORIENTED_EDGE ( 'NONE', *, *, #6166, .T. ) ;
#2256 = EDGE_LOOP ( 'NONE', ( #1778, #990, #7530, #2458 ) ) ;
#2255 = DIRECTION ( 'NONE',  ( 3.380525251343977800E-015, -0.9743700647852350200, 0.2249510543438658400 ) ) ;
#2257 = LINE ( 'NONE', #6298, #8840 ) ;
#2258 = ORIENTED_EDGE ( 'NONE', *, *, #5746, .F. ) ;
#2259 = DIRECTION ( 'NONE',  ( 1.000000000000000000, 1.900442020132333900E-016, -3.610839838251434700E-015 ) ) ;
#2260 = EDGE_CURVE ( 'NONE', #5523, #8131, #1495, .T. ) ;
#2261 = DIRECTION ( 'NONE',  ( 0.7071067811865486800, 0.7071067811865463500, 0.0000000000000000000 ) ) ;
#2262 = EDGE_LOOP ( 'NONE', ( #1023, #6978, #7310, #1927 ) ) ;
#2263 = CARTESIAN_POINT ( 'NONE',  ( 0.3121259842519707500, 1.058591097544902100E-015, -0.2916929133858263100 ) ) ;
#2264 = CARTESIAN_POINT ( 'NONE',  ( -0.3059783258117836400, 0.6689306608659706400, -0.3271259842519685400 ) ) ;
#2265 = EDGE_LOOP ( 'NONE', ( #4350, #7187, #5031, #7468 ) ) ;
#2266 = ORIENTED_EDGE ( 'NONE', *, *, #5333, .T. ) ;
#2267 = FACE_OUTER_BOUND ( 'NONE', #1544, .T. ) ;
#2268 = ORIENTED_EDGE ( 'NONE', *, *, #301, .F. ) ;
#2269 = CARTESIAN_POINT ( 'NONE',  ( 0.1102362204724409000, 0.6719008229983551800, 0.3245013123359582500 ) ) ;
#2270 = VECTOR ( 'NONE', #1177, 39.37007874015748100 ) ;
#2271 = EDGE_CURVE ( 'NONE', #4699, #3299, #664, .T. ) ;
#2272 = CARTESIAN_POINT ( 'NONE',  ( -1.248692419008934400, 0.6701574803149555900, 0.2083070866141734400 ) ) ;
#2273 = ORIENTED_EDGE ( 'NONE', *, *, #8593, .T. ) ;
#2274 = ADVANCED_FACE ( 'NONE', ( #4490 ), #2979, .F. ) ;
#2275 = DIRECTION ( 'NONE',  ( 2.988429361867319300E-017, -1.000000000000000000, 0.0000000000000000000 ) ) ;
#2276 = DIRECTION ( 'NONE',  ( -1.000000000000000000, 0.0000000000000000000, 0.0000000000000000000 ) ) ;
#2277 = ORIENTED_EDGE ( 'NONE', *, *, #2479, .F. ) ;
#2278 = FACE_OUTER_BOUND ( 'NONE', #1369, .T. ) ;
#2279 = ORIENTED_EDGE ( 'NONE', *, *, #7204, .F. ) ;
#2280 = FACE_OUTER_BOUND ( 'NONE', #2946, .T. ) ;
#2282 = ORIENTED_EDGE ( 'NONE', *, *, #8073, .F. ) ;
#2281 = B_SPLINE_CURVE_WITH_KNOTS ( 'NONE', 1,
 ( #8919, #8279 ),
 .UNSPECIFIED., .F., .F.,
 ( 2, 2 ),
 ( 0.0000000000000000000, 1.000000000000000000 ),
 .UNSPECIFIED. ) ;
#2283 = CARTESIAN_POINT ( 'NONE',  ( -0.3200000000000020600, 0.05511811023622152600, 0.1453149606299177500 ) ) ;
#2284 = CARTESIAN_POINT ( 'NONE',  ( 0.3089748484444493900, 0.6800000000000003800, 0.3271959195966516200 ) ) ;
#2285 = ORIENTED_EDGE ( 'NONE', *, *, #301, .T. ) ;
#2286 = ADVANCED_FACE ( 'NONE', ( #3100 ), #7436, .T. ) ;
#2287 = AXIS2_PLACEMENT_3D ( 'NONE', #6348, #7119, #2630 ) ;
#2288 = DIRECTION ( 'NONE',  ( -1.000000000000000000, -3.414809992080331900E-015, 0.0000000000000000000 ) ) ;
#2289 = EDGE_CURVE ( 'NONE', #6609, #9423, #3671, .T. ) ;
#2290 = ORIENTED_EDGE ( 'NONE', *, *, #3191, .F. ) ;
#2291 = DIRECTION ( 'NONE',  ( -7.632783294297953200E-013, 0.0000000000000000000, 1.000000000000000000 ) ) ;
#2292 = ORIENTED_EDGE ( 'NONE', *, *, #4771, .F. ) ;
#2293 = DIRECTION ( 'NONE',  ( -5.102127870519943100E-016, 0.0000000000000000000, -1.000000000000000000 ) ) ;
#2294 = LINE ( 'NONE', #767, #5205 ) ;
#2295 = ORIENTED_EDGE ( 'NONE', *, *, #4992, .T. ) ;
#2296 = DIRECTION ( 'NONE',  ( 1.000000000000000000, -3.454814795174053200E-015, 0.0000000000000000000 ) ) ;
#2297 = EDGE_CURVE ( 'NONE', #2926, #1687, #7470, .T. ) ;
#2298 = EDGE_CURVE ( 'NONE', #3978, #5034, #6612, .T. ) ;
#2299 = CARTESIAN_POINT ( 'NONE',  ( -1.248692419008934400, 0.6662204724409397400, -0.3231889763779528000 ) ) ;
#2300 = EDGE_CURVE ( 'NONE', #2620, #7065, #2405, .T. ) ;
#2301 = ORIENTED_EDGE ( 'NONE', *, *, #5019, .F. ) ;
#2302 = VECTOR ( 'NONE', #9388, 39.37007874015748100 ) ;
#2303 = CARTESIAN_POINT ( 'NONE',  ( -0.1829999999999995800, -0.1250000000000006400, -0.1740000000000004900 ) ) ;
#2304 = CARTESIAN_POINT ( 'NONE',  ( -0.3081889763779484000, 0.6654050914126516900, 0.3271259842519691500 ) ) ;
#2305 = CARTESIAN_POINT ( 'NONE',  ( -0.3121259842519696900, 0.6699217144102476200, -0.3231889763779527400 ) ) ;
#2306 = AXIS2_PLACEMENT_3D ( 'NONE', #232, #6895, #1768 ) ;
#2307 = VECTOR ( 'NONE', #7735, 39.37007874015748100 ) ;
#2308 = CARTESIAN_POINT ( 'NONE',  ( -0.3121259842519683600, 0.6701574803149607000, 0.3230102407095419300 ) ) ;
#2309 = CARTESIAN_POINT ( 'NONE',  ( -0.3059794747857381100, 0.6704184896728908600, -0.3350000000000000200 ) ) ;
#2310 = DIRECTION ( 'NONE',  ( -1.000000000000000000, -3.400677691960634000E-015, 0.0000000000000000000 ) ) ;
#2311 = CARTESIAN_POINT ( 'NONE',  ( -0.2018897637795313800, 0.5591058788142250200, -0.3350000000000019600 ) ) ;
#2312 = ADVANCED_FACE ( 'NONE', ( #8432 ), #8422, .F. ) ;
#2313 = PLANE ( 'NONE',  #6250 ) ;
#2314 = AXIS2_PLACEMENT_3D ( 'NONE', #5830, #4435, #8888 ) ;
#2315 = EDGE_CURVE ( 'NONE', #7426, #1683, #9365, .T. ) ;
#2316 = CARTESIAN_POINT ( 'NONE',  ( -0.1615000000000000300, 0.009842519685038823500, 0.2424999999999995200 ) ) ;
#2317 = ADVANCED_FACE ( 'NONE', ( #9700 ), #2322, .T. ) ;
#2318 = CARTESIAN_POINT ( 'NONE',  ( 0.3200994094488202600, 0.05511811023621931300, 0.1630314960629886400 ) ) ;
#2319 = ORIENTED_EDGE ( 'NONE', *, *, #5706, .T. ) ;
#2320 = CARTESIAN_POINT ( 'NONE',  ( -0.3071149738966094700, 0.6702974565612457300, -0.3265137834876546400 ) ) ;
#2321 = CARTESIAN_POINT ( 'NONE',  ( 0.3081889763779573400, -2.048885995248197400E-016, 0.3271259842519662600 ) ) ;
#2322 = PLANE ( 'NONE',  #2634 ) ;
#2323 = CARTESIAN_POINT ( 'NONE',  ( -0.3089748484444495000, 0.6800000000000002700, 0.3271959195966521200 ) ) ;
#2324 = AXIS2_PLACEMENT_3D ( 'NONE', #145, #7662, #5429 ) ;
#2325 = EDGE_CURVE ( 'NONE', #6819, #5167, #4957, .T. ) ;
#2326 = ORIENTED_EDGE ( 'NONE', *, *, #857, .F. ) ;
#2327 = EDGE_LOOP ( 'NONE', ( #1413, #3165, #6685, #2476 ) ) ;
#2328 = VECTOR ( 'NONE', #4742, 39.37007874015748100 ) ;
#2329 = VECTOR ( 'NONE', #4272, 39.37007874015748100 ) ;
#2330 = CARTESIAN_POINT ( 'NONE',  ( 0.3054050914126513700, 0.6681889763779536000, 0.3349999999999999600 ) ) ;
#2331 = ORIENTED_EDGE ( 'NONE', *, *, #8676, .F. ) ;
#2332 = EDGE_CURVE ( 'NONE', #8835, #3894, #6375, .T. ) ;
#2333 = CARTESIAN_POINT ( 'NONE',  ( 0.2362204724409439300, 0.2764566929133857600, 0.1689370078740164700 ) ) ;
#2334 = FACE_OUTER_BOUND ( 'NONE', #8809, .T. ) ;
#2335 = CARTESIAN_POINT ( 'NONE',  ( -0.2018897637795313600, 0.5591058788142250200, -0.3271259842519704300 ) ) ;
#2336 = VERTEX_POINT ( 'NONE', #7604 ) ;
#2337 = ORIENTED_EDGE ( 'NONE', *, *, #9100, .T. ) ;
#2338 = ORIENTED_EDGE ( 'NONE', *, *, #4968, .F. ) ;
#2339 = VERTEX_POINT ( 'NONE', #1639 ) ;
#2340 = VERTEX_POINT ( 'NONE', #3750 ) ;
#2341 = EDGE_CURVE ( 'NONE', #9527, #5803, #7711, .T. ) ;
#2342 = VECTOR ( 'NONE', #107, 39.37007874015748100 ) ;
#2343 = PLANE ( 'NONE',  #3228 ) ;
#2344 = EDGE_LOOP ( 'NONE', ( #409, #5839, #1985, #9607 ) ) ;
#2345 = CIRCLE ( 'NONE', #514, 0.007874015748031499400 ) ;
#2346 = DIRECTION ( 'NONE',  ( -3.400677691960634400E-015, 1.000000000000000000, 1.141646084010939500E-046 ) ) ;
#2347 = ORIENTED_EDGE ( 'NONE', *, *, #4706, .F. ) ;
#2348 = PLANE ( 'NONE',  #3673 ) ;
#2349 = APPLICATION_PROTOCOL_DEFINITION ( 'draft international standard', 'automotive_design', 1998, #5293 ) ;
#2350 = MANIFOLD_SOLID_BREP ( 'Boss-Extrude3[6]', #6446 ) ;
#2351 = CARTESIAN_POINT ( 'NONE',  ( 0.3101574803149606000, 0.6721259842519686800, 0.06102362204724410400 ) ) ;
#2352 = LINE ( 'NONE', #8836, #1564 ) ;
#2353 = DIRECTION ( 'NONE',  ( 1.000000000000000000, 0.0000000000000000000, 1.314184451497581500E-016 ) ) ;
#2354 = ORIENTED_EDGE ( 'NONE', *, *, #9673, .F. ) ;
#2355 = VERTEX_POINT ( 'NONE', #5366 ) ;
#2356 = ORIENTED_EDGE ( 'NONE', *, *, #8214, .F. ) ;
#2357 = VECTOR ( 'NONE', #1279, 39.37007874015748100 ) ;
#2358 = ORIENTED_EDGE ( 'NONE', *, *, #3466, .T. ) ;
#2359 = VERTEX_POINT ( 'NONE', #2549 ) ;
#2360 = CIRCLE ( 'NONE', #3471, 0.01181102362204724000 ) ;
#2361 = ORIENTED_EDGE ( 'NONE', *, *, #8180, .T. ) ;
#2362 = CARTESIAN_POINT ( 'NONE',  ( 0.3121259842519705200, 0.05511811023621934100, 0.1453149606299177500 ) ) ;
#2363 = CARTESIAN_POINT ( 'NONE',  ( 0.1615000000000004800, -0.1249999999999994600, 0.2174999999999995500 ) ) ;
#2364 = SURFACE_STYLE_FILL_AREA ( #5500 ) ;
#2365 = ADVANCED_FACE ( 'NONE', ( #5796 ), #4127, .F. ) ;
#2366 = AXIS2_PLACEMENT_3D ( 'NONE', #6603, #7374, #3515 ) ;
#2367 = DIRECTION ( 'NONE',  ( -1.000000000000000000, 3.454814795174053200E-015, 0.0000000000000000000 ) ) ;
#2368 = PLANE ( 'NONE',  #5798 ) ;
#2369 = EDGE_LOOP ( 'NONE', ( #9713, #1151, #4556, #480 ) ) ;
#2370 = FACE_OUTER_BOUND ( 'NONE', #3495, .T. ) ;
#2371 = EDGE_LOOP ( 'NONE', ( #8971, #8684, #8276, #6662 ) ) ;
#2372 = EDGE_LOOP ( 'NONE', ( #7574, #8942, #7798, #6096 ) ) ;
#2373 = FACE_OUTER_BOUND ( 'NONE', #1157, .T. ) ;
#2374 = ORIENTED_EDGE ( 'NONE', *, *, #5011, .F. ) ;
#2375 = AXIS2_PLACEMENT_3D ( 'NONE', #9457, #8795, #7201 ) ;
#2376 = VECTOR ( 'NONE', #5711, 39.37007874015748100 ) ;
#2377 = CARTESIAN_POINT ( 'NONE',  ( -0.3071149738966094700, 0.6702974565612457300, -0.3265137834876546400 ) ) ;
#2378 = CARTESIAN_POINT ( 'NONE',  ( 0.2228081619892131900, 0.5249121648799671700, 0.005905511811023646300 ) ) ;
#2379 = DIRECTION ( 'NONE',  ( -1.000000000000000000, -3.400677691960634000E-015, 0.0000000000000000000 ) ) ;
#2380 = ADVANCED_FACE ( 'NONE', ( #4611 ), #8456, .F. ) ;
#2381 = ORIENTED_EDGE ( 'NONE', *, *, #5157, .F. ) ;
#2382 =( CONVERSION_BASED_UNIT ( 'INCH', #5855 ) LENGTH_UNIT ( ) NAMED_UNIT ( #9494 ) );
#2383 = ORIENTED_EDGE ( 'NONE', *, *, #6517, .T. ) ;
#2384 = VECTOR ( 'NONE', #5829, 39.37007874015748100 ) ;
#2385 = EDGE_CURVE ( 'NONE', #8249, #8298, #5075, .T. ) ;
#2386 = ORIENTED_EDGE ( 'NONE', *, *, #5334, .F. ) ;
#2387 = FACE_OUTER_BOUND ( 'NONE', #7699, .T. ) ;
#2388 = DIRECTION ( 'NONE',  ( 0.0000000000000000000, 0.0000000000000000000, 1.000000000000000000 ) ) ;
#2389 = DIRECTION ( 'NONE',  ( 3.454814795174053600E-015, -1.000000000000000000, 5.421010862427524100E-016 ) ) ;
#2390 = CARTESIAN_POINT ( 'NONE',  ( -0.3199999999999998400, 0.6727409429929004400, -0.3222763607591326900 ) ) ;
#2391 = DIRECTION ( 'NONE',  ( -3.348887019260232700E-015, 1.000000000000000000, -3.348887019260232700E-015 ) ) ;
#2392 = DIRECTION ( 'NONE',  ( -0.7071067811865537900, 0.7071067811865413600, -2.442922969411173400E-015 ) ) ;
#2393 = LINE ( 'NONE', #4665, #6129 ) ;
#2394 = ORIENTED_EDGE ( 'NONE', *, *, #1634, .T. ) ;
#2395 = CARTESIAN_POINT ( 'NONE',  ( -0.3121259842519705200, 1.066936039463046500E-015, -0.04759842519685388700 ) ) ;
#2396 = ORIENTED_EDGE ( 'NONE', *, *, #4653, .T. ) ;
#2397 = VECTOR ( 'NONE', #9602, 39.37007874015748100 ) ;
#2398 = CARTESIAN_POINT ( 'NONE',  ( -0.3121259842519703000, 0.05511811023622149900, -0.04759842519685392200 ) ) ;
#2399 = EDGE_CURVE ( 'NONE', #1571, #5882, #8176, .T. ) ;
#2400 = CARTESIAN_POINT ( 'NONE',  ( 0.3200000000000001200, 0.6701574803149605900, 0.1791338582677165500 ) ) ;
#2401 = CARTESIAN_POINT ( 'NONE',  ( -0.3178982845064620700, 0.6680618398624081900, -0.3310174633725219100 ) ) ;
#2402 = LINE ( 'NONE', #124, #783 ) ;
#2403 = ORIENTED_EDGE ( 'NONE', *, *, #6290, .T. ) ;
#2404 = DIRECTION ( 'NONE',  ( 0.0000000000000000000, 1.000000000000000000, 0.0000000000000000000 ) ) ;
#2405 = LINE ( 'NONE', #3109, #9239 ) ;
#2406 = DIRECTION ( 'NONE',  ( -1.000995666456706700E-017, -5.676928524692141500E-017, 1.000000000000000000 ) ) ;
#2407 = CARTESIAN_POINT ( 'NONE',  ( -0.3200000000000021700, 0.02362204724409555000, -0.03972440944882241200 ) ) ;
#2408 = DIRECTION ( 'NONE',  ( 0.0000000000000000000, 0.0000000000000000000, -1.000000000000000000 ) ) ;
#2409 = AXIS2_PLACEMENT_3D ( 'NONE', #7390, #2877, #4995 ) ;
#2410 = LINE ( 'NONE', #8696, #6149 ) ;
#2411 = CARTESIAN_POINT ( 'NONE',  ( -0.3145144169278245600, 0.6671149738966095600, 0.3331633977070631000 ) ) ;
#2412 = DIRECTION ( 'NONE',  ( 0.0000000000000000000, 0.0000000000000000000, 1.000000000000000000 ) ) ;
#2413 = CARTESIAN_POINT ( 'NONE',  ( -0.2018897637795310800, 0.5591058788142252400, -0.3350000000000023000 ) ) ;
#2414 = CARTESIAN_POINT ( 'NONE',  ( -0.3121259842519696900, 0.07874015748031489000, -0.3231889763779527400 ) ) ;
#2415 = DIRECTION ( 'NONE',  ( -0.0000000000000000000, -1.000000000000000000, -0.0000000000000000000 ) ) ;
#2416 = LINE ( 'NONE', #2201, #6156 ) ;
#2417 = CARTESIAN_POINT ( 'NONE',  ( -1.248692419008931900, -4.234364390179608300E-015, -0.3133464566929130000 ) ) ;
#2418 = CARTESIAN_POINT ( 'NONE',  ( 0.3200000000000020100, 0.06299212598425084400, 0.2890157480314925500 ) ) ;
#2419 = EDGE_CURVE ( 'NONE', #7153, #1505, #4251, .T. ) ;
#2420 = PLANE ( 'NONE',  #1175 ) ;
#2421 = ADVANCED_FACE ( 'NONE', ( #7827 ), #995, .F. ) ;
#2422 = LINE ( 'NONE', #9482, #446 ) ;
#2423 = CARTESIAN_POINT ( 'NONE',  ( 0.3081889763779528400, 0.6662204724409450700, 0.3271259842519668700 ) ) ;
#2424 = CARTESIAN_POINT ( 'NONE',  ( 0.3200994094488202000, 0.03937007874015635600, 0.1630314960629886100 ) ) ;
#2425 = CARTESIAN_POINT ( 'NONE',  ( -0.08267716535433165800, 0.2764566929133847100, 0.3231889763779511900 ) ) ;
#2426 = CARTESIAN_POINT ( 'NONE',  ( 0.1574803149606287000, -1.157362956383303900E-015, 0.3271259842519679800 ) ) ;
#2427 = DIRECTION ( 'NONE',  ( 0.0000000000000000000, -1.000000000000000000, -5.676928524692141500E-017 ) ) ;
#2428 = CARTESIAN_POINT ( 'NONE',  ( 0.1255055738910749700, 0.6307874015748029500, 0.2399521717798882600 ) ) ;
#2429 = CARTESIAN_POINT ( 'NONE',  ( -0.3121259842519702500, 0.07874015748031489000, -0.1853937007874011700 ) ) ;
#2430 = DIRECTION ( 'NONE',  ( -6.919777677515237500E-015, -1.000000000000000000, -3.454814795174053600E-015 ) ) ;
#2431 = PRESENTATION_LAYER_ASSIGNMENT (  '', '', ( #4493 ) ) ;
#2432 = DIRECTION ( 'NONE',  ( 0.0000000000000000000, 3.122502256758272000E-013, 1.000000000000000000 ) ) ;
#2433 = AXIS2_PLACEMENT_3D ( 'NONE', #3334, #3386, #5625 ) ;
#2434 = FACE_OUTER_BOUND ( 'NONE', #9307, .T. ) ;
#2435 = VERTEX_POINT ( 'NONE', #288 ) ;
#2436 = EDGE_CURVE ( 'NONE', #4898, #5131, #7940, .T. ) ;
#2437 = EDGE_LOOP ( 'NONE', ( #6733, #2900, #1003, #258 ) ) ;
#2438 = VECTOR ( 'NONE', #3449, 39.37007874015748100 ) ;
#2439 = PLANE ( 'NONE',  #7610 ) ;
#2440 = CARTESIAN_POINT ( 'NONE',  ( 0.3200994094488202000, 0.03937007874015630700, -0.1224015748031491900 ) ) ;
#2441 = VERTEX_POINT ( 'NONE', #9273 ) ;
#2442 = LINE ( 'NONE', #3234, #8117 ) ;
#2443 = CARTESIAN_POINT ( 'NONE',  ( 0.3065471498093914600, 0.6726315874602429900, 0.3343574244550602300 ) ) ;
#2444 = VERTEX_POINT ( 'NONE', #320 ) ;
#2445 = CIRCLE ( 'NONE', #2033, 0.06000000000000001200 ) ;
#2446 = DIRECTION ( 'NONE',  ( 1.000000000000000000, 0.0000000000000000000, 0.0000000000000000000 ) ) ;
#2447 = VERTEX_POINT ( 'NONE', #4670 ) ;
#2448 = FACE_OUTER_BOUND ( 'NONE', #6207, .T. ) ;
#2449 = ORIENTED_EDGE ( 'NONE', *, *, #7456, .T. ) ;
#2450 = AXIS2_PLACEMENT_3D ( 'NONE', #5740, #4252, #8177 ) ;
#2451 = DIRECTION ( 'NONE',  ( -1.000000000000000000, 3.454814795174053600E-015, 0.0000000000000000000 ) ) ;
#2452 = FACE_OUTER_BOUND ( 'NONE', #3178, .T. ) ;
#2453 = DIRECTION ( 'NONE',  ( -3.400677691960634400E-015, 1.000000000000000000, 4.651744544108783500E-047 ) ) ;
#2454 = B_SPLINE_SURFACE_WITH_KNOTS ( 'NONE', 1, 3, ( 
 ( #6869, #8449, #4628, #1720, #7654, #9157 ),
 ( #3096, #179, #1686, #6138, #6893, #5356 ) ),
 .UNSPECIFIED., .F., .F., .F.,
 ( 2, 2 ),
 ( 4, 2, 4 ),
 ( 0.0000000000000000000, 1.000000000000000000 ),
 ( 0.0000000000000000000, 0.5000000000000000000, 1.000000000000000000 ),
 .UNSPECIFIED. ) ;
#2455 = EDGE_LOOP ( 'NONE', ( #6579, #853, #5853, #1212 ) ) ;
#2456 = B_SPLINE_CURVE_WITH_KNOTS ( 'NONE', 1,
 ( #904, #6863 ),
 .UNSPECIFIED., .F., .F.,
 ( 2, 2 ),
 ( 0.0000000000000000000, 1.000000000000000000 ),
 .UNSPECIFIED. ) ;
#2457 = PLANE ( 'NONE',  #6615 ) ;
#2458 = ORIENTED_EDGE ( 'NONE', *, *, #8544, .T. ) ;
#2459 = ORIENTED_EDGE ( 'NONE', *, *, #2297, .T. ) ;
#2460 = EDGE_LOOP ( 'NONE', ( #5537, #2949, #5300, #6983, #518, #1153, #1607, #3960, #9338, #151, #2034, #6259, #4934, #2813, #2569, #3161, #7649, #2277, #8413, #4098, #6028, #8100, #2932, #3889, #7629, #3510, #8504, #4248, #8627, #4655 ) ) ;
#2461 = DIRECTION ( 'NONE',  ( 1.000000000000000000, 0.0000000000000000000, 0.0000000000000000000 ) ) ;
#2462 = EDGE_CURVE ( 'NONE', #2032, #6089, #8574, .T. ) ;
#2463 = CARTESIAN_POINT ( 'NONE',  ( 0.3121259842519684700, 0.6662204724409450700, -0.3231889763779528000 ) ) ;
#2464 = CIRCLE ( 'NONE', #8632, 0.007874015748031482100 ) ;
#2465 = ADVANCED_FACE ( 'NONE', ( #8425 ), #1028, .F. ) ;
#2466 = VERTEX_POINT ( 'NONE', #2496 ) ;
#2467 = CIRCLE ( 'NONE', #9251, 0.009842519685039378600 ) ;
#2468 = VERTEX_POINT ( 'NONE', #6990 ) ;
#2469 = CARTESIAN_POINT ( 'NONE',  ( -1.248692419008934400, 0.6701574803149553700, -0.3271259842519685400 ) ) ;
#2470 = DIRECTION ( 'NONE',  ( 0.0000000000000000000, 3.134893138729876100E-013, 1.000000000000000000 ) ) ;
#2471 = UNCERTAINTY_MEASURE_WITH_UNIT (LENGTH_MEASURE( 1.000000000000000100E-005 ), #2382, 'distance_accuracy_value', 'NONE');
#2472 = LINE ( 'NONE', #6114, #4321 ) ;
#2473 = EDGE_CURVE ( 'NONE', #4437, #3040, #8877, .T. ) ;
#2474 = CLOSED_SHELL ( 'NONE', ( #5416, #4301, #328, #6671, #370, #45 ) ) ;
#2475 = CARTESIAN_POINT ( 'NONE',  ( 0.3081889763779528400, 0.6662204724409450700, -0.3231889763779528000 ) ) ;
#2476 = ORIENTED_EDGE ( 'NONE', *, *, #788, .T. ) ;
#2477 = PLANE ( 'NONE',  #8815 ) ;
#2478 = EDGE_CURVE ( 'NONE', #971, #61, #3089, .T. ) ;
#2479 = EDGE_CURVE ( 'NONE', #627, #6004, #3324, .T. ) ;
#2480 = CIRCLE ( 'NONE', #1037, 0.007874015748031499400 ) ;
#2481 = EDGE_LOOP ( 'NONE', ( #2250, #6450, #3391, #6816 ) ) ;
#2482 = ORIENTED_EDGE ( 'NONE', *, *, #9118, .F. ) ;
#2483 = VECTOR ( 'NONE', #3802, 39.37007874015748100 ) ;
#2484 = PLANE ( 'NONE',  #1903 ) ;
#2485 = ORIENTED_EDGE ( 'NONE', *, *, #478, .F. ) ;
#2486 = FACE_OUTER_BOUND ( 'NONE', #1854, .T. ) ;
#2487 = CARTESIAN_POINT ( 'NONE',  ( 0.2519685039370079800, 0.6465354330708685800, -0.01771653543307089000 ) ) ;
#2488 = ORIENTED_EDGE ( 'NONE', *, *, #5206, .T. ) ;
#2489 = ORIENTED_EDGE ( 'NONE', *, *, #5831, .F. ) ;
#2490 = ORIENTED_EDGE ( 'NONE', *, *, #4097, .F. ) ;
#2491 = FACE_OUTER_BOUND ( 'NONE', #5112, .T. ) ;
#2492 = CARTESIAN_POINT ( 'NONE',  ( -0.01700000000000001500, 0.009842519685039311000, -0.2900000000000004800 ) ) ;
#2493 = ORIENTED_EDGE ( 'NONE', *, *, #2546, .T. ) ;
#2494 = CARTESIAN_POINT ( 'NONE',  ( 0.1670000000000005600, -0.1603553390593268300, -0.2740000000000004700 ) ) ;
#2495 = AXIS2_PLACEMENT_3D ( 'NONE', #8878, #570, #2836 ) ;
#2496 = CARTESIAN_POINT ( 'NONE',  ( -0.3121259842519681900, 0.6662204724409429600, 0.3231889763779511900 ) ) ;
#2497 = DIRECTION ( 'NONE',  ( 0.0000000000000000000, 0.0000000000000000000, -1.000000000000000000 ) ) ;
#2498 = CARTESIAN_POINT ( 'NONE',  ( -0.2362204724409458500, 0.2764566929133841500, -0.1066535433070859000 ) ) ;
#2499 = VECTOR ( 'NONE', #219, 39.37007874015748100 ) ;
#2500 = ORIENTED_EDGE ( 'NONE', *, *, #9128, .T. ) ;
#2501 = VECTOR ( 'NONE', #8450, 39.37007874015748100 ) ;
#2502 = DIRECTION ( 'NONE',  ( -3.400677691960634400E-015, 1.000000000000000000, -2.087764443346746700E-016 ) ) ;
#2503 = DIRECTION ( 'NONE',  ( 0.0000000000000000000, -4.874815374145015400E-045, 1.000000000000000000 ) ) ;
#2504 = EDGE_LOOP ( 'NONE', ( #1781, #9308, #3873, #2240 ) ) ;
#2505 = VECTOR ( 'NONE', #6626, 39.37007874015748100 ) ;
#2506 = PRESENTATION_LAYER_ASSIGNMENT (  '', '', ( #3803 ) ) ;
#2507 = DIRECTION ( 'NONE',  ( 0.0000000000000000000, -1.000000000000000000, 3.348887019260232700E-015 ) ) ;
#2508 = CARTESIAN_POINT ( 'NONE',  ( -1.248692419008932400, 0.07874015748030745200, -0.3271259842519664800 ) ) ;
#2509 = EDGE_CURVE ( 'NONE', #2667, #4070, #1489, .T. ) ;
#2510 = B_SPLINE_CURVE_WITH_KNOTS ( 'NONE', 3,
 ( #4523, #826, #7821, #6268 ),
 .UNSPECIFIED., .F., .F.,
 ( 4, 4 ),
 ( 0.0000000000000000000, 1.000000000000000000 ),
 .UNSPECIFIED. ) ;
#2512 = EDGE_CURVE ( 'NONE', #7139, #8285, #1608, .T. ) ;
#2511 = CARTESIAN_POINT ( 'NONE',  ( -3.414809992080329000E-017, 0.009842519685039369900, 0.0000000000000000000 ) ) ;
#2513 = VERTEX_POINT ( 'NONE', #1786 ) ;
#2514 = LINE ( 'NONE', #333, #1616 ) ;
#2515 = CARTESIAN_POINT ( 'NONE',  ( -0.3101574803149604900, 0.6721259842519689000, 0.3231889763779529600 ) ) ;
#2516 = ORIENTED_EDGE ( 'NONE', *, *, #6158, .T. ) ;
#2517 = COLOUR_RGB ( '',0.7921568627450980000, 0.8196078431372548800, 0.9333333333333333500 ) ;
#2518 = PLANE ( 'NONE',  #2990 ) ;
#2519 = AXIS2_PLACEMENT_3D ( 'NONE', #3082, #3895, #7609 ) ;
#2520 = ADVANCED_FACE ( 'NONE', ( #7341 ), #6379, .F. ) ;
#2521 = VECTOR ( 'NONE', #3326, 39.37007874015748100 ) ;
#2522 = EDGE_CURVE ( 'NONE', #322, #4768, #9692, .T. ) ;
#2523 = EDGE_LOOP ( 'NONE', ( #6253, #5737, #7156, #6545 ) ) ;
#2524 = CARTESIAN_POINT ( 'NONE',  ( 0.3081889763779526700, 0.6654050914126516900, 0.3350000000000001300 ) ) ;
#2525 = DIRECTION ( 'NONE',  ( 1.000000000000000000, 3.400677691960634400E-015, 0.0000000000000000000 ) ) ;
#2526 = DIRECTION ( 'NONE',  ( -0.0000000000000000000, -1.000000000000000000, -0.0000000000000000000 ) ) ;
#2527 =( CONVERSION_BASED_UNIT ( 'INCH', #5244 ) LENGTH_UNIT ( ) NAMED_UNIT ( #7471 ) );
#2528 = EDGE_CURVE ( 'NONE', #8474, #6811, #9355, .T. ) ;
#2529 = EDGE_LOOP ( 'NONE', ( #748, #9238, #3622, #4781 ) ) ;
#2530 = CARTESIAN_POINT ( 'NONE',  ( -0.2129933528330372500, 0.6259193630839793300, 0.06102362204724409700 ) ) ;
#2531 = LINE ( 'NONE', #9483, #4975 ) ;
#2532 = CARTESIAN_POINT ( 'NONE',  ( 0.08267716535432978500, 0.2764566929133853700, 0.3231889763779511900 ) ) ;
#2533 = DIRECTION ( 'NONE',  ( 1.000000000000000000, 0.0000000000000000000, -0.0000000000000000000 ) ) ;
#2534 = EDGE_CURVE ( 'NONE', #3994, #26, #5318, .T. ) ;
#2535 = DIRECTION ( 'NONE',  ( -1.000000000000000000, 3.454814795174053200E-015, -0.0000000000000000000 ) ) ;
#2536 = FACE_OUTER_BOUND ( 'NONE', #8046, .T. ) ;
#2537 = UNCERTAINTY_MEASURE_WITH_UNIT (LENGTH_MEASURE( 1.000000000000000100E-005 ), #5953, 'distance_accuracy_value', 'NONE');
#2538 = DIRECTION ( 'NONE',  ( 1.000000000000000000, 3.334775382890943900E-015, -3.503246160812042700E-046 ) ) ;
#2539 = CARTESIAN_POINT ( 'NONE',  ( -0.2018897637795226700, 0.5591058788142252400, 0.3350000000000005800 ) ) ;
#2540 = CARTESIAN_POINT ( 'NONE',  ( -0.2228081619892131900, 0.5249121648799671700, 0.06102362204724408300 ) ) ;
#2541 = CARTESIAN_POINT ( 'NONE',  ( 0.3081889763779528400, 0.6654050914126516900, 0.3323753280839895600 ) ) ;
#2542 = DIRECTION ( 'NONE',  ( 0.0000000000000000000, 0.0000000000000000000, -1.000000000000000000 ) ) ;
#2543 = DIRECTION ( 'NONE',  ( 0.0000000000000000000, 0.0000000000000000000, 1.000000000000000000 ) ) ;
#2544 = CARTESIAN_POINT ( 'NONE',  ( -0.3121259842519711300, -0.1256299212598414600, -0.1046850393700783100 ) ) ;
#2545 = AXIS2_PLACEMENT_3D ( 'NONE', #751, #1482, #789 ) ;
#2546 = EDGE_CURVE ( 'NONE', #6198, #4674, #3785, .T. ) ;
#2547 = CARTESIAN_POINT ( 'NONE',  ( 0.3145144169278284400, 0.6671149738966100100, 0.3331633977070607200 ) ) ;
#2548 = CARTESIAN_POINT ( 'NONE',  ( 0.1653543307086601800, 0.01574803149606399100, 0.3271259842519674300 ) ) ;
#2549 = CARTESIAN_POINT ( 'NONE',  ( 0.1615000000000006200, -0.1249999999999994600, 0.2424999999999995800 ) ) ;
#2550 = AXIS2_PLACEMENT_3D ( 'NONE', #4504, #6076, #4606 ) ;
#2551 = CARTESIAN_POINT ( 'NONE',  ( 0.3200994094488200900, 0.02362204724409333900, 0.1453149606299177500 ) ) ;
#2552 = LINE ( 'NONE', #5109, #6415 ) ;
#2553 = B_SPLINE_SURFACE_WITH_KNOTS ( 'NONE', 1, 3, ( 
 ( #75, #6779, #2309, #7581 ),
 ( #2377, #3041, #3855, #8419 ) ),
 .UNSPECIFIED., .F., .F., .F.,
 ( 2, 2 ),
 ( 4, 4 ),
 ( 0.0000000000000000000, 1.000000000000000000 ),
 ( 0.0000000000000000000, 1.000000000000000000 ),
 .UNSPECIFIED. ) ;
#2554 = EDGE_CURVE ( 'NONE', #603, #4548, #3902, .T. ) ;
#2555 = DIRECTION ( 'NONE',  ( 1.000000000000000000, -4.336808689941592500E-015, 0.0000000000000000000 ) ) ;
#2556 = DIRECTION ( 'NONE',  ( -5.102127870519943100E-016, 0.0000000000000000000, 1.000000000000000000 ) ) ;
#2557 = DIRECTION ( 'NONE',  ( -1.000000000000000000, 3.454814795174053600E-015, 0.0000000000000000000 ) ) ;
#2558 = ADVANCED_FACE ( 'NONE', ( #8653 ), #312, .T. ) ;
#2559 = DIRECTION ( 'NONE',  ( 0.0000000000000000000, 1.000000000000000000, 0.0000000000000000000 ) ) ;
#2560 = VECTOR ( 'NONE', #6249, 39.37007874015748100 ) ;
#2561 = DIRECTION ( 'NONE',  ( -1.000000000000000000, -3.400677691960634400E-015, -4.268512490100417200E-015 ) ) ;
#2562 = ORIENTED_EDGE ( 'NONE', *, *, #9456, .F. ) ;
#2563 = ORIENTED_EDGE ( 'NONE', *, *, #1056, .F. ) ;
#2564 = B_SPLINE_CURVE_WITH_KNOTS ( 'NONE', 3,
 ( #823, #2284, #9153, #170 ),
 .UNSPECIFIED., .F., .F.,
 ( 4, 4 ),
 ( 0.0000000000000000000, 1.000000000000000000 ),
 .UNSPECIFIED. ) ;
#2565 = CARTESIAN_POINT ( 'NONE',  ( 0.3121259842519685800, 0.6701574803149607000, 0.3230102407095410400 ) ) ;
#2566 = VECTOR ( 'NONE', #9287, 39.37007874015748100 ) ;
#2567 = VECTOR ( 'NONE', #6448, 39.37007874015748100 ) ;
#2568 = CARTESIAN_POINT ( 'NONE',  ( 0.3111881865661384500, 0.6721259842519686800, -0.3215462856484545000 ) ) ;
#2569 = ORIENTED_EDGE ( 'NONE', *, *, #78, .F. ) ;
#2570 = DIRECTION ( 'NONE',  ( 1.000000000000000000, 3.400677691960634000E-015, -0.0000000000000000000 ) ) ;
#2571 = CYLINDRICAL_SURFACE ( 'NONE', #6286, 0.007874015748031516800 ) ;
#2572 = EDGE_CURVE ( 'NONE', #9076, #6104, #4836, .T. ) ;
#2573 = CARTESIAN_POINT ( 'NONE',  ( 0.1650000000000003700, -0.1099999999999995100, 0.06799999999999951900 ) ) ;
#2574 = ORIENTED_EDGE ( 'NONE', *, *, #8081, .F. ) ;
#2575 = ORIENTED_EDGE ( 'NONE', *, *, #1742, .F. ) ;
#2576 = EDGE_LOOP ( 'NONE', ( #8743, #2947, #5017, #6857, #7709, #4802, #1322, #4436, #1444 ) ) ;
#2577 = VERTEX_POINT ( 'NONE', #9373 ) ;
#2578 = CARTESIAN_POINT ( 'NONE',  ( -0.3102974565612449700, 0.6671149738966100100, -0.3265137834876557000 ) ) ;
#2579 = VECTOR ( 'NONE', #9105, 39.37007874015748100 ) ;
#2580 = ORIENTED_EDGE ( 'NONE', *, *, #8785, .T. ) ;
#2581 = FACE_OUTER_BOUND ( 'NONE', #148, .T. ) ;
#2582 = EDGE_LOOP ( 'NONE', ( #7513, #2074, #7233, #5979 ) ) ;
#2583 = CARTESIAN_POINT ( 'NONE',  ( -0.3200000000000002300, 0.6701574803149605900, 0.1791338582677165500 ) ) ;
#2584 = CARTESIAN_POINT ( 'NONE',  ( 0.1574803149606287000, 0.01574803149605984900, 0.3271259842519679800 ) ) ;
#2585 = CARTESIAN_POINT ( 'NONE',  ( -0.03300000000000002900, 0.009842519685039258900, -0.2900000000000004800 ) ) ;
#2586 = CIRCLE ( 'NONE', #4311, 0.06000000000000001200 ) ;
#2587 = PLANE ( 'NONE',  #2287 ) ;
#2588 = EDGE_LOOP ( 'NONE', ( #183, #5072, #5391, #7836 ) ) ;
#2589 = ORIENTED_EDGE ( 'NONE', *, *, #3422, .T. ) ;
#2590 = ORIENTED_EDGE ( 'NONE', *, *, #9236, .F. ) ;
#2591 = AXIS2_PLACEMENT_3D ( 'NONE', #743, #4373, #3000 ) ;
#2592 = LINE ( 'NONE', #5716, #2357 ) ;
#2593 = DIRECTION ( 'NONE',  ( 0.9848077530122084600, -0.1736481776669281700, 0.0000000000000000000 ) ) ;
#2594 = ORIENTED_EDGE ( 'NONE', *, *, #7576, .T. ) ;
#2595 = ORIENTED_EDGE ( 'NONE', *, *, #1839, .F. ) ;
#2596 = LINE ( 'NONE', #8216, #7173 ) ;
#2597 = ORIENTED_EDGE ( 'NONE', *, *, #7086, .F. ) ;
#2598 = FACE_OUTER_BOUND ( 'NONE', #1343, .T. ) ;
#2599 = CARTESIAN_POINT ( 'NONE',  ( 0.3101574803149606000, 0.6721259842519686800, 0.3230102407095413700 ) ) ;
#2600 = DIRECTION ( 'NONE',  ( 0.7071067811865412400, 0.7071067811865536800, -2.934316462495846800E-016 ) ) ;
#2601 = CARTESIAN_POINT ( 'NONE',  ( 0.3054050914126514900, 0.6681889763779524900, -0.3323753280839889000 ) ) ;
#2602 = ORIENTED_EDGE ( 'NONE', *, *, #8112, .F. ) ;
#2603 = FACE_OUTER_BOUND ( 'NONE', #4902, .T. ) ;
#2604 = VERTEX_POINT ( 'NONE', #4162 ) ;
#2605 = ORIENTED_EDGE ( 'NONE', *, *, #1734, .T. ) ;
#2606 = LINE ( 'NONE', #4580, #629 ) ;
#2607 = ORIENTED_EDGE ( 'NONE', *, *, #8593, .F. ) ;
#2608 = CARTESIAN_POINT ( 'NONE',  ( -0.3121259842519696900, 0.6689861342390350800, -0.3245087043922660900 ) ) ;
#2609 = LINE ( 'NONE', #4725, #753 ) ;
#2610 = DIRECTION ( 'NONE',  ( 1.000000000000000000, 0.0000000000000000000, 0.0000000000000000000 ) ) ;
#2611 = EDGE_CURVE ( 'NONE', #1899, #4796, #4019, .T. ) ;
#2612 = ORIENTED_EDGE ( 'NONE', *, *, #3808, .F. ) ;
#2613 = CARTESIAN_POINT ( 'NONE',  ( 0.3121259842519705200, 0.05511811023622149900, -0.1046850393700783500 ) ) ;
#2615 = ORIENTED_EDGE ( 'NONE', *, *, #5475, .F. ) ;
#2614 = CARTESIAN_POINT ( 'NONE',  ( -0.2362204724409470400, 0.6307874015748016200, -0.1066535433070859700 ) ) ;
#2616 = LINE ( 'NONE', #4210, #3071 ) ;
#2617 = CARTESIAN_POINT ( 'NONE',  ( -0.01699999999999955700, -0.1250000000000000600, -0.2900000000000004800 ) ) ;
#2618 = PLANE ( 'NONE',  #3853 ) ;
#2619 = AXIS2_PLACEMENT_3D ( 'NONE', #2614, #4182, #361 ) ;
#2620 = VERTEX_POINT ( 'NONE', #4040 ) ;
#2621 = ADVANCED_FACE ( 'NONE', ( #7586 ), #7189, .F. ) ;
#2622 = VECTOR ( 'NONE', #2914, 39.37007874015748100 ) ;
#2623 = DIRECTION ( 'NONE',  ( -3.400677691960634400E-015, 1.000000000000000000, 1.141646084010939500E-046 ) ) ;
#2624 = EDGE_CURVE ( 'NONE', #2935, #5409, #8063, .T. ) ;
#2625 = CARTESIAN_POINT ( 'NONE',  ( -0.2517653116130454400, 0.6721259842519686800, 0.005905511811023646300 ) ) ;
#2626 = CARTESIAN_POINT ( 'NONE',  ( -0.1329999999999995900, -0.1250000000000004700, -0.2740000000000004700 ) ) ;
#2627 = EDGE_LOOP ( 'NONE', ( #5029, #2781, #353, #4783 ) ) ;
#2629 = DIRECTION ( 'NONE',  ( 0.7071067811865468000, 0.7071067811865482400, 8.659560562354962400E-017 ) ) ;
#2628 = VECTOR ( 'NONE', #9693, 39.37007874015748100 ) ;
#2630 = DIRECTION ( 'NONE',  ( 1.000000000000000000, -3.454814795174054000E-015, 0.0000000000000000000 ) ) ;
#2631 = VECTOR ( 'NONE', #8052, 39.37007874015748900 ) ;
#2632 = EDGE_LOOP ( 'NONE', ( #1871, #1428, #7683, #3681 ) ) ;
#2633 = DIRECTION ( 'NONE',  ( -0.0000000000000000000, 1.000000000000000000, 0.0000000000000000000 ) ) ;
#2634 = AXIS2_PLACEMENT_3D ( 'NONE', #3706, #157, #8411 ) ;
#2635 = CARTESIAN_POINT ( 'NONE',  ( -0.1255055738910780500, 0.2764566929133845400, 0.2399521717798883400 ) ) ;
#2637 = VECTOR ( 'NONE', #39, 39.37007874015748100 ) ;
#2636 = CARTESIAN_POINT ( 'NONE',  ( 0.08267716535432857700, 0.6307874015748028400, 0.2399521717798882300 ) ) ;
#2638 = AXIS2_PLACEMENT_3D ( 'NONE', #3043, #9092, #9226 ) ;
#2639 = EDGE_LOOP ( 'NONE', ( #160, #5448, #4213, #9071 ) ) ;
#2640 = FACE_OUTER_BOUND ( 'NONE', #5631, .T. ) ;
#2641 = EDGE_CURVE ( 'NONE', #5729, #7153, #8520, .T. ) ;
#2642 = B_SPLINE_CURVE_WITH_KNOTS ( 'NONE', 1,
 ( #1038, #3181 ),
 .UNSPECIFIED., .F., .F.,
 ( 2, 2 ),
 ( 0.0000000000000000000, 1.000000000000000000 ),
 .UNSPECIFIED. ) ;
#2643 = CARTESIAN_POINT ( 'NONE',  ( -0.3089317662326947500, 0.6659791801295451600, 0.3271259842519692600 ) ) ;
#2644 = CARTESIAN_POINT ( 'NONE',  ( 0.3200000000000000100, 0.6701574803149607000, 0.3230102407095411500 ) ) ;
#2645 = CARTESIAN_POINT ( 'NONE',  ( 0.3121259842519704700, 0.07874015748031273900, -0.1853937007874011700 ) ) ;
#2646 = VECTOR ( 'NONE', #5944, 39.37007874015748100 ) ;
#2647 = DIRECTION ( 'NONE',  ( 0.0000000000000000000, 4.874815374145015400E-045, -1.000000000000000000 ) ) ;
#2648 = PLANE ( 'NONE',  #6340 ) ;
#2649 = DIRECTION ( 'NONE',  ( -1.270549420881443900E-016, -2.087764443346750700E-016, -1.000000000000000000 ) ) ;
#2650 = CARTESIAN_POINT ( 'NONE',  ( 0.3200000000000020100, 0.06299212598425095500, 1.862898541729041900E-017 ) ) ;
#2651 = LINE ( 'NONE', #1575, #4150 ) ;
#2652 = DIRECTION ( 'NONE',  ( -3.380525251343977800E-015, -0.9743700647852350200, 0.2249510543438658400 ) ) ;
#2653 = EDGE_CURVE ( 'NONE', #1198, #915, #3664, .T. ) ;
#2654 = LINE ( 'NONE', #5638, #3930 ) ;
#2655 = CARTESIAN_POINT ( 'NONE',  ( 0.3080618398624078200, 0.6778982845064633900, 0.3310174633725182500 ) ) ;
#2656 = DIRECTION ( 'NONE',  ( 3.380525251343977800E-015, 0.9743700647852350200, 0.2249510543438658400 ) ) ;
#2657 = EDGE_CURVE ( 'NONE', #3520, #8929, #3431, .T. ) ;
#2658 = DIRECTION ( 'NONE',  ( -1.000000000000000000, 3.454814795174053600E-015, -0.0000000000000000000 ) ) ;
#2659 = ADVANCED_FACE ( 'NONE', ( #9114 ), #7118, .T. ) ;
#2660 = CARTESIAN_POINT ( 'NONE',  ( -0.3121259842519703000, 0.01574803149606402600, 0.1374409448818862700 ) ) ;
#2661 = DIRECTION ( 'NONE',  ( 0.04767700045778141400, 0.0000000000000000000, 0.9988628052076765600 ) ) ;
#2662 = ADVANCED_FACE ( 'NONE', ( #6030 ), #5090, .T. ) ;
#2663 = AXIS2_PLACEMENT_3D ( 'NONE', #8320, #3774, #85 ) ;
#2664 = CIRCLE ( 'NONE', #3090, 0.01181102362204724000 ) ;
#2665 = ORIENTED_EDGE ( 'NONE', *, *, #346, .T. ) ;
#2666 = CARTESIAN_POINT ( 'NONE',  ( 0.3121259842519711300, -0.1256299212598414600, -0.06531496062992479800 ) ) ;
#2667 = VERTEX_POINT ( 'NONE', #9400 ) ;
#2668 = VECTOR ( 'NONE', #9266, 39.37007874015748100 ) ;
#2669 = DIRECTION ( 'NONE',  ( 1.355252715606873900E-016, 2.087764443346751700E-016, 1.000000000000000000 ) ) ;
#2670 = CARTESIAN_POINT ( 'NONE',  ( 0.3200000000000027800, -0.1649999999999989300, -0.09559574050686713000 ) ) ;
#2671 = ORIENTED_EDGE ( 'NONE', *, *, #519, .T. ) ;
#2672 = VECTOR ( 'NONE', #8231, 39.37007874015748900 ) ;
#2673 = EDGE_CURVE ( 'NONE', #6809, #6968, #2062, .T. ) ;
#2674 = VERTEX_POINT ( 'NONE', #7936 ) ;
#2675 = EDGE_LOOP ( 'NONE', ( #6647, #6659, #2488, #6974 ) ) ;
#2676 = DIRECTION ( 'NONE',  ( 3.589083053745131100E-015, -3.535716378941755400E-015, -1.000000000000000000 ) ) ;
#2677 = EDGE_CURVE ( 'NONE', #3724, #1770, #9584, .T. ) ;
#2678 = DIRECTION ( 'NONE',  ( -1.000000000000000000, -3.454814795174053200E-015, 0.0000000000000000000 ) ) ;
#2679 = ORIENTED_EDGE ( 'NONE', *, *, #7490, .T. ) ;
#2680 = CIRCLE ( 'NONE', #1349, 0.007874015748031482100 ) ;
#2681 = ORIENTED_EDGE ( 'NONE', *, *, #3032, .F. ) ;
#2682 = VECTOR ( 'NONE', #3489, 39.37007874015748100 ) ;
#2683 = B_SPLINE_CURVE_WITH_KNOTS ( 'NONE', 3,
 ( #7742, #6263, #7719, #2411 ),
 .UNSPECIFIED., .F., .F.,
 ( 4, 4 ),
 ( 0.0000000000000000000, 1.000000000000000000 ),
 .UNSPECIFIED. ) ;
#2684 = ORIENTED_EDGE ( 'NONE', *, *, #1645, .F. ) ;
#2685 = VERTEX_POINT ( 'NONE', #414 ) ;
#2686 = ORIENTED_EDGE ( 'NONE', *, *, #7941, .T. ) ;
#2687 = ORIENTED_EDGE ( 'NONE', *, *, #7180, .F. ) ;
#2688 = AXIS2_PLACEMENT_3D ( 'NONE', #931, #7712, #1709 ) ;
#2689 = VECTOR ( 'NONE', #5113, 39.37007874015748100 ) ;
#2690 = ORIENTED_EDGE ( 'NONE', *, *, #7203, .F. ) ;
#2691 = VECTOR ( 'NONE', #2882, 39.37007874015748100 ) ;
#2692 = VERTEX_POINT ( 'NONE', #1403 ) ;
#2693 = EDGE_CURVE ( 'NONE', #3894, #2685, #5436, .T. ) ;
#2694 = DIRECTION ( 'NONE',  ( 0.0000000000000000000, -1.000000000000000000, -2.168404344971014000E-015 ) ) ;
#2695 = VECTOR ( 'NONE', #9690, 39.37007874015748100 ) ;
#2696 =( LENGTH_UNIT ( ) NAMED_UNIT ( * ) SI_UNIT ( $, .METRE. ) );
#2697 = ADVANCED_FACE ( 'NONE', ( #1715 ), #9229, .F. ) ;
#2698 = EDGE_LOOP ( 'NONE', ( #2071, #74, #33, #8626 ) ) ;
#2699 = ORIENTED_EDGE ( 'NONE', *, *, #5297, .T. ) ;
#2700 = EDGE_CURVE ( 'NONE', #7132, #1352, #7096, .T. ) ;
#2701 = VECTOR ( 'NONE', #7840, 39.37007874015748100 ) ;
#2702 = CARTESIAN_POINT ( 'NONE',  ( 0.3178982845064624000, 0.6680618398624079700, 0.3310174633725211400 ) ) ;
#2703 = ORIENTED_EDGE ( 'NONE', *, *, #9004, .T. ) ;
#2704 = ORIENTED_EDGE ( 'NONE', *, *, #3070, .F. ) ;
#2705 = FACE_OUTER_BOUND ( 'NONE', #6782, .T. ) ;
#2706 = DIRECTION ( 'NONE',  ( -0.0000000000000000000, -0.9743700647852350200, -0.2249510543438658400 ) ) ;
#2707 = ORIENTED_EDGE ( 'NONE', *, *, #6218, .F. ) ;
#2708 = DIRECTION ( 'NONE',  ( 3.454814795174053600E-015, 1.000000000000000000, -3.469446951953613800E-015 ) ) ;
#2709 = DIRECTION ( 'NONE',  ( -0.0000000000000000000, -0.0000000000000000000, 1.000000000000000000 ) ) ;
#2710 = VECTOR ( 'NONE', #5267, 39.37007874015748100 ) ;
#2711 = EDGE_CURVE ( 'NONE', #8122, #4962, #4249, .T. ) ;
#2712 = CARTESIAN_POINT ( 'NONE',  ( -0.3101574803149607100, 0.6721259842519686800, 0.3230102407095413700 ) ) ;
#2713 = VERTEX_POINT ( 'NONE', #3521 ) ;
#2714 = ORIENTED_EDGE ( 'NONE', *, *, #8304, .T. ) ;
#2715 = ORIENTED_EDGE ( 'NONE', *, *, #4905, .F. ) ;
#2716 = VECTOR ( 'NONE', #9168, 39.37007874015748100 ) ;
#2717 = ORIENTED_EDGE ( 'NONE', *, *, #4222, .F. ) ;
#2718 = ADVANCED_FACE ( 'NONE', ( #9570 ), #5822, .F. ) ;
#2719 = DIRECTION ( 'NONE',  ( 0.0000000000000000000, 1.000000000000000000, 0.0000000000000000000 ) ) ;
#2720 = DIRECTION ( 'NONE',  ( 3.468166398206581500E-015, -1.000000000000000000, -3.492678862869432500E-046 ) ) ;
#2721 = CARTESIAN_POINT ( 'NONE',  ( -0.06699999999999999000, 0.009842519685039139200, -0.1740000000000004600 ) ) ;
#2722 = FACE_OUTER_BOUND ( 'NONE', #1227, .T. ) ;
#2723 = ORIENTED_EDGE ( 'NONE', *, *, #9233, .T. ) ;
#2724 = LINE ( 'NONE', #56, #6599 ) ;
#2725 = AXIS2_PLACEMENT_3D ( 'NONE', #6582, #3481, #520 ) ;
#2726 = EDGE_CURVE ( 'NONE', #8820, #2620, #534, .T. ) ;
#2727 = ORIENTED_EDGE ( 'NONE', *, *, #4021, .T. ) ;
#2728 = FACE_OUTER_BOUND ( 'NONE', #8956, .T. ) ;
#2729 = DIRECTION ( 'NONE',  ( 3.400677691960634400E-015, -1.000000000000000000, -4.651744544108783500E-047 ) ) ;
#2730 = CARTESIAN_POINT ( 'NONE',  ( 0.3200994094488202600, 0.05511811023621931300, 0.1630314960629886400 ) ) ;
#2731 = DIRECTION ( 'NONE',  ( -1.000000000000000000, 3.454814795174053600E-015, 0.0000000000000000000 ) ) ;
#2732 = DIRECTION ( 'NONE',  ( -3.400677691960634000E-015, -1.000000000000000000, 1.889265384422574300E-016 ) ) ;
#2733 = AXIS2_PLACEMENT_3D ( 'NONE', #732, #5941, #2218 ) ;
#2734 = VERTEX_POINT ( 'NONE', #9623 ) ;
#2735 = CIRCLE ( 'NONE', #954, 0.007874015748031490700 ) ;
#2736 = EDGE_LOOP ( 'NONE', ( #3754, #418 ) ) ;
#2737 = VECTOR ( 'NONE', #8230, 39.37007874015748100 ) ;
#2738 = CARTESIAN_POINT ( 'NONE',  ( 0.03300000000000057700, -0.1603553390593272800, -0.1740000000000004600 ) ) ;
#2739 = PLANE ( 'NONE',  #4752 ) ;
#2740 = CARTESIAN_POINT ( 'NONE',  ( -0.1255055738910792800, 0.6307874015748021800, 0.1689370078740164100 ) ) ;
#2741 = CARTESIAN_POINT ( 'NONE',  ( 0.3152951442791662700, 0.6789392411772619000, -0.3219122744137262700 ) ) ;
#2742 = DIRECTION ( 'NONE',  ( 0.0000000000000000000, 1.000000000000000000, 0.0000000000000000000 ) ) ;
#2743 = EDGE_CURVE ( 'NONE', #5212, #9559, #3242, .T. ) ;
#2744 = ORIENTED_EDGE ( 'NONE', *, *, #43, .F. ) ;
#2745 = CARTESIAN_POINT ( 'NONE',  ( 0.2700000000000004100, -0.1249999999999990600, 0.06799999999999953300 ) ) ;
#2746 = VECTOR ( 'NONE', #5655, 39.37007874015748100 ) ;
#2747 = ORIENTED_EDGE ( 'NONE', *, *, #2243, .F. ) ;
#2748 = VERTEX_POINT ( 'NONE', #4265 ) ;
#2749 = CARTESIAN_POINT ( 'NONE',  ( 0.1365000000000000400, 0.009842519685039831400, 0.2174999999999995500 ) ) ;
#2750 = CARTESIAN_POINT ( 'NONE',  ( -0.3081889763779525100, 0.6662204724409428500, -0.3231889763779528000 ) ) ;
#2751 = CARTESIAN_POINT ( 'NONE',  ( 0.0000000000000000000, 0.6799999999999999400, -0.1326771653543307400 ) ) ;
#2752 = ADVANCED_FACE ( 'NONE', ( #3773 ), #547, .F. ) ;
#2753 = CARTESIAN_POINT ( 'NONE',  ( -0.2517653116130454400, 0.6721259842519686800, 0.06102362204724409700 ) ) ;
#2754 = VERTEX_POINT ( 'NONE', #2046 ) ;
#2755 = ORIENTED_EDGE ( 'NONE', *, *, #4329, .T. ) ;
#2756 = VECTOR ( 'NONE', #7787, 39.37007874015748100 ) ;
#2757 = EDGE_CURVE ( 'NONE', #8474, #4489, #4006, .T. ) ;
#2758 = CARTESIAN_POINT ( 'NONE',  ( 0.06699999999999999000, 0.009842519685039600700, -0.2740000000000004700 ) ) ;
#2759 = DIRECTION ( 'NONE',  ( -1.000000000000000000, 0.0000000000000000000, 0.0000000000000000000 ) ) ;
#2760 = LINE ( 'NONE', #2321, #8562 ) ;
#2761 = CARTESIAN_POINT ( 'NONE',  ( 0.3200000000000020600, 0.03937007874015635600, 0.0000000000000000000 ) ) ;
#2762 = DIRECTION ( 'NONE',  ( -3.400677691960634000E-015, 1.000000000000000000, -9.538179791247323100E-046 ) ) ;
#2763 = CARTESIAN_POINT ( 'NONE',  ( 0.3200994094488200900, 0.01574803149606184700, -0.03972440944882241200 ) ) ;
#2764 = CARTESIAN_POINT ( 'NONE',  ( 0.3081889763779547800, 0.07874015748031400200, -0.3231889763779507400 ) ) ;
#2765 = PLANE ( 'NONE',  #8688 ) ;
#2766 = CARTESIAN_POINT ( 'NONE',  ( -0.08300000000000003200, 0.009842519685039088900, -0.1900000000000004700 ) ) ;
#2767 = CARTESIAN_POINT ( 'NONE',  ( -0.3200000000000020600, 0.05511811023622152600, -0.04759842519685392200 ) ) ;
#2768 = EDGE_CURVE ( 'NONE', #8288, #2830, #7575, .T. ) ;
#2769 = DIRECTION ( 'NONE',  ( -1.000000000000000000, -3.469446951953635000E-014, 0.0000000000000000000 ) ) ;
#2770 = CARTESIAN_POINT ( 'NONE',  ( 0.3200000000000020100, 0.05511811023621931300, -0.06531496062992475600 ) ) ;
#2771 = EDGE_CURVE ( 'NONE', #6809, #9377, #4480, .T. ) ;
#2772 = CARTESIAN_POINT ( 'NONE',  ( -0.2573001884328043300, 0.6721259842519685700, 0.2818503937007870700 ) ) ;
#2773 = DIRECTION ( 'NONE',  ( 0.0000000000000000000, 1.000000000000000000, 0.0000000000000000000 ) ) ;
#2774 = EDGE_CURVE ( 'NONE', #4309, #5787, #3201, .T. ) ;
#2775 = LINE ( 'NONE', #3955, #825 ) ;
#2776 = VECTOR ( 'NONE', #5091, 39.37007874015748100 ) ;
#2777 = PLANE ( 'NONE',  #8370 ) ;
#2778 = ORIENTED_EDGE ( 'NONE', *, *, #7565, .F. ) ;
#2779 = B_SPLINE_SURFACE_WITH_KNOTS ( 'NONE', 1, 3, ( 
 ( #6769, #5339, #5302, #8561 ),
 ( #7015, #7733, #4738, #8530 ) ),
 .UNSPECIFIED., .F., .F., .F.,
 ( 2, 2 ),
 ( 4, 4 ),
 ( 0.0000000000000000000, 1.000000000000000000 ),
 ( 0.0000000000000000000, 1.000000000000000000 ),
 .UNSPECIFIED. ) ;
#2780 = CARTESIAN_POINT ( 'NONE',  ( 0.3121259842519688000, 0.6701574803149607000, -0.3230102407095416500 ) ) ;
#2781 = ORIENTED_EDGE ( 'NONE', *, *, #5478, .T. ) ;
#2782 = ORIENTED_EDGE ( 'NONE', *, *, #5193, .T. ) ;
#2783 = LINE ( 'NONE', #5444, #356 ) ;
#2784 = ADVANCED_FACE ( 'NONE', ( #6359 ), #1992, .F. ) ;
#2785 = VECTOR ( 'NONE', #7812, 39.37007874015748100 ) ;
#2786 = ORIENTED_EDGE ( 'NONE', *, *, #1909, .T. ) ;
#2787 = CARTESIAN_POINT ( 'NONE',  ( -0.3071149738966091900, 0.6702974565612458400, 0.3265137834876548100 ) ) ;
#2788 = CARTESIAN_POINT ( 'NONE',  ( 0.3178982845064610700, 0.6680618398624081900, -0.3310174633725236300 ) ) ;
#2789 = DIRECTION ( 'NONE',  ( -1.000000000000000000, 0.0000000000000000000, 0.0000000000000000000 ) ) ;
#2790 = DIRECTION ( 'NONE',  ( 0.0000000000000000000, 0.0000000000000000000, 1.000000000000000000 ) ) ;
#2791 = FACE_OUTER_BOUND ( 'NONE', #2069, .T. ) ;
#2792 = DIRECTION ( 'NONE',  ( 0.7071067811865537900, 0.7071067811865413600, -2.442922969411173800E-015 ) ) ;
#2793 = DIRECTION ( 'NONE',  ( -1.000000000000000000, -3.414809992080331900E-015, 0.0000000000000000000 ) ) ;
#2794 = AXIS2_PLACEMENT_3D ( 'NONE', #8343, #908, #9095 ) ;
#2795 = VERTEX_POINT ( 'NONE', #7979 ) ;
#2796 = EDGE_LOOP ( 'NONE', ( #3517, #4029, #1916, #8839 ) ) ;
#2797 = ORIENTED_EDGE ( 'NONE', *, *, #6145, .F. ) ;
#2798 = ORIENTED_EDGE ( 'NONE', *, *, #2961, .F. ) ;
#2799 = LINE ( 'NONE', #2996, #1450 ) ;
#2800 = CARTESIAN_POINT ( 'NONE',  ( -0.2519685039370078200, 0.6465354330708622500, -0.01771653543307082800 ) ) ;
#2801 = ORIENTED_EDGE ( 'NONE', *, *, #2479, .T. ) ;
#2802 = VECTOR ( 'NONE', #259, 39.37007874015748100 ) ;
#2803 = AXIS2_PLACEMENT_3D ( 'NONE', #449, #7943, #9537 ) ;
#2804 = ORIENTED_EDGE ( 'NONE', *, *, #4989, .T. ) ;
#2805 = LINE ( 'NONE', #7081, #4432 ) ;
#2806 = ADVANCED_FACE ( 'NONE', ( #8642 ), #4229, .F. ) ;
#2807 = EDGE_CURVE ( 'NONE', #4328, #3520, #299, .T. ) ;
#2808 = CARTESIAN_POINT ( 'NONE',  ( 0.2250000000000004200, -0.1249999999999992100, 0.06799999999999951900 ) ) ;
#2809 = DIRECTION ( 'NONE',  ( -1.021710149214978100E-030, 2.957351434994952800E-016, -1.000000000000000000 ) ) ;
#2810 = EDGE_CURVE ( 'NONE', #3530, #5144, #1822, .T. ) ;
#2811 = DIRECTION ( 'NONE',  ( -1.000000000000000000, 3.454814795174053600E-015, -0.0000000000000000000 ) ) ;
#2812 = ORIENTED_EDGE ( 'NONE', *, *, #4513, .T. ) ;
#2813 = ORIENTED_EDGE ( 'NONE', *, *, #432, .F. ) ;
#2814 = VERTEX_POINT ( 'NONE', #564 ) ;
#2815 = DIRECTION ( 'NONE',  ( 0.0000000000000000000, -1.000000000000000000, 0.0000000000000000000 ) ) ;
#2816 = ORIENTED_EDGE ( 'NONE', *, *, #8903, .T. ) ;
#2817 = CARTESIAN_POINT ( 'NONE',  ( -0.3080601036115228100, 0.6714233441086631100, -0.3257997836963829100 ) ) ;
#2818 = VECTOR ( 'NONE', #1994, 39.37007874015748100 ) ;
#2819 = ORIENTED_EDGE ( 'NONE', *, *, #4764, .T. ) ;
#2820 = ORIENTED_EDGE ( 'NONE', *, *, #5434, .T. ) ;
#2821 = SURFACE_STYLE_FILL_AREA ( #1077 ) ;
#2822 = VERTEX_POINT ( 'NONE', #4258 ) ;
#2823 = COLOUR_RGB ( '',0.7921568627450980000, 0.8196078431372548800, 0.9333333333333333500 ) ;
#2824 = AXIS2_PLACEMENT_3D ( 'NONE', #6884, #2406, #2427 ) ;
#2825 = ORIENTED_EDGE ( 'NONE', *, *, #4974, .F. ) ;
#2826 = DIRECTION ( 'NONE',  ( 1.000000000000000000, 0.0000000000000000000, 0.0000000000000000000 ) ) ;
#2827 = EDGE_CURVE ( 'NONE', #8307, #9579, #1363, .T. ) ;
#2828 = VECTOR ( 'NONE', #1831, 39.37007874015748100 ) ;
#2829 = ORIENTED_EDGE ( 'NONE', *, *, #2871, .F. ) ;
#2830 = VERTEX_POINT ( 'NONE', #1418 ) ;
#2831 = VECTOR ( 'NONE', #7432, 39.37007874015748100 ) ;
#2832 = DIRECTION ( 'NONE',  ( 0.0000000000000000000, 0.0000000000000000000, -1.000000000000000000 ) ) ;
#2833 = LINE ( 'NONE', #4946, #1694 ) ;
#2834 = EDGE_CURVE ( 'NONE', #8236, #9559, #5064, .T. ) ;
#2835 = CARTESIAN_POINT ( 'NONE',  ( -0.2365000000000000700, 0.009842519685038568500, 0.2174999999999995300 ) ) ;
#2836 = DIRECTION ( 'NONE',  ( -0.9848077530122088000, -0.1736481776669265000, 0.0000000000000000000 ) ) ;
#2837 = FILL_AREA_STYLE_COLOUR ( '', #4951 ) ;
#2838 = ORIENTED_EDGE ( 'NONE', *, *, #432, .T. ) ;
#2839 = VECTOR ( 'NONE', #389, 39.37007874015748100 ) ;
#2840 = CARTESIAN_POINT ( 'NONE',  ( -0.06699999999999999000, 0.009842519685039139200, -0.1900000000000004700 ) ) ;
#2841 = EDGE_CURVE ( 'NONE', #7042, #6110, #1024, .T. ) ;
#2842 = ORIENTED_EDGE ( 'NONE', *, *, #5704, .F. ) ;
#2843 = CARTESIAN_POINT ( 'NONE',  ( 0.3121259842519685800, 0.6701574803149607000, 0.3230102407095410400 ) ) ;
#2844 = LINE ( 'NONE', #7002, #897 ) ;
#2845 = VECTOR ( 'NONE', #4009, 39.37007874015748100 ) ;
#2846 = ORIENTED_EDGE ( 'NONE', *, *, #4609, .F. ) ;
#2847 = LENGTH_MEASURE_WITH_UNIT ( LENGTH_MEASURE( 0.02539999999999999900 ), #8255 );
#2848 = ADVANCED_FACE ( 'NONE', ( #2387 ), #3077, .T. ) ;
#2849 = VERTEX_POINT ( 'NONE', #5106 ) ;
#2851 = VECTOR ( 'NONE', #6257, 39.37007874015748100 ) ;
#2850 = CARTESIAN_POINT ( 'NONE',  ( 0.3200994094488202600, 0.06299212598425084400, 0.2890157480314925500 ) ) ;
#2852 = ORIENTED_EDGE ( 'NONE', *, *, #4711, .T. ) ;
#2853 = VECTOR ( 'NONE', #4012, 39.37007874015748100 ) ;
#2854 = AXIS2_PLACEMENT_3D ( 'NONE', #7756, #6986, #4826 ) ;
#2855 = VECTOR ( 'NONE', #429, 39.37007874015748100 ) ;
#2856 = DIRECTION ( 'NONE',  ( -0.7071067811865523500, 0.7071067811865426900, 0.0000000000000000000 ) ) ;
#2857 = ORIENTED_EDGE ( 'NONE', *, *, #9718, .T. ) ;
#2858 = FACE_OUTER_BOUND ( 'NONE', #7303, .T. ) ;
#2859 = CARTESIAN_POINT ( 'NONE',  ( -0.1255055738910792800, 0.6307874015748021800, 0.1689370078740164100 ) ) ;
#2860 = ADVANCED_FACE ( 'NONE', ( #4355 ), #5937, .F. ) ;
#2861 = PLANE ( 'NONE',  #2190 ) ;
#2862 = ORIENTED_EDGE ( 'NONE', *, *, #7333, .T. ) ;
#2863 = DIRECTION ( 'NONE',  ( -1.000000000000000000, 0.0000000000000000000, -2.134256245050201500E-015 ) ) ;
#2864 = AXIS2_PLACEMENT_3D ( 'NONE', #7974, #4896, #482 ) ;
#2865 = ORIENTED_EDGE ( 'NONE', *, *, #2462, .T. ) ;
#2866 = DIRECTION ( 'NONE',  ( 0.0000000000000000000, 0.0000000000000000000, 1.000000000000000000 ) ) ;
#2867 = CARTESIAN_POINT ( 'NONE',  ( -0.3059729154998691000, 0.6704184935182691000, 0.3350000000000001900 ) ) ;
#2868 =( NAMED_UNIT ( * ) PLANE_ANGLE_UNIT ( ) SI_UNIT ( $, .RADIAN. ) );
#2869 = LINE ( 'NONE', #3454, #8788 ) ;
#2870 = DIRECTION ( 'NONE',  ( 1.000000000000000000, 3.454814795174053600E-015, 0.0000000000000000000 ) ) ;
#2871 = EDGE_CURVE ( 'NONE', #5362, #2340, #6479, .T. ) ;
#2872 = DIRECTION ( 'NONE',  ( 0.0000000000000000000, 1.000000000000000000, 0.0000000000000000000 ) ) ;
#2873 = CONICAL_SURFACE ( 'NONE', #5871, 0.06000000000000001200, 0.7853981633974506100 ) ;
#2874 = DIRECTION ( 'NONE',  ( -1.000000000000000000, -3.400677691960634000E-015, 0.0000000000000000000 ) ) ;
#2875 = CARTESIAN_POINT ( 'NONE',  ( 0.1653543307086613200, 0.01574803149606427900, 0.3350000000000007400 ) ) ;
#2876 = CARTESIAN_POINT ( 'NONE',  ( -0.1170000000000000200, 0.009842519685038977900, -0.2740000000000004700 ) ) ;
#2877 = DIRECTION ( 'NONE',  ( 1.840849348038663900E-015, -0.7071067811865485700, 0.7071067811865464600 ) ) ;
#2878 = AXIS2_PLACEMENT_3D ( 'NONE', #6683, #7479, #8239 ) ;
#2879 = EDGE_CURVE ( 'NONE', #8298, #6943, #8050, .T. ) ;
#2880 = VECTOR ( 'NONE', #4025, 39.37007874015748100 ) ;
#2881 = CARTESIAN_POINT ( 'NONE',  ( 0.3121259842519684700, 0.6662204724409451800, -1.390911413795151300E-016 ) ) ;
#2882 = DIRECTION ( 'NONE',  ( 1.000000000000000000, -0.0000000000000000000, 0.0000000000000000000 ) ) ;
#2883 = CARTESIAN_POINT ( 'NONE',  ( 0.3145144169278284400, 0.6671149738966099000, 0.3331633977070607200 ) ) ;
#2884 = DIRECTION ( 'NONE',  ( 1.000000000000000000, -2.168404344971021900E-015, 0.0000000000000000000 ) ) ;
#2885 = CARTESIAN_POINT ( 'NONE',  ( 0.08267716535432978500, 0.2764566929133852600, 0.2399521717798882800 ) ) ;
#2886 = ADVANCED_FACE ( 'NONE', ( #2728 ), #9686, .F. ) ;
#2887 = CARTESIAN_POINT ( 'NONE',  ( 0.2519685039370092600, 0.2764566929133857600, -0.01771653543307081400 ) ) ;
#2888 = CARTESIAN_POINT ( 'NONE',  ( -6.419842785111018900E-015, -1.145703377313735000E-015, -0.3350000000000007400 ) ) ;
#2889 =( NAMED_UNIT ( * ) SI_UNIT ( $, .STERADIAN. ) SOLID_ANGLE_UNIT ( ) );
#2890 = ORIENTED_EDGE ( 'NONE', *, *, #6276, .F. ) ;
#2891 = CARTESIAN_POINT ( 'NONE',  ( 0.3145144169278243900, 0.6671149738966095600, -0.3331633977070631000 ) ) ;
#2892 = CARTESIAN_POINT ( 'NONE',  ( 0.3200994094488203200, 0.07086614173228121500, -0.1853937007874011700 ) ) ;
#2893 = FACE_OUTER_BOUND ( 'NONE', #1339, .T. ) ;
#2894 = DIMENSIONAL_EXPONENTS ( 1.000000000000000000, 0.0000000000000000000, 0.0000000000000000000, 0.0000000000000000000, 0.0000000000000000000, 0.0000000000000000000, 0.0000000000000000000 ) ;
#2895 = ORIENTED_EDGE ( 'NONE', *, *, #17, .F. ) ;
#2896 = FACE_OUTER_BOUND ( 'NONE', #6936, .T. ) ;
#2897 = DIRECTION ( 'NONE',  ( -1.000000000000000000, 4.336808689942043800E-015, 0.0000000000000000000 ) ) ;
#2898 = DIRECTION ( 'NONE',  ( 1.000000000000000000, 4.336808689942043800E-015, 0.0000000000000000000 ) ) ;
#2899 = EDGE_CURVE ( 'NONE', #4215, #5635, #9102, .T. ) ;
#2900 = ORIENTED_EDGE ( 'NONE', *, *, #4815, .T. ) ;
#2901 = CIRCLE ( 'NONE', #7500, 0.04724409448818899700 ) ;
#2902 = ORIENTED_EDGE ( 'NONE', *, *, #4104, .T. ) ;
#2903 = ORIENTED_EDGE ( 'NONE', *, *, #8989, .T. ) ;
#2904 = ORIENTED_EDGE ( 'NONE', *, *, #9723, .F. ) ;
#2905 = ORIENTED_EDGE ( 'NONE', *, *, #5907, .T. ) ;
#2906 = AXIS2_PLACEMENT_3D ( 'NONE', #8825, #4977, #3498 ) ;
#2907 = LINE ( 'NONE', #6826, #8590 ) ;
#2908 = EDGE_CURVE ( 'NONE', #8977, #3780, #2963, .T. ) ;
#2909 = VERTEX_POINT ( 'NONE', #6696 ) ;
#2910 = VECTOR ( 'NONE', #9151, 39.37007874015748100 ) ;
#2911 = DIRECTION ( 'NONE',  ( 1.000000000000000000, 3.454814795174078500E-015, 3.717264591378872800E-015 ) ) ;
#2912 = ORIENTED_EDGE ( 'NONE', *, *, #4037, .T. ) ;
#2913 = CARTESIAN_POINT ( 'NONE',  ( -0.2517653116130454400, 0.6327559055118111600, 0.06102362204724409700 ) ) ;
#2914 = DIRECTION ( 'NONE',  ( 1.000000000000000000, 3.400677691960634400E-015, -3.084327436331654200E-016 ) ) ;
#2915 = FACE_OUTER_BOUND ( 'NONE', #6374, .T. ) ;
#2916 = ORIENTED_EDGE ( 'NONE', *, *, #7423, .F. ) ;
#2917 = VERTEX_POINT ( 'NONE', #1467 ) ;
#2918 = EDGE_LOOP ( 'NONE', ( #9589, #5775, #2500, #3404 ) ) ;
#2919 = VERTEX_POINT ( 'NONE', #1367 ) ;
#2920 = DIRECTION ( 'NONE',  ( -1.000000000000000000, -3.414809992080328300E-015, 0.0000000000000000000 ) ) ;
#2921 = VECTOR ( 'NONE', #1332, 39.37007874015748100 ) ;
#2922 = CARTESIAN_POINT ( 'NONE',  ( -1.248692419008934400, 0.6701574803149555900, 0.2793222505200465000 ) ) ;
#2923 = ORIENTED_EDGE ( 'NONE', *, *, #7745, .T. ) ;
#2924 = VECTOR ( 'NONE', #9202, 39.37007874015748100 ) ;
#2925 = CARTESIAN_POINT ( 'NONE',  ( 0.1329999999999999800, 0.009842519685039822700, -0.1900000000000004700 ) ) ;
#2926 = VERTEX_POINT ( 'NONE', #2189 ) ;
#2927 = ADVANCED_FACE ( 'NONE', ( #4241 ), #3796, .F. ) ;
#2928 = CARTESIAN_POINT ( 'NONE',  ( 0.2696850393700787100, 0.6721259842519685700, -0.001968503937007841000 ) ) ;
#2929 =( GEOMETRIC_REPRESENTATION_CONTEXT ( 3 ) GLOBAL_UNCERTAINTY_ASSIGNED_CONTEXT ( ( #6987 ) ) GLOBAL_UNIT_ASSIGNED_CONTEXT ( ( #7837, #3258, #8566 ) ) REPRESENTATION_CONTEXT ( 'NONE', 'WORKASPACE' ) );
#2930 = VECTOR ( 'NONE', #1375, 39.37007874015748100 ) ;
#2931 = CARTESIAN_POINT ( 'NONE',  ( 0.3054050914126513700, 0.6681889763779533800, 0.3271259842519686500 ) ) ;
#2932 = ORIENTED_EDGE ( 'NONE', *, *, #3900, .F. ) ;
#2933 = ORIENTED_EDGE ( 'NONE', *, *, #5401, .T. ) ;
#2934 = VECTOR ( 'NONE', #7121, 39.37007874015748100 ) ;
#2935 = VERTEX_POINT ( 'NONE', #1516 ) ;
#2936 = ORIENTED_EDGE ( 'NONE', *, *, #8287, .T. ) ;
#2937 = VECTOR ( 'NONE', #1785, 39.37007874015748100 ) ;
#2938 = ORIENTED_EDGE ( 'NONE', *, *, #7249, .T. ) ;
#2939 = EDGE_CURVE ( 'NONE', #1870, #5570, #8759, .T. ) ;
#2940 = SURFACE_SIDE_STYLE ('',( #1426 ) ) ;
#2941 = LINE ( 'NONE', #3572, #6115 ) ;
#2942 = ADVANCED_FACE ( 'NONE', ( #8164 ), #3052, .F. ) ;
#2943 = DIRECTION ( 'NONE',  ( 0.0000000000000000000, -1.000000000000000000, 0.0000000000000000000 ) ) ;
#2944 = DIRECTION ( 'NONE',  ( -1.000000000000000000, 3.454814795174053600E-015, -0.0000000000000000000 ) ) ;
#2945 = ORIENTED_EDGE ( 'NONE', *, *, #113, .F. ) ;
#2946 = EDGE_LOOP ( 'NONE', ( #2374, #9172, #3663, #5188 ) ) ;
#2947 = ORIENTED_EDGE ( 'NONE', *, *, #7588, .F. ) ;
#2948 = VECTOR ( 'NONE', #4344, 39.37007874015748100 ) ;
#2949 = ORIENTED_EDGE ( 'NONE', *, *, #668, .F. ) ;
#2950 = ADVANCED_BREP_SHAPE_REPRESENTATION ( 'SI-46001-F', ( #5535, #7607, #4912, #211, #762, #7618, #6548, #2350, #8455, #7732, #8643, #7161, #9366, #5827, #4526 ), #7381 ) ;
#2951 = CARTESIAN_POINT ( 'NONE',  ( -0.2696850393700787100, 0.6721259842519685700, -0.001968503937007842300 ) ) ;
#2952 = B_SPLINE_CURVE_WITH_KNOTS ( 'NONE', 3,
 ( #8494, #3941, #3916, #285 ),
 .UNSPECIFIED., .F., .F.,
 ( 4, 4 ),
 ( 0.0000000000000000000, 1.000000000000000000 ),
 .UNSPECIFIED. ) ;
#2953 = CARTESIAN_POINT ( 'NONE',  ( 0.2618110236220472200, 0.6721259842519685700, -0.1248031496062992400 ) ) ;
#2954 = ADVANCED_FACE ( 'NONE', ( #2278 ), #4, .F. ) ;
#2955 = CARTESIAN_POINT ( 'NONE',  ( 0.3200000000000026700, -0.1256299212598414300, -0.1046850393700783100 ) ) ;
#2956 = LINE ( 'NONE', #6377, #6711 ) ;
#2957 = DIMENSIONAL_EXPONENTS ( 1.000000000000000000, 0.0000000000000000000, 0.0000000000000000000, 0.0000000000000000000, 0.0000000000000000000, 0.0000000000000000000, 0.0000000000000000000 ) ;
#2958 = VERTEX_POINT ( 'NONE', #6755 ) ;
#2959 = VECTOR ( 'NONE', #3153, 39.37007874015748900 ) ;
#2960 = CARTESIAN_POINT ( 'NONE',  ( 0.1169999999999999800, 0.009842519685039763700, -0.1900000000000004700 ) ) ;
#2961 = EDGE_CURVE ( 'NONE', #6811, #2814, #7815, .T. ) ;
#2962 = EDGE_LOOP ( 'NONE', ( #7383, #6118, #280, #6147 ) ) ;
#2963 = CIRCLE ( 'NONE', #447, 0.003937007874015724600 ) ;
#2964 = DIRECTION ( 'NONE',  ( 0.7071067811865463500, -0.7071067811865486800, 3.944304526105059000E-031 ) ) ;
#2965 = DIRECTION ( 'NONE',  ( -3.400677691960634400E-015, 1.000000000000000000, -2.087764443346746700E-016 ) ) ;
#2966 = DIRECTION ( 'NONE',  ( -1.000000000000000000, 2.891205793294679400E-015, 0.0000000000000000000 ) ) ;
#2967 = EDGE_CURVE ( 'NONE', #998, #2026, #70, .T. ) ;
#2968 = VECTOR ( 'NONE', #594, 39.37007874015748100 ) ;
#2969 = EDGE_CURVE ( 'NONE', #3623, #9472, #6835, .T. ) ;
#2970 = DIRECTION ( 'NONE',  ( -4.870563516384232900E-030, -2.087764443346746500E-016, -1.000000000000000000 ) ) ;
#2971 = ORIENTED_EDGE ( 'NONE', *, *, #4273, .T. ) ;
#2972 = LINE ( 'NONE', #2984, #1031 ) ;
#2973 = EDGE_CURVE ( 'NONE', #1446, #9162, #5788, .T. ) ;
#2974 = EDGE_CURVE ( 'NONE', #2125, #1654, #6718, .T. ) ;
#2975 = VERTEX_POINT ( 'NONE', #4687 ) ;
#2976 = CYLINDRICAL_SURFACE ( 'NONE', #1211, 0.003937007874015724600 ) ;
#2977 = DIRECTION ( 'NONE',  ( -3.400677691960634400E-015, 1.000000000000000000, -2.087764443346746700E-016 ) ) ;
#2978 = CARTESIAN_POINT ( 'NONE',  ( -0.3101574803149608800, 0.5618897637795270400, -0.3349999999999999100 ) ) ;
#2979 = PLANE ( 'NONE',  #8194 ) ;
#2980 = ORIENTED_EDGE ( 'NONE', *, *, #8259, .T. ) ;
#2981 = LINE ( 'NONE', #2955, #1277 ) ;
#2982 = ADVANCED_FACE ( 'NONE', ( #5189 ), #3116, .F. ) ;
#2983 = DIRECTION ( 'NONE',  ( -1.000000000000000000, 4.336808689942006700E-015, 0.0000000000000000000 ) ) ;
#2984 = CARTESIAN_POINT ( 'NONE',  ( -0.1669999999999994500, -0.1603553390593279700, -0.1740000000000004600 ) ) ;
#2985 = DIRECTION ( 'NONE',  ( -1.000000000000000000, -3.400677691960634000E-015, 0.0000000000000000000 ) ) ;
#2986 = ORIENTED_EDGE ( 'NONE', *, *, #6864, .F. ) ;
#2987 = CARTESIAN_POINT ( 'NONE',  ( 0.1102362204724409200, 0.6799999999999999400, 0.3231889763779529600 ) ) ;
#2988 = FACE_OUTER_BOUND ( 'NONE', #1254, .T. ) ;
#2989 = DIRECTION ( 'NONE',  ( 1.000000000000000000, 3.400677691960634000E-015, -0.0000000000000000000 ) ) ;
#2990 = AXIS2_PLACEMENT_3D ( 'NONE', #3196, #3293, #3910 ) ;
#2991 = ADVANCED_FACE ( 'NONE', ( #9344 ), #8426, .F. ) ;
#2992 = CARTESIAN_POINT ( 'NONE',  ( -0.2305625537452148900, 0.5262794733655334900, 0.005905511811023646300 ) ) ;
#2993 = CARTESIAN_POINT ( 'NONE',  ( 0.1574803149606287000, 0.5591058788142251300, -0.3350000000000032400 ) ) ;
#2994 = CARTESIAN_POINT ( 'NONE',  ( 0.3200000000000026700, -0.1256299212598414300, -0.06531496062992479800 ) ) ;
#2995 =( GEOMETRIC_REPRESENTATION_CONTEXT ( 3 ) GLOBAL_UNCERTAINTY_ASSIGNED_CONTEXT ( ( #2537 ) ) GLOBAL_UNIT_ASSIGNED_CONTEXT ( ( #5953, #1508, #8096 ) ) REPRESENTATION_CONTEXT ( 'NONE', 'WORKASPACE' ) );
#2996 = CARTESIAN_POINT ( 'NONE',  ( 0.3121259842519707500, 0.009842519685040438500, 0.3072834645669275700 ) ) ;
#2997 = VECTOR ( 'NONE', #8200, 39.37007874015748100 ) ;
#2998 = EDGE_CURVE ( 'NONE', #5251, #5212, #8865, .T. ) ;
#2999 = EDGE_CURVE ( 'NONE', #2919, #80, #2683, .T. ) ;
#3000 = DIRECTION ( 'NONE',  ( 1.000000000000000000, 0.0000000000000000000, 0.0000000000000000000 ) ) ;
#3001 = ADVANCED_FACE ( 'NONE', ( #1260 ), #8547, .F. ) ;
#3002 = CARTESIAN_POINT ( 'NONE',  ( -1.248692419008931200, -0.1250000000000042500, 0.2561023622047228200 ) ) ;
#3003 = AXIS2_PLACEMENT_3D ( 'NONE', #3946, #6157, #8508 ) ;
#3004 =( CONVERSION_BASED_UNIT ( 'INCH', #9416 ) LENGTH_UNIT ( ) NAMED_UNIT ( #8212 ) );
#3005 = EDGE_CURVE ( 'NONE', #9108, #2212, #5547, .T. ) ;
#3006 = DIRECTION ( 'NONE',  ( 3.454814795174053600E-015, 1.000000000000000000, -0.0000000000000000000 ) ) ;
#3007 = FACE_OUTER_BOUND ( 'NONE', #6464, .T. ) ;
#3008 = CARTESIAN_POINT ( 'NONE',  ( -0.3121259842519683600, 0.6711881865661383200, 0.3215462856484548900 ) ) ;
#3009 = ORIENTED_EDGE ( 'NONE', *, *, #9339, .F. ) ;
#3010 = EDGE_CURVE ( 'NONE', #721, #9678, #7329, .T. ) ;
#3011 =( NAMED_UNIT ( * ) PLANE_ANGLE_UNIT ( ) SI_UNIT ( $, .RADIAN. ) );
#3012 = CARTESIAN_POINT ( 'NONE',  ( 0.3200000000000020100, 0.05511811023621931300, 0.1541732283464531900 ) ) ;
#3013 = FACE_OUTER_BOUND ( 'NONE', #3103, .T. ) ;
#3014 = CARTESIAN_POINT ( 'NONE',  ( 0.3200000000000000100, 0.6727409429929009900, -0.3222763607591331800 ) ) ;
#3015 = EDGE_LOOP ( 'NONE', ( #5551, #9074, #8226, #3493 ) ) ;
#3016 = APPLICATION_CONTEXT ( 'automotive_design' ) ;
#3017 = EDGE_LOOP ( 'NONE', ( #6102, #7725, #4831, #1528, #4151, #8939 ) ) ;
#3018 = VECTOR ( 'NONE', #7928, 39.37007874015748100 ) ;
#3019 = FACE_OUTER_BOUND ( 'NONE', #3609, .T. ) ;
#3020 = DIRECTION ( 'NONE',  ( 3.717264591378884600E-015, 3.454814795174027600E-015, -1.000000000000000000 ) ) ;
#3021 = CIRCLE ( 'NONE', #1165, 0.001968503937007862300 ) ;
#3022 = ORIENTED_EDGE ( 'NONE', *, *, #8102, .F. ) ;
#3023 = FACE_OUTER_BOUND ( 'NONE', #1615, .T. ) ;
#3024 = DIRECTION ( 'NONE',  ( 0.1736481776669270600, -0.9848077530122085800, 0.0000000000000000000 ) ) ;
#3025 = DIRECTION ( 'NONE',  ( -1.000000000000000000, 0.0000000000000000000, 0.0000000000000000000 ) ) ;
#3026 = PLANE ( 'NONE',  #8436 ) ;
#3027 = ADVANCED_FACE ( 'NONE', ( #1135 ), #6594, .F. ) ;
#3028 = ORIENTED_EDGE ( 'NONE', *, *, #6024, .F. ) ;
#3029 = ORIENTED_EDGE ( 'NONE', *, *, #6751, .F. ) ;
#3030 = ORIENTED_EDGE ( 'NONE', *, *, #6227, .T. ) ;
#3031 = ORIENTED_EDGE ( 'NONE', *, *, #7829, .F. ) ;
#3032 = EDGE_CURVE ( 'NONE', #8500, #1133, #6321, .T. ) ;
#3033 = CIRCLE ( 'NONE', #6061, 0.007874015748031490700 ) ;
#3034 = ORIENTED_EDGE ( 'NONE', *, *, #3315, .F. ) ;
#3035 = CIRCLE ( 'NONE', #7360, 0.001968503937007862300 ) ;
#3036 = ORIENTED_EDGE ( 'NONE', *, *, #309, .T. ) ;
#3037 = COLOUR_RGB ( '',0.7921568627450980000, 0.8196078431372548800, 0.9333333333333333500 ) ;
#3038 = CARTESIAN_POINT ( 'NONE',  ( 0.3200994094488202000, 0.03937007874015635600, 0.2811417322834610700 ) ) ;
#3039 = CARTESIAN_POINT ( 'NONE',  ( -0.2519685039370065400, 0.2764566929133841500, -0.01771653543307074800 ) ) ;
#3040 = VERTEX_POINT ( 'NONE', #3218 ) ;
#3041 = CARTESIAN_POINT ( 'NONE',  ( -0.3065474377744166800, 0.6696701650233443100, -0.3269115905583123100 ) ) ;
#3042 = ORIENTED_EDGE ( 'NONE', *, *, #1274, .F. ) ;
#3043 = CARTESIAN_POINT ( 'NONE',  ( 0.2517653116130454400, 0.6327559055118111600, 0.005905511811023646300 ) ) ;
#3044 = EDGE_CURVE ( 'NONE', #8864, #8694, #2844, .T. ) ;
#3045 = CARTESIAN_POINT ( 'NONE',  ( -0.2364999999999994900, -0.1250000000000008000, 0.2424999999999995200 ) ) ;
#3046 = LINE ( 'NONE', #5924, #5632 ) ;
#3047 = ADVANCED_FACE ( 'NONE', ( #1597 ), #178, .F. ) ;
#3048 = EDGE_LOOP ( 'NONE', ( #3944, #6202, #8698, #5522, #7746 ) ) ;
#3049 = ORIENTED_EDGE ( 'NONE', *, *, #3270, .F. ) ;
#3050 = B_SPLINE_SURFACE_WITH_KNOTS ( 'NONE', 1, 3, ( 
 ( #1273, #7236, #6462, #1987 ),
 ( #8797, #8079, #8895, #4384 ) ),
 .UNSPECIFIED., .F., .F., .F.,
 ( 2, 2 ),
 ( 4, 4 ),
 ( 0.0000000000000000000, 1.000000000000000000 ),
 ( 0.0000000000000000000, 1.000000000000000000 ),
 .UNSPECIFIED. ) ;
#3051 = ORIENTED_EDGE ( 'NONE', *, *, #5194, .F. ) ;
#3052 = PLANE ( 'NONE',  #643 ) ;
#3053 = CARTESIAN_POINT ( 'NONE',  ( 0.2519685039370092600, 0.2764566929133857600, -0.01771653543307081400 ) ) ;
#3054 = CARTESIAN_POINT ( 'NONE',  ( 0.1615000000000006200, -0.1603553390593268300, 0.2174999999999995500 ) ) ;
#3055 = VECTOR ( 'NONE', #9047, 39.37007874015748100 ) ;
#3056 = EDGE_CURVE ( 'NONE', #2919, #6323, #4949, .T. ) ;
#3057 = CARTESIAN_POINT ( 'NONE',  ( 0.1574803149606287000, 0.5591058788142251300, 0.3349999999999995200 ) ) ;
#3058 = ORIENTED_EDGE ( 'NONE', *, *, #910, .T. ) ;
#3059 = DIRECTION ( 'NONE',  ( 3.400677691960634000E-015, -1.000000000000000000, 1.889265384422574300E-016 ) ) ;
#3060 = LINE ( 'NONE', #6406, #3526 ) ;
#3061 = ORIENTED_EDGE ( 'NONE', *, *, #2399, .F. ) ;
#3062 = ORIENTED_EDGE ( 'NONE', *, *, #8119, .T. ) ;
#3064 = DIRECTION ( 'NONE',  ( -3.400677691960634400E-015, 1.000000000000000000, -1.773052509417498100E-046 ) ) ;
#3063 = LINE ( 'NONE', #5437, #761 ) ;
#3065 =( NAMED_UNIT ( * ) PLANE_ANGLE_UNIT ( ) SI_UNIT ( $, .RADIAN. ) );
#3066 = ORIENTED_EDGE ( 'NONE', *, *, #6891, .F. ) ;
#3067 = LINE ( 'NONE', #5583, #3305 ) ;
#3068 = VECTOR ( 'NONE', #9370, 39.37007874015748100 ) ;
#3069 = VERTEX_POINT ( 'NONE', #351 ) ;
#3070 = EDGE_CURVE ( 'NONE', #6413, #758, #3890, .T. ) ;
#3071 = VECTOR ( 'NONE', #1407, 39.37007874015748100 ) ;
#3072 = CARTESIAN_POINT ( 'NONE',  ( -0.3089306608659682100, 0.6659783258117839600, 0.3271259842519692600 ) ) ;
#3073 = DIRECTION ( 'NONE',  ( -1.000000000000000000, 3.454814795174053200E-015, -0.0000000000000000000 ) ) ;
#3074 = DIRECTION ( 'NONE',  ( -0.7071067811865432400, -0.7071067811865517900, 1.476272395410646100E-016 ) ) ;
#3075 = CARTESIAN_POINT ( 'NONE',  ( 0.1813919424826507800, 0.1813919424826518600, -0.3271259842519698100 ) ) ;
#3076 = ORIENTED_EDGE ( 'NONE', *, *, #9571, .T. ) ;
#3077 = CYLINDRICAL_SURFACE ( 'NONE', #967, 0.01181102362204724000 ) ;
#3078 = ADVANCED_FACE ( 'NONE', ( #7930 ), #8607, .F. ) ;
#3079 = LINE ( 'NONE', #6988, #1253 ) ;
#3080 = ORIENTED_EDGE ( 'NONE', *, *, #7424, .F. ) ;
#3081 = VECTOR ( 'NONE', #5013, 39.37007874015748100 ) ;
#3082 = CARTESIAN_POINT ( 'NONE',  ( -0.08267716535433165800, 0.2764566929133847100, 0.3231889763779511900 ) ) ;
#3083 = DIRECTION ( 'NONE',  ( 0.0000000000000000000, 1.000000000000000000, 0.0000000000000000000 ) ) ;
#3084 = ORIENTED_EDGE ( 'NONE', *, *, #5019, .T. ) ;
#3085 = LINE ( 'NONE', #3714, #8875 ) ;
#3086 = DIRECTION ( 'NONE',  ( 1.000000000000000000, 0.0000000000000000000, 0.0000000000000000000 ) ) ;
#3087 = DIRECTION ( 'NONE',  ( -1.000000000000000000, 3.454814795174053600E-015, 0.0000000000000000000 ) ) ;
#3088 = EDGE_LOOP ( 'NONE', ( #3451, #1239, #2184, #3587, #6130, #1887 ) ) ;
#3089 = LINE ( 'NONE', #3172, #190 ) ;
#3090 = AXIS2_PLACEMENT_3D ( 'NONE', #675, #5891, #2966 ) ;
#3091 = PLANE ( 'NONE',  #9448 ) ;
#3092 = SURFACE_SIDE_STYLE ('',( #8240 ) ) ;
#3093 = DIRECTION ( 'NONE',  ( -0.5773502691896258400, -0.5773502691896260600, -0.5773502691896251800 ) ) ;
#3094 = ADVANCED_FACE ( 'NONE', ( #6126 ), #330, .F. ) ;
#3095 = ORIENTED_EDGE ( 'NONE', *, *, #334, .T. ) ;
#3096 = CARTESIAN_POINT ( 'NONE',  ( -0.3121259842519683600, 0.6701574803149607000, -0.3230102407095409900 ) ) ;
#3097 = CARTESIAN_POINT ( 'NONE',  ( -0.1255055738910792800, 0.6307874015748021800, 0.1689370078740164100 ) ) ;
#3098 = VECTOR ( 'NONE', #3840, 39.37007874015748100 ) ;
#3099 = ORIENTED_EDGE ( 'NONE', *, *, #7845, .T. ) ;
#3100 = FACE_OUTER_BOUND ( 'NONE', #8380, .T. ) ;
#3101 = DIRECTION ( 'NONE',  ( 1.000000000000000000, 3.400677691960634000E-015, 0.0000000000000000000 ) ) ;
#3102 = DIRECTION ( 'NONE',  ( -1.000000000000000000, 3.454814795174053600E-015, -0.0000000000000000000 ) ) ;
#3103 = EDGE_LOOP ( 'NONE', ( #379, #8037, #4174, #7695 ) ) ;
#3104 = EDGE_CURVE ( 'NONE', #1883, #7908, #9609, .T. ) ;
#3105 = EDGE_LOOP ( 'NONE', ( #956, #2285, #7556, #1308, #3480, #2009 ) ) ;
#3106 = ADVANCED_FACE ( 'NONE', ( #4860 ), #4850, .F. ) ;
#3107 = FACE_OUTER_BOUND ( 'NONE', #1707, .T. ) ;
#3108 = CARTESIAN_POINT ( 'NONE',  ( -0.3101574803149607700, 0.6721259842519686800, 0.3230102407095416500 ) ) ;
#3109 = CARTESIAN_POINT ( 'NONE',  ( 0.3138504258964480700, 0.05393047823959145500, 0.005905511811023646300 ) ) ;
#3110 = AXIS2_PLACEMENT_3D ( 'NONE', #3827, #9268, #7951 ) ;
#3111 = LINE ( 'NONE', #6212, #2307 ) ;
#3112 = CARTESIAN_POINT ( 'NONE',  ( -0.08299999999999956000, -0.1250000000000002800, -0.1740000000000004900 ) ) ;
#3113 = DIRECTION ( 'NONE',  ( -4.336808689942016200E-015, -1.000000000000000000, -0.0000000000000000000 ) ) ;
#3114 = PLANE ( 'NONE',  #754 ) ;
#3115 = CARTESIAN_POINT ( 'NONE',  ( -0.2697101235488635900, 0.6721259842519685700, 0.1791338582677165200 ) ) ;
#3116 = PLANE ( 'NONE',  #5453 ) ;
#3117 =( NAMED_UNIT ( * ) SI_UNIT ( $, .STERADIAN. ) SOLID_ANGLE_UNIT ( ) );
#3118 = CIRCLE ( 'NONE', #6169, 0.008858267716535448600 ) ;
#3119 = MECHANICAL_DESIGN_GEOMETRIC_PRESENTATION_REPRESENTATION (  '', ( #4493 ), #2929 ) ;
#3120 = ORIENTED_EDGE ( 'NONE', *, *, #8312, .F. ) ;
#3121 = DIRECTION ( 'NONE',  ( -1.000000000000000000, -3.400677691960634000E-015, 1.751623080406021300E-046 ) ) ;
#3122 = CARTESIAN_POINT ( 'NONE',  ( -0.08299999999999956000, -0.1250000000000002800, -0.1740000000000004900 ) ) ;
#3123 = AXIS2_PLACEMENT_3D ( 'NONE', #2175, #6583, #7472 ) ;
#3124 = CARTESIAN_POINT ( 'NONE',  ( 0.3121259842519685800, 0.6701574803149607000, -0.3230102407095417100 ) ) ;
#3125 = DIRECTION ( 'NONE',  ( 0.0000000000000000000, 1.000000000000000000, 0.0000000000000000000 ) ) ;
#3126 = EDGE_CURVE ( 'NONE', #5251, #7153, #3459, .T. ) ;
#3127 = CARTESIAN_POINT ( 'NONE',  ( -0.2519685039370065400, 0.2764566929133841500, -0.01771653543307074800 ) ) ;
#3128 = DIRECTION ( 'NONE',  ( 0.0000000000000000000, 0.0000000000000000000, -1.000000000000000000 ) ) ;
#3129 = ORIENTED_EDGE ( 'NONE', *, *, #6622, .F. ) ;
#3130 = CARTESIAN_POINT ( 'NONE',  ( -0.3200000000000012300, 0.6699217144102476200, -0.3231889763779527400 ) ) ;
#3131 = PLANE ( 'NONE',  #9520 ) ;
#3132 = CARTESIAN_POINT ( 'NONE',  ( 0.0000000000000000000, 0.6799999999999999400, 0.0000000000000000000 ) ) ;
#3133 = EDGE_LOOP ( 'NONE', ( #2562, #839, #4218, #1605 ) ) ;
#3134 = VERTEX_POINT ( 'NONE', #5589 ) ;
#3135 = VECTOR ( 'NONE', #8213, 39.37007874015748100 ) ;
#3136 = CARTESIAN_POINT ( 'NONE',  ( -0.2250000000000000300, 0.009842519685038627500, 0.06799999999999951900 ) ) ;
#3137 = CARTESIAN_POINT ( 'NONE',  ( -0.3111881865661383400, 0.6721259842519685700, -0.3215462856484539400 ) ) ;
#3138 = COLOUR_RGB ( '',0.7921568627450980000, 0.8196078431372548800, 0.9333333333333333500 ) ;
#3139 = EDGE_LOOP ( 'NONE', ( #7257, #1807, #3730, #3162 ) ) ;
#3140 = EDGE_CURVE ( 'NONE', #3233, #8499, #4156, .T. ) ;
#3141 = CARTESIAN_POINT ( 'NONE',  ( -1.248692419008931200, -0.1250000000000042500, 0.2561023622047228200 ) ) ;
#3142 = ADVANCED_FACE ( 'NONE', ( #4398 ), #685, .F. ) ;
#3143 = DIRECTION ( 'NONE',  ( 0.0000000000000000000, 0.0000000000000000000, 1.000000000000000000 ) ) ;
#3144 = LINE ( 'NONE', #2425, #7146 ) ;
#3145 = EDGE_LOOP ( 'NONE', ( #2723, #7308, #1926, #4572 ) ) ;
#3146 = ORIENTED_EDGE ( 'NONE', *, *, #5148, .T. ) ;
#3147 = ORIENTED_EDGE ( 'NONE', *, *, #2512, .F. ) ;
#3148 = VERTEX_POINT ( 'NONE', #6369 ) ;
#3149 = EDGE_CURVE ( 'NONE', #4693, #3752, #5588, .T. ) ;
#3150 = LINE ( 'NONE', #8768, #4300 ) ;
#3151 = CARTESIAN_POINT ( 'NONE',  ( -1.248692419008931900, 0.009842519685035111200, 0.3133464566929117800 ) ) ;
#3152 = ORIENTED_EDGE ( 'NONE', *, *, #7191, .T. ) ;
#3153 = DIRECTION ( 'NONE',  ( 0.5773502691896289500, -0.5773502691896220700, -0.5773502691896260600 ) ) ;
#3154 = ORIENTED_EDGE ( 'NONE', *, *, #7006, .F. ) ;
#3155 = EDGE_CURVE ( 'NONE', #1681, #3963, #9018, .T. ) ;
#3156 = FILL_AREA_STYLE_COLOUR ( '', #3037 ) ;
#3157 = VECTOR ( 'NONE', #274, 39.37007874015748900 ) ;
#3158 = CARTESIAN_POINT ( 'NONE',  ( 0.3099217144102480200, 0.6800000000000003800, -0.3231889763779528000 ) ) ;
#3159 = ORIENTED_EDGE ( 'NONE', *, *, #8584, .F. ) ;
#3160 = EDGE_LOOP ( 'NONE', ( #7431, #4242, #6452, #8776, #5263, #7075, #6329, #55, #9487, #977, #2916, #6917, #3639, #7160, #2127, #171, #4605, #1451 ) ) ;
#3161 = ORIENTED_EDGE ( 'NONE', *, *, #3331, .F. ) ;
#3162 = ORIENTED_EDGE ( 'NONE', *, *, #7774, .F. ) ;
#3163 = AXIS2_PLACEMENT_3D ( 'NONE', #4864, #2720, #423 ) ;
#3164 = VECTOR ( 'NONE', #7512, 39.37007874015748100 ) ;
#3165 = ORIENTED_EDGE ( 'NONE', *, *, #176, .F. ) ;
#3166 = LINE ( 'NONE', #827, #8138 ) ;
#3167 = EDGE_LOOP ( 'NONE', ( #15, #5917, #744, #1040 ) ) ;
#3168 = CARTESIAN_POINT ( 'NONE',  ( -0.1650000000000000100, 0.009842519685038832200, 0.06799999999999953300 ) ) ;
#3169 = CARTESIAN_POINT ( 'NONE',  ( -0.3147956584452604200, 0.6721259842519686800, -0.3293732138850193300 ) ) ;
#3170 = CARTESIAN_POINT ( 'NONE',  ( -0.3200000000000020600, 0.05511811023622152600, -0.1135433070866137500 ) ) ;
#3171 = VECTOR ( 'NONE', #8155, 39.37007874015748100 ) ;
#3172 = CARTESIAN_POINT ( 'NONE',  ( -0.06699999999999953200, -0.1250000000000002500, -0.1740000000000004600 ) ) ;
#3173 = CARTESIAN_POINT ( 'NONE',  ( -1.248692419008931900, -4.234364390179608300E-015, 0.3072834645669275700 ) ) ;
#3174 = ORIENTED_EDGE ( 'NONE', *, *, #3457, .F. ) ;
#3175 = VERTEX_POINT ( 'NONE', #9392 ) ;
#3176 = CIRCLE ( 'NONE', #1620, 0.007874015748031516800 ) ;
#3177 = EDGE_LOOP ( 'NONE', ( #4728, #6324, #1827, #4354 ) ) ;
#3178 = EDGE_LOOP ( 'NONE', ( #4494, #3874, #3312, #6717 ) ) ;
#3179 = EDGE_LOOP ( 'NONE', ( #4304, #8876, #2699, #5879, #2838 ) ) ;
#3180 = LINE ( 'NONE', #7369, #8739 ) ;
#3181 = CARTESIAN_POINT ( 'NONE',  ( -0.3071149738966094700, 0.6702974565612457300, -0.3265137834876546400 ) ) ;
#3182 = DIRECTION ( 'NONE',  ( 0.0000000000000000000, 0.0000000000000000000, 1.000000000000000000 ) ) ;
#3183 = ORIENTED_EDGE ( 'NONE', *, *, #350, .F. ) ;
#3184 = DIRECTION ( 'NONE',  ( 0.0000000000000000000, 0.0000000000000000000, 1.000000000000000000 ) ) ;
#3185 = CARTESIAN_POINT ( 'NONE',  ( 0.2618110236220472200, 0.6721259842519685700, 0.005905511811023654900 ) ) ;
#3186 = ORIENTED_EDGE ( 'NONE', *, *, #1645, .T. ) ;
#3187 = VERTEX_POINT ( 'NONE', #1774 ) ;
#3188 = FACE_OUTER_BOUND ( 'NONE', #9360, .T. ) ;
#3189 = ORIENTED_EDGE ( 'NONE', *, *, #7521, .F. ) ;
#3190 = EDGE_CURVE ( 'NONE', #5945, #3788, #1512, .T. ) ;
#3191 = EDGE_CURVE ( 'NONE', #7296, #2054, #7489, .T. ) ;
#3192 = CARTESIAN_POINT ( 'NONE',  ( -0.1255055738910792800, 0.6307874015748021800, 0.2399521717798882600 ) ) ;
#3193 = LINE ( 'NONE', #2363, #7932 ) ;
#3194 = ORIENTED_EDGE ( 'NONE', *, *, #1060, .F. ) ;
#3195 = VECTOR ( 'NONE', #2346, 39.37007874015748100 ) ;
#3196 = CARTESIAN_POINT ( 'NONE',  ( -0.2618110236220472200, 0.6721259842519685700, -0.1326771653543307400 ) ) ;
#3197 = DIRECTION ( 'NONE',  ( 1.000000000000000000, 0.0000000000000000000, 0.0000000000000000000 ) ) ;
#3198 =( GEOMETRIC_REPRESENTATION_CONTEXT ( 3 ) GLOBAL_UNCERTAINTY_ASSIGNED_CONTEXT ( ( #1261 ) ) GLOBAL_UNIT_ASSIGNED_CONTEXT ( ( #8480, #7728, #182 ) ) REPRESENTATION_CONTEXT ( 'NONE', 'WORKASPACE' ) );
#3199 = ORIENTED_EDGE ( 'NONE', *, *, #4104, .F. ) ;
#3200 = ADVANCED_FACE ( 'NONE', ( #5100 ), #1857, .F. ) ;
#3201 = LINE ( 'NONE', #1968, #5307 ) ;
#3202 = DIRECTION ( 'NONE',  ( 0.0000000000000000000, 0.0000000000000000000, -1.000000000000000000 ) ) ;
#3203 = EDGE_CURVE ( 'NONE', #2245, #5749, #3118, .T. ) ;
#3204 = DIRECTION ( 'NONE',  ( -3.400677691960634400E-015, 1.000000000000000000, 4.004738936455458800E-046 ) ) ;
#3205 = CARTESIAN_POINT ( 'NONE',  ( -0.03299999999999957100, -0.1250000000000001100, -0.2900000000000004800 ) ) ;
#3206 = CARTESIAN_POINT ( 'NONE',  ( 0.3200994094488203200, 0.07086614173228121500, -0.1775196850393696300 ) ) ;
#3207 = ORIENTED_EDGE ( 'NONE', *, *, #3044, .T. ) ;
#3208 = FACE_OUTER_BOUND ( 'NONE', #5700, .T. ) ;
#3209 = EDGE_CURVE ( 'NONE', #3844, #6004, #3689, .T. ) ;
#3210 = ORIENTED_EDGE ( 'NONE', *, *, #9595, .F. ) ;
#3211 = CARTESIAN_POINT ( 'NONE',  ( -0.06699999999999942100, -0.1250000000000002500, -0.1740000000000004600 ) ) ;
#3212 = B_SPLINE_CURVE_WITH_KNOTS ( 'NONE', 3,
 ( #3283, #4775, #1935, #8740 ),
 .UNSPECIFIED., .F., .F.,
 ( 4, 4 ),
 ( 0.0000000000000000000, 1.000000000000000000 ),
 .UNSPECIFIED. ) ;
#3213 = CARTESIAN_POINT ( 'NONE',  ( -0.3121259842519705800, -7.478433882655920700E-015, -0.2916929133858263100 ) ) ;
#3214 = EDGE_CURVE ( 'NONE', #8864, #1012, #8204, .T. ) ;
#3215 = VERTEX_POINT ( 'NONE', #2429 ) ;
#3216 = DIRECTION ( 'NONE',  ( -1.000000000000000000, -3.400677691960634000E-015, 8.758115402030106700E-047 ) ) ;
#3217 = LINE ( 'NONE', #8391, #2646 ) ;
#3218 = CARTESIAN_POINT ( 'NONE',  ( 0.2651652498911324900, 0.6721259842519685700, 0.2743517874051790700 ) ) ;
#3219 = PLANE ( 'NONE',  #3762 ) ;
#3220 = VERTEX_POINT ( 'NONE', #3926 ) ;
#3221 = PLANE ( 'NONE',  #8497 ) ;
#3222 = CARTESIAN_POINT ( 'NONE',  ( 0.2755905511810998700, 0.6701574803149607000, 0.2083070866141737400 ) ) ;
#3223 = CARTESIAN_POINT ( 'NONE',  ( -0.3199999999999998400, 0.6701574803149607000, -0.3230102407095410400 ) ) ;
#3224 = ORIENTED_EDGE ( 'NONE', *, *, #4468, .T. ) ;
#3225 = LINE ( 'NONE', #2751, #4626 ) ;
#3226 = CARTESIAN_POINT ( 'NONE',  ( 0.3121259842519705200, 0.05511811023621938200, 0.2811417322834610700 ) ) ;
#3227 = CARTESIAN_POINT ( 'NONE',  ( -0.2362204724409458500, 0.2764566929133841500, 0.1689370078740164700 ) ) ;
#3228 = AXIS2_PLACEMENT_3D ( 'NONE', #8429, #4600, #912 ) ;
#3229 = EDGE_CURVE ( 'NONE', #6854, #1745, #5353, .T. ) ;
#3230 = PLANE ( 'NONE',  #2854 ) ;
#3231 = DIRECTION ( 'NONE',  ( 1.000000000000000000, 0.0000000000000000000, -0.0000000000000000000 ) ) ;
#3232 = LINE ( 'NONE', #3484, #2997 ) ;
#3233 = VERTEX_POINT ( 'NONE', #8470 ) ;
#3234 = CARTESIAN_POINT ( 'NONE',  ( 0.3200000000000000600, 0.6701574803149605900, 0.06102362204724409700 ) ) ;
#3235 = PLANE ( 'NONE',  #5274 ) ;
#3236 = DIRECTION ( 'NONE',  ( -3.400677691960634400E-015, 1.000000000000000000, -5.673458669708795000E-046 ) ) ;
#3237 = DIRECTION ( 'NONE',  ( 0.0000000000000000000, 1.000000000000000000, -2.087764443346746700E-016 ) ) ;
#3238 = CARTESIAN_POINT ( 'NONE',  ( -0.1683220195082481000, 0.1888940955264422900, 0.3350000000000003000 ) ) ;
#3239 = ADVANCED_FACE ( 'NONE', ( #9376 ), #391, .F. ) ;
#3240 = DIRECTION ( 'NONE',  ( 0.0000000000000000000, 0.0000000000000000000, 1.000000000000000000 ) ) ;
#3241 = SURFACE_STYLE_FILL_AREA ( #8350 ) ;
#3242 = B_SPLINE_CURVE_WITH_KNOTS ( 'NONE', 3,
 ( #9523, #1380, #2741, #8031, #3476, #6574 ),
 .UNSPECIFIED., .F., .F.,
 ( 4, 2, 4 ),
 ( 0.0000000000000000000, 0.5000000000000000000, 1.000000000000000000 ),
 .UNSPECIFIED. ) ;
#3243 = DIRECTION ( 'NONE',  ( -1.000000000000000000, -3.252606517456505000E-015, 0.0000000000000000000 ) ) ;
#3244 = DIRECTION ( 'NONE',  ( -3.400677691960634400E-015, 1.000000000000000000, -6.547132841465570100E-047 ) ) ;
#3245 = CARTESIAN_POINT ( 'NONE',  ( -0.3200000000000021700, 0.01574803149606405400, -0.03972440944882241200 ) ) ;
#3246 = STYLED_ITEM ( 'NONE', ( #5298 ), #7618 ) ;
#3247 = DIRECTION ( 'NONE',  ( 0.0000000000000000000, 3.535716378941755800E-015, 1.000000000000000000 ) ) ;
#3248 = EDGE_CURVE ( 'NONE', #3752, #1571, #1405, .T. ) ;
#3249 = LINE ( 'NONE', #3280, #4763 ) ;
#3250 = DIRECTION ( 'NONE',  ( 7.212839487712661500E-031, 2.087764443346746500E-016, 1.000000000000000000 ) ) ;
#3251 = DIRECTION ( 'NONE',  ( -3.400677691960634000E-015, 1.000000000000000000, -6.547132841465617800E-047 ) ) ;
#3252 = FACE_OUTER_BOUND ( 'NONE', #1491, .T. ) ;
#3253 = CARTESIAN_POINT ( 'NONE',  ( -0.1830000000000000200, 0.009842519685038747200, -0.1740000000000004900 ) ) ;
#3254 = DIRECTION ( 'NONE',  ( 0.0000000000000000000, 1.000000000000000000, 0.0000000000000000000 ) ) ;
#3255 = PLANE ( 'NONE',  #684 ) ;
#3256 = ORIENTED_EDGE ( 'NONE', *, *, #8327, .T. ) ;
#3257 = COLOUR_RGB ( '',0.7921568627450980000, 0.8196078431372548800, 0.9333333333333333500 ) ;
#3258 =( NAMED_UNIT ( * ) PLANE_ANGLE_UNIT ( ) SI_UNIT ( $, .RADIAN. ) );
#3259 = LINE ( 'NONE', #8460, #9048 ) ;
#3260 = FACE_OUTER_BOUND ( 'NONE', #6200, .T. ) ;
#3261 = ORIENTED_EDGE ( 'NONE', *, *, #7454, .F. ) ;
#3262 = CARTESIAN_POINT ( 'NONE',  ( -0.3054050914126512600, 0.6681889763779536000, 0.3349999999999999600 ) ) ;
#3263 = AXIS2_PLACEMENT_3D ( 'NONE', #1187, #3405, #4865 ) ;
#3264 = LINE ( 'NONE', #8915, #146 ) ;
#3265 = ORIENTED_EDGE ( 'NONE', *, *, #6868, .T. ) ;
#3266 = ORIENTED_EDGE ( 'NONE', *, *, #9477, .F. ) ;
#3267 = ORIENTED_EDGE ( 'NONE', *, *, #960, .T. ) ;
#3268 = VERTEX_POINT ( 'NONE', #2463 ) ;
#3269 = DIRECTION ( 'NONE',  ( -1.000000000000000000, 0.0000000000000000000, -5.102127870519943100E-016 ) ) ;
#3270 = EDGE_CURVE ( 'NONE', #4405, #2926, #220, .T. ) ;
#3271 = LINE ( 'NONE', #7623, #4560 ) ;
#3272 = EDGE_LOOP ( 'NONE', ( #8592, #5498, #1079, #3365 ) ) ;
#3273 = LINE ( 'NONE', #2428, #1204 ) ;
#3274 = ORIENTED_EDGE ( 'NONE', *, *, #5620, .T. ) ;
#3275 = DIRECTION ( 'NONE',  ( -0.0000000000000000000, 0.0000000000000000000, -1.000000000000000000 ) ) ;
#3276 = DIRECTION ( 'NONE',  ( -3.400677691960634000E-015, 1.000000000000000000, -3.134893138729876100E-013 ) ) ;
#3277 = PRESENTATION_STYLE_ASSIGNMENT (( #693 ) ) ;
#3278 = EDGE_CURVE ( 'NONE', #8056, #5078, #1171, .T. ) ;
#3279 = ORIENTED_EDGE ( 'NONE', *, *, #4745, .T. ) ;
#3280 = CARTESIAN_POINT ( 'NONE',  ( -0.2696850393700787100, 0.6799999999999999400, -0.03582677165354333100 ) ) ;
#3281 = ORIENTED_EDGE ( 'NONE', *, *, #7163, .T. ) ;
#3282 = ORIENTED_EDGE ( 'NONE', *, *, #6492, .T. ) ;
#3283 = CARTESIAN_POINT ( 'NONE',  ( 0.3102974565612454100, 0.6671149738966100100, 0.3265137834876555300 ) ) ;
#3284 = EDGE_CURVE ( 'NONE', #6221, #9174, #6746, .T. ) ;
#3285 = SPHERICAL_SURFACE ( 'NONE', #8109, 0.003937007874015748000 ) ;
#3286 = VERTEX_POINT ( 'NONE', #7997 ) ;
#3287 = EDGE_LOOP ( 'NONE', ( #9327, #5041, #9096, #8526, #8149, #8113, #5652, #6692, #1834, #7338, #115, #3407, #4208, #8492, #3832, #9555, #4943, #1788, #5517, #2714, #9086, #144, #2980, #5379, #3901, #9052, #5972, #7773, #8029, #8262 ) ) ;
#3288 = VECTOR ( 'NONE', #9598, 39.37007874015748100 ) ;
#3289 = CARTESIAN_POINT ( 'NONE',  ( 0.3200000000000011200, 0.0000000000000000000, -0.3231889763779527400 ) ) ;
#3290 = ORIENTED_EDGE ( 'NONE', *, *, #7379, .F. ) ;
#3291 = CARTESIAN_POINT ( 'NONE',  ( 0.01700000000000056000, -0.1603553390593273600, -0.1740000000000004900 ) ) ;
#3292 = VECTOR ( 'NONE', #2453, 39.37007874015748100 ) ;
#3293 = DIRECTION ( 'NONE',  ( 0.0000000000000000000, 0.0000000000000000000, -1.000000000000000000 ) ) ;
#3294 = DIRECTION ( 'NONE',  ( -1.000000000000000000, -3.454814795174054000E-015, 0.0000000000000000000 ) ) ;
#3295 = AXIS2_PLACEMENT_3D ( 'NONE', #3170, #6173, #1732 ) ;
#3296 = ADVANCED_FACE ( 'NONE', ( #941 ), #5679, .F. ) ;
#3297 = ORIENTED_EDGE ( 'NONE', *, *, #3344, .F. ) ;
#3298 = LINE ( 'NONE', #7905, #2139 ) ;
#3299 = VERTEX_POINT ( 'NONE', #3345 ) ;
#3300 = ORIENTED_EDGE ( 'NONE', *, *, #4383, .T. ) ;
#3301 = PLANE ( 'NONE',  #2433 ) ;
#3302 = ORIENTED_EDGE ( 'NONE', *, *, #4404, .F. ) ;
#3303 = CARTESIAN_POINT ( 'NONE',  ( 0.3121259842519706900, 0.02362204724409336400, 0.1374409448818862700 ) ) ;
#3304 = FILL_AREA_STYLE ('',( #1080 ) ) ;
#3305 = VECTOR ( 'NONE', #4152, 39.37007874015748100 ) ;
#3306 = CARTESIAN_POINT ( 'NONE',  ( 0.3121259842519707500, 1.058591097544902100E-015, 0.3231889763779511900 ) ) ;
#3307 = EDGE_LOOP ( 'NONE', ( #2971, #48, #3559, #6904 ) ) ;
#3308 = LINE ( 'NONE', #9480, #2839 ) ;
#3309 = AXIS2_PLACEMENT_3D ( 'NONE', #7964, #4880, #4106 ) ;
#3310 = PLANE ( 'NONE',  #7474 ) ;
#3311 = CARTESIAN_POINT ( 'NONE',  ( -0.1102362204724409300, 0.6721259842519685700, 0.2897244094488185500 ) ) ;
#3312 = ORIENTED_EDGE ( 'NONE', *, *, #8819, .T. ) ;
#3313 = VECTOR ( 'NONE', #7501, 39.37007874015748100 ) ;
#3314 = DIRECTION ( 'NONE',  ( 4.336808689942028000E-015, 1.000000000000000000, 2.168404344971014000E-015 ) ) ;
#3315 = EDGE_CURVE ( 'NONE', #5004, #8285, #8673, .T. ) ;
#3316 = VERTEX_POINT ( 'NONE', #6409 ) ;
#3317 = FACE_OUTER_BOUND ( 'NONE', #40, .T. ) ;
#3318 = B_SPLINE_CURVE_WITH_KNOTS ( 'NONE', 3,
 ( #2003, #8789, #2082, #6521 ),
 .UNSPECIFIED., .F., .F.,
 ( 4, 4 ),
 ( 0.0000000000000000000, 1.000000000000000000 ),
 .UNSPECIFIED. ) ;
#3319 = EDGE_CURVE ( 'NONE', #4217, #1777, #7616, .T. ) ;
#3320 = ORIENTED_EDGE ( 'NONE', *, *, #7379, .T. ) ;
#3321 = CARTESIAN_POINT ( 'NONE',  ( 0.2519685039370092600, 0.2764566929133857600, 0.08464566929133864000 ) ) ;
#3322 = LINE ( 'NONE', #6830, #8060 ) ;
#3323 = ORIENTED_EDGE ( 'NONE', *, *, #5355, .T. ) ;
#3324 = LINE ( 'NONE', #8532, #1939 ) ;
#3325 = DIRECTION ( 'NONE',  ( -5.782411586589356700E-016, 0.0000000000000000000, -1.000000000000000000 ) ) ;
#3326 = DIRECTION ( 'NONE',  ( -3.400677691960634400E-015, 1.000000000000000000, -2.087764443346746700E-016 ) ) ;
#3327 = DIRECTION ( 'NONE',  ( -1.000000000000000000, -3.454814795174053200E-015, 0.0000000000000000000 ) ) ;
#3328 = AXIS2_PLACEMENT_3D ( 'NONE', #2417, #8433, #7625 ) ;
#3329 = ORIENTED_EDGE ( 'NONE', *, *, #9304, .F. ) ;
#3330 = FACE_OUTER_BOUND ( 'NONE', #3385, .T. ) ;
#3331 = EDGE_CURVE ( 'NONE', #7619, #4619, #8446, .T. ) ;
#3332 = ORIENTED_EDGE ( 'NONE', *, *, #1313, .F. ) ;
#3333 = CARTESIAN_POINT ( 'NONE',  ( 0.3121259842519696300, 0.0000000000000000000, -0.3231889763779527400 ) ) ;
#3334 = CARTESIAN_POINT ( 'NONE',  ( -0.1829999999999994700, -0.1603553390593280300, -0.1740000000000004900 ) ) ;
#3335 = CARTESIAN_POINT ( 'NONE',  ( 0.2615000000000006200, -0.1603553390593265000, 0.2174999999999995800 ) ) ;
#3336 = VERTEX_POINT ( 'NONE', #5601 ) ;
#3337 = DIRECTION ( 'NONE',  ( 0.0000000000000000000, -1.000000000000000000, 0.0000000000000000000 ) ) ;
#3338 = EDGE_CURVE ( 'NONE', #4238, #9342, #1168, .T. ) ;
#3339 = ORIENTED_EDGE ( 'NONE', *, *, #7956, .F. ) ;
#3340 = CARTESIAN_POINT ( 'NONE',  ( -0.3081889763779451800, 0.6701574803149604700, 0.3350000000000001300 ) ) ;
#3341 = CIRCLE ( 'NONE', #9551, 0.007874015748031490700 ) ;
#3342 = CARTESIAN_POINT ( 'NONE',  ( -0.3101574803149604900, 0.6701574803149607000, -0.6461350581127888200 ) ) ;
#3343 = DIRECTION ( 'NONE',  ( -1.000000000000000000, 0.0000000000000000000, 0.0000000000000000000 ) ) ;
#3344 = EDGE_CURVE ( 'NONE', #603, #4819, #2654, .T. ) ;
#3345 = CARTESIAN_POINT ( 'NONE',  ( -0.3121259842519683600, 0.6701574803149607000, 0.1791338582677164900 ) ) ;
#3346 = ADVANCED_FACE ( 'NONE', ( #6395 ), #7945, .F. ) ;
#3347 = FACE_OUTER_BOUND ( 'NONE', #404, .T. ) ;
#3348 = CARTESIAN_POINT ( 'NONE',  ( -0.3178982845064608500, 0.6680618398624081900, 0.3310174633725238000 ) ) ;
#3349 = CARTESIAN_POINT ( 'NONE',  ( 0.2365000000000005200, -0.1249999999999991400, 0.2174999999999995800 ) ) ;
#3350 = CARTESIAN_POINT ( 'NONE',  ( 0.3200994094488202600, 0.05511811023621931300, -0.1046850393700783200 ) ) ;
#3351 = CARTESIAN_POINT ( 'NONE',  ( -0.3200000000000020600, 0.05511811023622152600, 0.1541732283464531900 ) ) ;
#3352 = VECTOR ( 'NONE', #7473, 39.37007874015748100 ) ;
#3353 = DIRECTION ( 'NONE',  ( 1.000000000000000000, 0.0000000000000000000, 0.0000000000000000000 ) ) ;
#3354 = DIRECTION ( 'NONE',  ( 3.454814795174054000E-015, -1.000000000000000000, 0.0000000000000000000 ) ) ;
#3355 = DIRECTION ( 'NONE',  ( -6.919777677515237500E-015, 1.000000000000000000, -3.454814795174053600E-015 ) ) ;
#3356 = DIRECTION ( 'NONE',  ( 1.000000000000000000, 3.400677691960634400E-015, 0.0000000000000000000 ) ) ;
#3357 = AXIS2_PLACEMENT_3D ( 'NONE', #9211, #3938, #5461 ) ;
#3358 = EDGE_CURVE ( 'NONE', #1883, #8841, #2422, .T. ) ;
#3359 = DIRECTION ( 'NONE',  ( -1.872858853231386600E-030, -5.421010862427524100E-016, -1.000000000000000000 ) ) ;
#3360 = ORIENTED_EDGE ( 'NONE', *, *, #3959, .T. ) ;
#3361 = CARTESIAN_POINT ( 'NONE',  ( 0.3071149738966094700, 0.6745144169278315400, 0.3331633977070583800 ) ) ;
#3362 = DIRECTION ( 'NONE',  ( 1.000000000000000000, 3.468166398206581100E-015, -8.758115402030106700E-047 ) ) ;
#3363 = CARTESIAN_POINT ( 'NONE',  ( 0.08300000000000058700, -0.1603553390593271100, -0.2740000000000004700 ) ) ;
#3364 = CIRCLE ( 'NONE', #4823, 0.01181102362204724000 ) ;
#3365 = ORIENTED_EDGE ( 'NONE', *, *, #9538, .F. ) ;
#3366 = VECTOR ( 'NONE', #1970, 39.37007874015748100 ) ;
#3367 = B_SPLINE_CURVE_WITH_KNOTS ( 'NONE', 3,
 ( #947, #156, #1635, #3108 ),
 .UNSPECIFIED., .F., .F.,
 ( 4, 4 ),
 ( 0.0000000000000000000, 1.000000000000000000 ),
 .UNSPECIFIED. ) ;
#3368 = FACE_OUTER_BOUND ( 'NONE', #8373, .T. ) ;
#3369 = DIRECTION ( 'NONE',  ( 1.000000000000000000, 3.252606517456513300E-015, -1.355252715606880500E-016 ) ) ;
#3370 = CARTESIAN_POINT ( 'NONE',  ( -0.3101574803149606000, 0.6681889763779524900, -0.3349999999999993500 ) ) ;
#3371 = ORIENTED_EDGE ( 'NONE', *, *, #8221, .T. ) ;
#3372 = CARTESIAN_POINT ( 'NONE',  ( -0.2305625537452148900, 0.5262794733655334900, 0.0000000000000000000 ) ) ;
#3373 = LINE ( 'NONE', #929, #4552 ) ;
#3374 = DIRECTION ( 'NONE',  ( 0.0000000000000000000, -2.159095364386093200E-045, -1.000000000000000000 ) ) ;
#3375 = EDGE_CURVE ( 'NONE', #9579, #6221, #1967, .T. ) ;
#3376 = CARTESIAN_POINT ( 'NONE',  ( 0.3200994094488202600, 0.05511811023621931300, -0.1046850393700783200 ) ) ;
#3377 = PLANE ( 'NONE',  #510 ) ;
#3378 = ORIENTED_EDGE ( 'NONE', *, *, #8854, .T. ) ;
#3379 = ORIENTED_EDGE ( 'NONE', *, *, #6856, .F. ) ;
#3380 = VERTEX_POINT ( 'NONE', #5028 ) ;
#3381 = VERTEX_POINT ( 'NONE', #6584 ) ;
#3382 = ADVANCED_FACE ( 'NONE', ( #7734 ), #6160, .T. ) ;
#3383 = ORIENTED_EDGE ( 'NONE', *, *, #4372, .T. ) ;
#3384 = FACE_BOUND ( 'NONE', #2736, .T. ) ;
#3385 = EDGE_LOOP ( 'NONE', ( #268, #4697, #2594, #7902 ) ) ;
#3386 = DIRECTION ( 'NONE',  ( 1.000000000000000000, 3.400677691960634400E-015, 5.473822126268817900E-048 ) ) ;
#3387 = FACE_OUTER_BOUND ( 'NONE', #4679, .T. ) ;
#3388 = CARTESIAN_POINT ( 'NONE',  ( 0.2519685039370092600, 0.2764566929133857600, 0.08464566929133864000 ) ) ;
#3389 =( NAMED_UNIT ( * ) SI_UNIT ( $, .STERADIAN. ) SOLID_ANGLE_UNIT ( ) );
#3390 = EDGE_LOOP ( 'NONE', ( #4426, #3266, #8704, #2903 ) ) ;
#3391 = ORIENTED_EDGE ( 'NONE', *, *, #2757, .F. ) ;
#3392 = EDGE_CURVE ( 'NONE', #5672, #9552, #5466, .T. ) ;
#3393 = EDGE_LOOP ( 'NONE', ( #2010, #136, #3159, #1220 ) ) ;
#3394 = ORIENTED_EDGE ( 'NONE', *, *, #8935, .T. ) ;
#3395 = AXIS2_PLACEMENT_3D ( 'NONE', #1856, #7145, #1217 ) ;
#3396 = LINE ( 'NONE', #9434, #5150 ) ;
#3397 = ORIENTED_EDGE ( 'NONE', *, *, #6801, .T. ) ;
#3398 = VECTOR ( 'NONE', #8290, 39.37007874015748100 ) ;
#3399 = VERTEX_POINT ( 'NONE', #4298 ) ;
#3400 = VECTOR ( 'NONE', #1062, 39.37007874015748100 ) ;
#3401 = ADVANCED_FACE ( 'NONE', ( #5824 ), #1289, .T. ) ;
#3402 = CARTESIAN_POINT ( 'NONE',  ( 0.3089765846953340700, 0.6721259842519689000, 0.3245221749645732500 ) ) ;
#3403 = CARTESIAN_POINT ( 'NONE',  ( -0.2250000000000000300, 0.009842519685038627500, 0.06799999999999951900 ) ) ;
#3404 = ORIENTED_EDGE ( 'NONE', *, *, #7845, .F. ) ;
#3405 = DIRECTION ( 'NONE',  ( -1.000000000000000000, 3.454814795174053200E-015, -0.0000000000000000000 ) ) ;
#3406 = CYLINDRICAL_SURFACE ( 'NONE', #2591, 0.009842519685039378600 ) ;
#3407 = ORIENTED_EDGE ( 'NONE', *, *, #8803, .T. ) ;
#3408 = ORIENTED_EDGE ( 'NONE', *, *, #9271, .F. ) ;
#3409 = LINE ( 'NONE', #2131, #9207 ) ;
#3410 = ORIENTED_EDGE ( 'NONE', *, *, #2315, .T. ) ;
#3411 = FACE_OUTER_BOUND ( 'NONE', #3088, .T. ) ;
#3412 = AXIS2_PLACEMENT_3D ( 'NONE', #841, #9077, #3128 ) ;
#3413 = EDGE_CURVE ( 'NONE', #5672, #5006, #7241, .T. ) ;
#3414 = CARTESIAN_POINT ( 'NONE',  ( 0.3099217144102479100, 0.6721259842519686800, -0.3231889763779526900 ) ) ;
#3415 = VERTEX_POINT ( 'NONE', #3590 ) ;
#3416 = PLANE ( 'NONE',  #7085 ) ;
#3417 = ORIENTED_EDGE ( 'NONE', *, *, #2554, .F. ) ;
#3418 = VERTEX_POINT ( 'NONE', #5779 ) ;
#3419 = LINE ( 'NONE', #7363, #1474 ) ;
#3420 = DIRECTION ( 'NONE',  ( 1.000000000000000000, 3.414809992080327900E-015, 1.751623080406021300E-046 ) ) ;
#3421 = DIRECTION ( 'NONE',  ( -0.0000000000000000000, -0.0000000000000000000, 1.000000000000000000 ) ) ;
#3422 = EDGE_CURVE ( 'NONE', #2713, #6104, #3232, .T. ) ;
#3423 = DIRECTION ( 'NONE',  ( 7.771642307371902400E-016, -0.2249510543438658400, 0.9743700647852350200 ) ) ;
#3424 = CIRCLE ( 'NONE', #8135, 0.007874015748031489000 ) ;
#3425 = CARTESIAN_POINT ( 'NONE',  ( 0.3200000000000000600, 0.6701574803149605900, 0.06102362204724409700 ) ) ;
#3426 = ORIENTED_EDGE ( 'NONE', *, *, #2040, .T. ) ;
#3427 = CARTESIAN_POINT ( 'NONE',  ( -0.3121259842519705800, -1.058591097544902100E-015, 0.2561023622047228200 ) ) ;
#3428 = EDGE_CURVE ( 'NONE', #3963, #7655, #9493, .T. ) ;
#3429 = ORIENTED_EDGE ( 'NONE', *, *, #2624, .F. ) ;
#3430 = DIRECTION ( 'NONE',  ( 0.04767700045778141400, 0.0000000000000000000, -0.9988628052076765600 ) ) ;
#3431 = LINE ( 'NONE', #1256, #6368 ) ;
#3432 = CARTESIAN_POINT ( 'NONE',  ( 0.06700000000000057300, -0.1603553390593272000, -0.2740000000000004700 ) ) ;
#3433 = CARTESIAN_POINT ( 'NONE',  ( 0.2365000000000005200, -0.1249999999999992000, 0.2174999999999995800 ) ) ;
#3434 = ADVANCED_FACE ( 'NONE', ( #8793 ), #3659, .F. ) ;
#3435 = ORIENTED_EDGE ( 'NONE', *, *, #2899, .F. ) ;
#3436 = CARTESIAN_POINT ( 'NONE',  ( -0.03299999999999945300, -0.1603553390593275300, -0.2900000000000004800 ) ) ;
#3438 = FACE_OUTER_BOUND ( 'NONE', #2180, .T. ) ;
#3437 = DIRECTION ( 'NONE',  ( 0.0000000000000000000, 0.0000000000000000000, -1.000000000000000000 ) ) ;
#3439 = ORIENTED_EDGE ( 'NONE', *, *, #1398, .F. ) ;
#3440 = EDGE_CURVE ( 'NONE', #6811, #3336, #3811, .T. ) ;
#3441 = B_SPLINE_CURVE_WITH_KNOTS ( 'NONE', 1,
 ( #8439, #4531 ),
 .UNSPECIFIED., .F., .F.,
 ( 2, 2 ),
 ( 0.0000000000000000000, 1.000000000000000000 ),
 .UNSPECIFIED. ) ;
#3442 = CARTESIAN_POINT ( 'NONE',  ( 0.1574803149606287300, 0.07874015748031325300, -0.3271259842519717600 ) ) ;
#3443 = VERTEX_POINT ( 'NONE', #8947 ) ;
#3444 = FACE_OUTER_BOUND ( 'NONE', #4577, .T. ) ;
#3445 = PLANE ( 'NONE',  #3975 ) ;
#3446 = CARTESIAN_POINT ( 'NONE',  ( -0.3199999999999998400, 0.6701574803149607000, -0.3230102407095410400 ) ) ;
#3447 = CARTESIAN_POINT ( 'NONE',  ( 0.2615000000000006200, -0.1249999999999991100, 0.2174999999999995800 ) ) ;
#3448 = ORIENTED_EDGE ( 'NONE', *, *, #8421, .T. ) ;
#3449 = DIRECTION ( 'NONE',  ( -1.000000000000000000, 0.0000000000000000000, 0.0000000000000000000 ) ) ;
#3450 = AXIS2_PLACEMENT_3D ( 'NONE', #163, #5406, #3943 ) ;
#3451 = ORIENTED_EDGE ( 'NONE', *, *, #650, .T. ) ;
#3452 = PLANE ( 'NONE',  #6174 ) ;
#3453 = FACE_OUTER_BOUND ( 'NONE', #5279, .T. ) ;
#3454 = CARTESIAN_POINT ( 'NONE',  ( 0.3200000000000020600, 0.03937007874015628600, 6.097874985857376000E-018 ) ) ;
#3455 = DIRECTION ( 'NONE',  ( 0.0000000000000000000, -1.605020093193637700E-045, 1.000000000000000000 ) ) ;
#3456 = PLANE ( 'NONE',  #1301 ) ;
#3457 = EDGE_CURVE ( 'NONE', #1383, #6556, #4388, .T. ) ;
#3458 = CARTESIAN_POINT ( 'NONE',  ( 0.3121259842519684700, 0.6711881865661386600, 0.3215462856484541100 ) ) ;
#3459 = LINE ( 'NONE', #8674, #3585 ) ;
#3460 = ORIENTED_EDGE ( 'NONE', *, *, #6320, .F. ) ;
#3461 = DIRECTION ( 'NONE',  ( -0.0000000000000000000, -1.000000000000000000, -0.0000000000000000000 ) ) ;
#3462 = EDGE_CURVE ( 'NONE', #8490, #6203, #6516, .T. ) ;
#3463 = CARTESIAN_POINT ( 'NONE',  ( 0.3054050914126513700, 0.6681889763779522700, -0.3349999999999993500 ) ) ;
#3464 = DIRECTION ( 'NONE',  ( -1.000000000000000000, 3.454814795174053600E-015, 0.0000000000000000000 ) ) ;
#3465 = CARTESIAN_POINT ( 'NONE',  ( -0.2018897637795226700, 0.5591058788142253500, 0.3271259842519689800 ) ) ;
#3466 = EDGE_CURVE ( 'NONE', #3623, #8261, #2416, .T. ) ;
#3467 = AXIS2_PLACEMENT_3D ( 'NONE', #9363, #3275, #7039 ) ;
#3468 = CARTESIAN_POINT ( 'NONE',  ( -1.248692419008931900, -4.234364390179608300E-015, 0.2561023622047228200 ) ) ;
#3469 = UNCERTAINTY_MEASURE_WITH_UNIT (LENGTH_MEASURE( 1.000000000000000100E-005 ), #5122, 'distance_accuracy_value', 'NONE');
#3470 = CARTESIAN_POINT ( 'NONE',  ( 0.3121259842519705800, 0.03937007874015631400, 6.097874985857379900E-018 ) ) ;
#3471 = AXIS2_PLACEMENT_3D ( 'NONE', #7590, #6759, #2291 ) ;
#3472 = CARTESIAN_POINT ( 'NONE',  ( 1.775701195881771200E-015, 0.01574803149606096900, 0.3271259842519653200 ) ) ;
#3473 = ADVANCED_FACE ( 'NONE', ( #7117 ), #8358, .F. ) ;
#3474 = ORIENTED_EDGE ( 'NONE', *, *, #4086, .T. ) ;
#3475 = VECTOR ( 'NONE', #8286, 39.37007874015748100 ) ;
#3476 = CARTESIAN_POINT ( 'NONE',  ( 0.3200000000000000100, 0.6727409429929009900, -0.3222763607591331800 ) ) ;
#3477 = DIRECTION ( 'NONE',  ( 0.0000000000000000000, 0.0000000000000000000, -1.000000000000000000 ) ) ;
#3478 = CARTESIAN_POINT ( 'NONE',  ( -0.1968503937007874100, 0.6721259842519685700, 0.005905511811023646300 ) ) ;
#3479 = ADVANCED_FACE ( 'NONE', ( #7608 ), #212, .T. ) ;
#3480 = ORIENTED_EDGE ( 'NONE', *, *, #9368, .T. ) ;
#3481 = DIRECTION ( 'NONE',  ( 3.334775382890940300E-015, -1.000000000000000000, 1.459461503195803700E-046 ) ) ;
#3482 = FACE_OUTER_BOUND ( 'NONE', #3390, .T. ) ;
#3483 = EDGE_CURVE ( 'NONE', #2118, #4309, #4514, .T. ) ;
#3484 = CARTESIAN_POINT ( 'NONE',  ( 0.3200994094488200900, 0.01574803149606184400, 0.1374409448818862700 ) ) ;
#3485 = CARTESIAN_POINT ( 'NONE',  ( 0.3121259842519707500, 1.285206425644339100E-015, -0.1775196850393697100 ) ) ;
#3486 = LINE ( 'NONE', #6524, #5961 ) ;
#3487 = LINE ( 'NONE', #8543, #2785 ) ;
#3488 = CARTESIAN_POINT ( 'NONE',  ( 0.1653543307086602600, 0.5591058788142251300, -0.3350000000000001900 ) ) ;
#3489 = DIRECTION ( 'NONE',  ( 0.0000000000000000000, 0.0000000000000000000, 1.000000000000000000 ) ) ;
#3490 = ORIENTED_EDGE ( 'NONE', *, *, #5892, .T. ) ;
#3491 = FACE_OUTER_BOUND ( 'NONE', #5991, .T. ) ;
#3492 = B_SPLINE_CURVE_WITH_KNOTS ( 'NONE', 3,
 ( #8482, #6239, #1845, #8582 ),
 .UNSPECIFIED., .F., .F.,
 ( 4, 4 ),
 ( 0.0000000000000000000, 1.000000000000000000 ),
 .UNSPECIFIED. ) ;
#3493 = ORIENTED_EDGE ( 'NONE', *, *, #9571, .F. ) ;
#3494 = ORIENTED_EDGE ( 'NONE', *, *, #4513, .F. ) ;
#3495 = EDGE_LOOP ( 'NONE', ( #3379, #8126, #9058, #7420 ) ) ;
#3496 = ORIENTED_EDGE ( 'NONE', *, *, #6638, .F. ) ;
#3497 = DIRECTION ( 'NONE',  ( -1.000000000000000000, 3.454814795174053200E-015, -0.0000000000000000000 ) ) ;
#3498 = DIRECTION ( 'NONE',  ( -1.000000000000000000, -3.414809992080328300E-015, 0.0000000000000000000 ) ) ;
#3499 = AXIS2_PLACEMENT_3D ( 'NONE', #6777, #6038, #5208 ) ;
#3500 = CIRCLE ( 'NONE', #5573, 0.003937007874015724600 ) ;
#3501 = EDGE_LOOP ( 'NONE', ( #243, #3539, #5765, #2061 ) ) ;
#3502 = ORIENTED_EDGE ( 'NONE', *, *, #7722, .F. ) ;
#3503 = VECTOR ( 'NONE', #1093, 39.37007874015748100 ) ;
#3504 = DIRECTION ( 'NONE',  ( -1.000000000000000000, -3.400677691960634400E-015, 0.0000000000000000000 ) ) ;
#3505 = EDGE_LOOP ( 'NONE', ( #2786, #2239, #5645, #882 ) ) ;
#3506 = CARTESIAN_POINT ( 'NONE',  ( 0.3200000000000021700, 1.092739197465705300E-015, 0.2811417322834610700 ) ) ;
#3507 = CARTESIAN_POINT ( 'NONE',  ( 0.08300000000000000400, 0.009842519685039652700, -0.2900000000000004800 ) ) ;
#3508 = DIRECTION ( 'NONE',  ( 0.0000000000000000000, 1.000000000000000000, 0.0000000000000000000 ) ) ;
#3509 = ORIENTED_EDGE ( 'NONE', *, *, #5480, .T. ) ;
#3510 = ORIENTED_EDGE ( 'NONE', *, *, #1457, .F. ) ;
#3511 = ORIENTED_EDGE ( 'NONE', *, *, #5460, .T. ) ;
#3512 = EDGE_CURVE ( 'NONE', #9377, #3650, #2564, .T. ) ;
#3513 = SURFACE_STYLE_USAGE ( .BOTH. , #5087 ) ;
#3514 = LINE ( 'NONE', #6335, #4330 ) ;
#3515 = DIRECTION ( 'NONE',  ( -1.000000000000000000, -4.553079989440437500E-015, 0.0000000000000000000 ) ) ;
#3516 = ORIENTED_EDGE ( 'NONE', *, *, #7278, .T. ) ;
#3517 = ORIENTED_EDGE ( 'NONE', *, *, #8327, .F. ) ;
#3518 = VECTOR ( 'NONE', #8024, 39.37007874015748100 ) ;
#3519 =( LENGTH_UNIT ( ) NAMED_UNIT ( * ) SI_UNIT ( $, .METRE. ) );
#3520 = VERTEX_POINT ( 'NONE', #7613 ) ;
#3521 = CARTESIAN_POINT ( 'NONE',  ( 0.3200000000000021200, 0.01574803149606184400, 0.1374409448818862700 ) ) ;
#3522 = CARTESIAN_POINT ( 'NONE',  ( -0.3101574803149604900, 0.6721259842519686800, -0.3230102407095411000 ) ) ;
#3523 = VECTOR ( 'NONE', #2502, 39.37007874015748100 ) ;
#3524 = EDGE_CURVE ( 'NONE', #2692, #2975, #6281, .T. ) ;
#3525 = ORIENTED_EDGE ( 'NONE', *, *, #7006, .T. ) ;
#3526 = VECTOR ( 'NONE', #6382, 39.37007874015748100 ) ;
#3527 = ORIENTED_EDGE ( 'NONE', *, *, #8909, .T. ) ;
#3528 = ORIENTED_EDGE ( 'NONE', *, *, #6322, .F. ) ;
#3529 = FACE_OUTER_BOUND ( 'NONE', #8296, .T. ) ;
#3530 = VERTEX_POINT ( 'NONE', #5415 ) ;
#3531 = DIRECTION ( 'NONE',  ( -3.400677691960634400E-015, 1.000000000000000000, -5.673458669708795000E-046 ) ) ;
#3532 = ADVANCED_FACE ( 'NONE', ( #2536 ), #964, .F. ) ;
#3533 = LINE ( 'NONE', #4959, #8531 ) ;
#3534 = ORIENTED_EDGE ( 'NONE', *, *, #2967, .F. ) ;
#3535 = FACE_OUTER_BOUND ( 'NONE', #8528, .T. ) ;
#3536 = AXIS2_PLACEMENT_3D ( 'NONE', #3924, #8465, #6924 ) ;
#3537 = CARTESIAN_POINT ( 'NONE',  ( 0.3200994094488203200, 0.07086614173228121500, -0.1775196850393696300 ) ) ;
#3538 = EDGE_CURVE ( 'NONE', #7132, #458, #811, .T. ) ;
#3539 = ORIENTED_EDGE ( 'NONE', *, *, #4771, .T. ) ;
#3540 = VECTOR ( 'NONE', #7690, 39.37007874015748100 ) ;
#3541 = CARTESIAN_POINT ( 'NONE',  ( -0.2618110236220471700, 0.6799999999999999400, -0.1326771653543307400 ) ) ;
#3542 = PLANE ( 'NONE',  #5619 ) ;
#3543 = DIRECTION ( 'NONE',  ( 0.0000000000000000000, -0.0000000000000000000, 1.000000000000000000 ) ) ;
#3544 = ADVANCED_FACE ( 'NONE', ( #443 ), #1622, .F. ) ;
#3545 = DIRECTION ( 'NONE',  ( -3.454814795174053600E-015, 1.000000000000000000, 1.084202172485541900E-015 ) ) ;
#3546 = ORIENTED_EDGE ( 'NONE', *, *, #5828, .F. ) ;
#3547 = VECTOR ( 'NONE', #1016, 39.37007874015748100 ) ;
#3548 = EDGE_LOOP ( 'NONE', ( #8506, #3210, #2044, #7801 ) ) ;
#3549 = VECTOR ( 'NONE', #7687, 39.37007874015748100 ) ;
#3550 = EDGE_CURVE ( 'NONE', #6788, #3069, #3805, .T. ) ;
#3551 = CARTESIAN_POINT ( 'NONE',  ( 0.1653543307086601500, 0.07874015748031325300, -0.3271259842519669800 ) ) ;
#3552 = ORIENTED_EDGE ( 'NONE', *, *, #5950, .T. ) ;
#3553 = VECTOR ( 'NONE', #1872, 39.37007874015748100 ) ;
#3554 = CARTESIAN_POINT ( 'NONE',  ( -0.3054050914126512600, 0.6681889763779536000, 0.3349999999999999600 ) ) ;
#3555 = CARTESIAN_POINT ( 'NONE',  ( 0.3121259842519707500, 0.009842519685040438500, 0.3072834645669275700 ) ) ;
#3556 = CARTESIAN_POINT ( 'NONE',  ( 0.08300000000000058700, -0.1603553390593271100, -0.2900000000000004800 ) ) ;
#3557 = DIRECTION ( 'NONE',  ( 0.0000000000000000000, -3.717264591378872800E-015, 1.000000000000000000 ) ) ;
#3558 = EDGE_CURVE ( 'NONE', #4824, #3780, #3921, .T. ) ;
#3559 = ORIENTED_EDGE ( 'NONE', *, *, #2807, .F. ) ;
#3560 = CARTESIAN_POINT ( 'NONE',  ( -0.3121259842519683600, 0.6701574803149607000, 0.3230102407095419300 ) ) ;
#3561 = FACE_OUTER_BOUND ( 'NONE', #488, .T. ) ;
#3562 = ORIENTED_EDGE ( 'NONE', *, *, #4297, .F. ) ;
#3563 = LINE ( 'NONE', #5426, #1373 ) ;
#3564 = VERTEX_POINT ( 'NONE', #3045 ) ;
#3565 = DIRECTION ( 'NONE',  ( 3.454814795174053600E-015, 1.000000000000000000, 2.957351434994952800E-016 ) ) ;
#3566 = PLANE ( 'NONE',  #1326 ) ;
#3567 = CARTESIAN_POINT ( 'NONE',  ( 0.3200994094488202600, 0.05511811023621935500, 0.2811417322834610700 ) ) ;
#3568 = PRESENTATION_LAYER_ASSIGNMENT (  '', '', ( #3246 ) ) ;
#3569 = ORIENTED_EDGE ( 'NONE', *, *, #1974, .T. ) ;
#3570 = LINE ( 'NONE', #3370, #2302 ) ;
#3571 = EDGE_CURVE ( 'NONE', #5792, #7528, #332, .T. ) ;
#3572 = CARTESIAN_POINT ( 'NONE',  ( 0.2697101235488635900, 0.6799999999999999400, 0.1791338582677165200 ) ) ;
#3573 = VECTOR ( 'NONE', #2856, 39.37007874015748100 ) ;
#3574 = CARTESIAN_POINT ( 'NONE',  ( 0.1255055738910761700, 0.2764566929133853700, 0.1689370078740165000 ) ) ;
#3575 = CARTESIAN_POINT ( 'NONE',  ( -0.1670000000000000100, 0.009842519685038807900, -0.1900000000000004700 ) ) ;
#3576 = ADVANCED_FACE ( 'NONE', ( #7361 ), #2873, .T. ) ;
#3577 = CLOSED_SHELL ( 'NONE', ( #6289, #2465, #3665, #229, #538, #8998 ) ) ;
#3578 = AXIS2_PLACEMENT_3D ( 'NONE', #6127, #8538, #7807 ) ;
#3579 = CARTESIAN_POINT ( 'NONE',  ( 0.1830000000000005800, -0.1603553390593267800, -0.2740000000000004700 ) ) ;
#3580 = CARTESIAN_POINT ( 'NONE',  ( 0.3200000000000011200, 0.6699217144102483900, -0.3231889763779527400 ) ) ;
#3581 = AXIS2_PLACEMENT_3D ( 'NONE', #6607, #741, #9694 ) ;
#3582 = CARTESIAN_POINT ( 'NONE',  ( 0.2018897637795229700, 0.5591058788142251300, 0.3271259842519674300 ) ) ;
#3583 = CARTESIAN_POINT ( 'NONE',  ( 0.3101574803149606000, 0.6800000000000001600, 0.3350000000000001300 ) ) ;
#3584 = DIRECTION ( 'NONE',  ( 1.000000000000000000, 3.334775382890939900E-015, 0.0000000000000000000 ) ) ;
#3585 = VECTOR ( 'NONE', #362, 39.37007874015748100 ) ;
#3586 = CARTESIAN_POINT ( 'NONE',  ( -0.3119138324874208800, 0.6711850131078016500, 0.3219122744137266100 ) ) ;
#3587 = ORIENTED_EDGE ( 'NONE', *, *, #6590, .T. ) ;
#3588 = CARTESIAN_POINT ( 'NONE',  ( 0.1574803149606287300, 0.5591058788142251300, -0.3271259842519717600 ) ) ;
#3589 = CARTESIAN_POINT ( 'NONE',  ( 0.1365000000000004800, -0.1249999999999995400, 0.2424999999999995800 ) ) ;
#3590 = CARTESIAN_POINT ( 'NONE',  ( 0.03300000000000057700, -0.1249999999999999000, -0.1740000000000004600 ) ) ;
#3591 = DIRECTION ( 'NONE',  ( 0.0000000000000000000, 1.000000000000000000, 0.0000000000000000000 ) ) ;
#3592 = CARTESIAN_POINT ( 'NONE',  ( -0.3099217144102474100, 0.6800000000000001600, -0.3231889763779528000 ) ) ;
#3593 = EDGE_CURVE ( 'NONE', #1782, #7580, #5925, .T. ) ;
#3594 = ORIENTED_EDGE ( 'NONE', *, *, #3278, .T. ) ;
#3595 = DIRECTION ( 'NONE',  ( -0.0000000000000000000, 0.0000000000000000000, 1.000000000000000000 ) ) ;
#3596 = EDGE_CURVE ( 'NONE', #4559, #322, #6625, .T. ) ;
#3597 = CIRCLE ( 'NONE', #593, 0.06000000000000001200 ) ;
#3598 = DIRECTION ( 'NONE',  ( 0.0000000000000000000, -1.000000000000000000, 0.0000000000000000000 ) ) ;
#3599 = ORIENTED_EDGE ( 'NONE', *, *, #4719, .F. ) ;
#3600 = DIRECTION ( 'NONE',  ( -1.000000000000000000, 0.0000000000000000000, 0.0000000000000000000 ) ) ;
#3601 = VECTOR ( 'NONE', #1408, 39.37007874015748100 ) ;
#3602 = ORIENTED_EDGE ( 'NONE', *, *, #5940, .T. ) ;
#3603 = CARTESIAN_POINT ( 'NONE',  ( 0.3121259842519706900, 0.01574803149606187100, 0.1374409448818862700 ) ) ;
#3604 = VECTOR ( 'NONE', #8496, 39.37007874015748100 ) ;
#3605 = DIRECTION ( 'NONE',  ( -1.000000000000000000, 3.454814795174053600E-015, 0.0000000000000000000 ) ) ;
#3606 = CARTESIAN_POINT ( 'NONE',  ( 0.2362204724409439300, 0.2764566929133857600, 0.1689370078740164700 ) ) ;
#3607 = VERTEX_POINT ( 'NONE', #4549 ) ;
#3608 = ORIENTED_EDGE ( 'NONE', *, *, #1524, .F. ) ;
#3609 = EDGE_LOOP ( 'NONE', ( #47, #5258, #6673, #5743 ) ) ;
#3610 = EDGE_LOOP ( 'NONE', ( #7396, #3734, #6095, #1573 ) ) ;
#3611 = VECTOR ( 'NONE', #9053, 39.37007874015748100 ) ;
#3612 = ORIENTED_EDGE ( 'NONE', *, *, #2528, .T. ) ;
#3613 = FACE_OUTER_BOUND ( 'NONE', #2132, .T. ) ;
#3614 = AXIS2_PLACEMENT_3D ( 'NONE', #2978, #5255, #97 ) ;
#3615 = ORIENTED_EDGE ( 'NONE', *, *, #9262, .F. ) ;
#3616 = VECTOR ( 'NONE', #3325, 39.37007874015748100 ) ;
#3617 = EDGE_CURVE ( 'NONE', #7042, #6705, #7962, .T. ) ;
#3618 = CARTESIAN_POINT ( 'NONE',  ( 0.1170000000000005600, -0.1603553390593270000, -0.1900000000000004700 ) ) ;
#3619 = CARTESIAN_POINT ( 'NONE',  ( 0.3121259842519705200, 0.06299212598425096800, 1.862898541729042600E-017 ) ) ;
#3620 = ADVANCED_FACE ( 'NONE', ( #4268 ), #6825, .F. ) ;
#3621 = CLOSED_SHELL ( 'NONE', ( #5143, #4472, #4322, #824, #2752, #8603 ) ) ;
#3622 = ORIENTED_EDGE ( 'NONE', *, *, #9035, .F. ) ;
#3623 = VERTEX_POINT ( 'NONE', #6065 ) ;
#3624 = CARTESIAN_POINT ( 'NONE',  ( 0.3081889763779569500, 0.01574803149606399500, 0.3349999999999989700 ) ) ;
#3625 = ORIENTED_EDGE ( 'NONE', *, *, #812, .F. ) ;
#3626 = LINE ( 'NONE', #1655, #6100 ) ;
#3627 = EDGE_LOOP ( 'NONE', ( #8244, #128, #2936, #7440 ) ) ;
#3628 = VECTOR ( 'NONE', #4978, 39.37007874015748100 ) ;
#3629 = ORIENTED_EDGE ( 'NONE', *, *, #5350, .T. ) ;
#3630 = CIRCLE ( 'NONE', #6903, 0.06000000000000001200 ) ;
#3631 = DIRECTION ( 'NONE',  ( -1.000000000000000000, 0.0000000000000000000, -0.0000000000000000000 ) ) ;
#3632 = ORIENTED_EDGE ( 'NONE', *, *, #9037, .T. ) ;
#3633 = CARTESIAN_POINT ( 'NONE',  ( 0.3101574803149606000, 0.6800000000000003800, -0.3230102407095414300 ) ) ;
#3634 = LINE ( 'NONE', #9405, #2701 ) ;
#3635 = EDGE_LOOP ( 'NONE', ( #4122, #5642, #6789, #8780, #1550, #2938, #7529, #5347, #8479, #8767, #611, #4223, #3302, #7090, #2945, #5022, #6195, #1282 ) ) ;
#3637 = VERTEX_POINT ( 'NONE', #8381 ) ;
#3636 = CARTESIAN_POINT ( 'NONE',  ( -0.3121259842519683600, 0.6701574803149605900, 0.06102362204724409700 ) ) ;
#3638 = FACE_OUTER_BOUND ( 'NONE', #620, .T. ) ;
#3639 = ORIENTED_EDGE ( 'NONE', *, *, #486, .F. ) ;
#3640 = DIRECTION ( 'NONE',  ( 1.872858853231386600E-030, 5.421010862427524100E-016, 1.000000000000000000 ) ) ;
#3641 = DIRECTION ( 'NONE',  ( 1.000000000000000000, 0.0000000000000000000, 7.973235776786932200E-016 ) ) ;
#3642 = DIRECTION ( 'NONE',  ( -0.0000000000000000000, 2.957351434994952800E-016, -1.000000000000000000 ) ) ;
#3643 = LINE ( 'NONE', #7976, #5170 ) ;
#3644 = EDGE_CURVE ( 'NONE', #5525, #7192, #8083, .T. ) ;
#3645 =( CONVERSION_BASED_UNIT ( 'INCH', #5876 ) LENGTH_UNIT ( ) NAMED_UNIT ( #2894 ) );
#3646 = PLANE ( 'NONE',  #8238 ) ;
#3647 = ORIENTED_EDGE ( 'NONE', *, *, #9387, .T. ) ;
#3648 = FILL_AREA_STYLE ('',( #807 ) ) ;
#3649 = ORIENTED_EDGE ( 'NONE', *, *, #9318, .T. ) ;
#3650 = VERTEX_POINT ( 'NONE', #9116 ) ;
#3651 = LINE ( 'NONE', #422, #175 ) ;
#3652 = EDGE_LOOP ( 'NONE', ( #8738, #4557, #2912, #1676, #5185, #8477 ) ) ;
#3653 = EDGE_CURVE ( 'NONE', #3418, #4089, #930, .T. ) ;
#3654 = EDGE_LOOP ( 'NONE', ( #3066, #714, #3429, #2331 ) ) ;
#3655 = CARTESIAN_POINT ( 'NONE',  ( -0.3200000000000012300, 0.6689748484444493200, -0.3271959195966538400 ) ) ;
#3656 = FACE_OUTER_BOUND ( 'NONE', #9354, .T. ) ;
#3657 = ORIENTED_EDGE ( 'NONE', *, *, #8087, .F. ) ;
#3658 = DIRECTION ( 'NONE',  ( -1.000000000000000000, -3.414809992080327900E-015, -2.189528850507526700E-047 ) ) ;
#3659 = PLANE ( 'NONE',  #819 ) ;
#3660 = PLANE ( 'NONE',  #8247 ) ;
#3661 = CARTESIAN_POINT ( 'NONE',  ( -1.248692419008931200, -0.1250000000000042500, 0.2561023622047228200 ) ) ;
#3662 = AXIS2_PLACEMENT_3D ( 'NONE', #1099, #1836, #4806 ) ;
#3663 = ORIENTED_EDGE ( 'NONE', *, *, #2554, .T. ) ;
#3664 = LINE ( 'NONE', #7222, #6849 ) ;
#3665 = ADVANCED_FACE ( 'NONE', ( #100 ), #3026, .F. ) ;
#3666 = UNCERTAINTY_MEASURE_WITH_UNIT (LENGTH_MEASURE( 1.000000000000000100E-005 ), #4601, 'distance_accuracy_value', 'NONE');
#3667 = DIRECTION ( 'NONE',  ( 1.000000000000000000, 3.400677691960634000E-015, 2.134256245050203900E-015 ) ) ;
#3668 = CIRCLE ( 'NONE', #4740, 0.009842519685039378600 ) ;
#3669 = FILL_AREA_STYLE ('',( #8996 ) ) ;
#3670 = VERTEX_POINT ( 'NONE', #5340 ) ;
#3671 = LINE ( 'NONE', #848, #544 ) ;
#3672 = DIRECTION ( 'NONE',  ( -1.000000000000000000, 3.454814795174053600E-015, -0.0000000000000000000 ) ) ;
#3673 = AXIS2_PLACEMENT_3D ( 'NONE', #9001, #6694, #4550 ) ;
#3674 = ADVANCED_FACE ( 'NONE', ( #4748 ), #66, .T. ) ;
#3675 = VERTEX_POINT ( 'NONE', #9147 ) ;
#3676 = DIRECTION ( 'NONE',  ( 1.000000000000000000, 0.0000000000000000000, -1.314184451497581500E-016 ) ) ;
#3677 = LINE ( 'NONE', #5613, #2521 ) ;
#3678 = CARTESIAN_POINT ( 'NONE',  ( -0.1169999999999995600, -0.1250000000000004200, -0.2740000000000004700 ) ) ;
#3679 = EDGE_CURVE ( 'NONE', #1045, #6808, #5344, .T. ) ;
#3680 = CARTESIAN_POINT ( 'NONE',  ( -1.248692419008934400, 0.6701574803149555900, 0.3231889763779511900 ) ) ;
#3681 = ORIENTED_EDGE ( 'NONE', *, *, #1839, .T. ) ;
#3682 = ADVANCED_FACE ( 'NONE', ( #2188 ), #98, .F. ) ;
#3683 = FACE_OUTER_BOUND ( 'NONE', #5504, .T. ) ;
#3684 = SURFACE_STYLE_USAGE ( .BOTH. , #2940 ) ;
#3685 = DIRECTION ( 'NONE',  ( 7.099813968557892400E-031, -2.087764443346746500E-016, -1.000000000000000000 ) ) ;
#3686 = CARTESIAN_POINT ( 'NONE',  ( 0.3081889763779469500, 0.6654050914126514700, -0.3349999999999999100 ) ) ;
#3687 = AXIS2_PLACEMENT_3D ( 'NONE', #5332, #2392, #3909 ) ;
#3688 = EDGE_CURVE ( 'NONE', #2339, #9583, #2651, .T. ) ;
#3689 = LINE ( 'NONE', #327, #4980 ) ;
#3690 = DIRECTION ( 'NONE',  ( -1.000000000000000000, -3.454814795174053200E-015, 0.0000000000000000000 ) ) ;
#3691 = ORIENTED_EDGE ( 'NONE', *, *, #9603, .T. ) ;
#3692 = CARTESIAN_POINT ( 'NONE',  ( -0.2849999999999996400, -0.1100000000000010100, 0.06799999999999951900 ) ) ;
#3693 = EDGE_CURVE ( 'NONE', #3607, #3675, #1851, .T. ) ;
#3694 = DIRECTION ( 'NONE',  ( -1.000000000000000000, 3.454814795174053600E-015, -0.0000000000000000000 ) ) ;
#3695 = CARTESIAN_POINT ( 'NONE',  ( -0.06699999999999942100, -0.1603553390593276400, -0.1740000000000004600 ) ) ;
#3696 = EDGE_CURVE ( 'NONE', #2251, #4475, #2760, .T. ) ;
#3697 = DIRECTION ( 'NONE',  ( -1.000000000000000000, -1.900442020132333900E-016, 0.0000000000000000000 ) ) ;
#3698 = CARTESIAN_POINT ( 'NONE',  ( 0.3121259842519707500, 1.058591097544902100E-015, 0.2561023622047228200 ) ) ;
#3699 = CARTESIAN_POINT ( 'NONE',  ( 0.3200994094488202000, 0.03937007874015630700, -0.1224015748031491900 ) ) ;
#3700 = DIRECTION ( 'NONE',  ( -1.000000000000000000, 3.454814795174053200E-015, -0.0000000000000000000 ) ) ;
#3701 = DIRECTION ( 'NONE',  ( 0.0000000000000000000, 1.000000000000000000, 0.0000000000000000000 ) ) ;
#3702 = CLOSED_SHELL ( 'NONE', ( #9191, #6397, #5200, #608, #2718, #5861 ) ) ;
#3703 = DIRECTION ( 'NONE',  ( 0.0000000000000000000, 1.000000000000000000, 0.0000000000000000000 ) ) ;
#3704 = LINE ( 'NONE', #5938, #3135 ) ;
#3705 = ADVANCED_FACE ( 'NONE', ( #3347 ), #9138, .T. ) ;
#3706 = CARTESIAN_POINT ( 'NONE',  ( 0.3081889763779569500, 0.06299212598425091300, 0.3271259842519674300 ) ) ;
#3707 = CARTESIAN_POINT ( 'NONE',  ( -0.3099217144102480200, 0.6800000000000003800, 0.3231889763779531300 ) ) ;
#3708 = EDGE_CURVE ( 'NONE', #854, #9687, #6051, .T. ) ;
#3709 = LINE ( 'NONE', #4198, #5002 ) ;
#3710 = ORIENTED_EDGE ( 'NONE', *, *, #6024, .T. ) ;
#3711 = FACE_OUTER_BOUND ( 'NONE', #516, .T. ) ;
#3712 = DIRECTION ( 'NONE',  ( -1.000000000000000000, 0.0000000000000000000, -2.134256245050203900E-015 ) ) ;
#3713 = FACE_OUTER_BOUND ( 'NONE', #3635, .T. ) ;
#3714 = CARTESIAN_POINT ( 'NONE',  ( -0.2362204724409458500, 0.2764566929133841500, 0.1689370078740164700 ) ) ;
#3715 = FACE_OUTER_BOUND ( 'NONE', #4342, .T. ) ;
#3716 = CARTESIAN_POINT ( 'NONE',  ( -0.1830000000000000200, -0.1250000000000006400, -0.1900000000000004700 ) ) ;
#3717 = ORIENTED_EDGE ( 'NONE', *, *, #1611, .T. ) ;
#3718 = CARTESIAN_POINT ( 'NONE',  ( 0.3104184935182682800, 0.6659729154998694800, 0.3350000000000001300 ) ) ;
#3719 = ADVANCED_FACE ( 'NONE', ( #1395 ), #6743, .F. ) ;
#3720 = FACE_OUTER_BOUND ( 'NONE', #3870, .T. ) ;
#3721 = CARTESIAN_POINT ( 'NONE',  ( 0.2250000000000004200, -0.1249999999999992100, 0.06799999999999951900 ) ) ;
#3722 = CARTESIAN_POINT ( 'NONE',  ( -0.1991058788142257300, 0.5618897637795281500, 0.3350000000000002400 ) ) ;
#3723 = EDGE_CURVE ( 'NONE', #7681, #4240, #3111, .T. ) ;
#3724 = VERTEX_POINT ( 'NONE', #7054 ) ;
#3725 = ORIENTED_EDGE ( 'NONE', *, *, #1983, .T. ) ;
#3726 = ORIENTED_EDGE ( 'NONE', *, *, #6227, .F. ) ;
#3727 = VERTEX_POINT ( 'NONE', #5997 ) ;
#3728 = VECTOR ( 'NONE', #2089, 39.37007874015748100 ) ;
#3729 = ORIENTED_EDGE ( 'NONE', *, *, #3779, .F. ) ;
#3730 = ORIENTED_EDGE ( 'NONE', *, *, #4408, .F. ) ;
#3731 = FACE_OUTER_BOUND ( 'NONE', #5893, .T. ) ;
#3732 = CARTESIAN_POINT ( 'NONE',  ( 0.2362204724409439300, 0.2764566929133857600, 0.1689370078740164700 ) ) ;
#3733 = CARTESIAN_POINT ( 'NONE',  ( 0.0000000000000000000, 5.463695987328526400E-016, -0.3271259842519703700 ) ) ;
#3734 = ORIENTED_EDGE ( 'NONE', *, *, #8761, .T. ) ;
#3735 = DIRECTION ( 'NONE',  ( 1.000000000000000000, 0.0000000000000000000, 0.0000000000000000000 ) ) ;
#3736 = CARTESIAN_POINT ( 'NONE',  ( 0.3121259842519713000, -0.1649999999999989500, -0.09559574050686713000 ) ) ;
#3737 = ORIENTED_EDGE ( 'NONE', *, *, #3358, .F. ) ;
#3738 = ORIENTED_EDGE ( 'NONE', *, *, #9490, .T. ) ;
#3739 = ORIENTED_EDGE ( 'NONE', *, *, #1354, .F. ) ;
#3740 = FACE_OUTER_BOUND ( 'NONE', #5742, .T. ) ;
#3741 = ORIENTED_EDGE ( 'NONE', *, *, #3884, .T. ) ;
#3742 = VERTEX_POINT ( 'NONE', #4758 ) ;
#3743 = VECTOR ( 'NONE', #4737, 39.37007874015748100 ) ;
#3744 = VERTEX_POINT ( 'NONE', #951 ) ;
#3745 = VERTEX_POINT ( 'NONE', #6282 ) ;
#3746 = EDGE_CURVE ( 'NONE', #5898, #861, #9605, .T. ) ;
#3747 = DIRECTION ( 'NONE',  ( 0.0000000000000000000, 2.980685259443202000E-045, 1.000000000000000000 ) ) ;
#3748 = CARTESIAN_POINT ( 'NONE',  ( -0.3080505540678221100, 0.6714119681967999400, -0.3258069979148139900 ) ) ;
#3749 = VECTOR ( 'NONE', #1738, 39.37007874015748100 ) ;
#3750 = CARTESIAN_POINT ( 'NONE',  ( -0.2614999999999996200, -0.1250000000000008600, 0.2174999999999995300 ) ) ;
#3751 = CARTESIAN_POINT ( 'NONE',  ( 0.3081889763779510600, 0.07874015748031273900, -0.3271259842519664800 ) ) ;
#3752 = VERTEX_POINT ( 'NONE', #3205 ) ;
#3753 = ADVANCED_FACE ( 'NONE', ( #2081 ), #3255, .T. ) ;
#3754 = ORIENTED_EDGE ( 'NONE', *, *, #9387, .F. ) ;
#3755 = ORIENTED_EDGE ( 'NONE', *, *, #579, .F. ) ;
#3756 = COLOUR_RGB ( '',0.7921568627450980000, 0.8196078431372548800, 0.9333333333333333500 ) ;
#3757 = ORIENTED_EDGE ( 'NONE', *, *, #8498, .F. ) ;
#3758 = DIRECTION ( 'NONE',  ( 3.454814795174053200E-015, 1.000000000000000000, -0.0000000000000000000 ) ) ;
#3759 = B_SPLINE_CURVE_WITH_KNOTS ( 'NONE', 3,
 ( #455, #9430, #5689, #4091 ),
 .UNSPECIFIED., .F., .F.,
 ( 4, 4 ),
 ( 0.0000000000000000000, 1.000000000000000000 ),
 .UNSPECIFIED. ) ;
#3760 = CARTESIAN_POINT ( 'NONE',  ( -0.3126315907076636100, 0.6665405905235232100, -0.3343574223956545800 ) ) ;
#3761 = PLANE ( 'NONE',  #8070 ) ;
#3762 = AXIS2_PLACEMENT_3D ( 'NONE', #3950, #7003, #3240 ) ;
#3763 = DIRECTION ( 'NONE',  ( 0.0000000000000000000, 0.0000000000000000000, -1.000000000000000000 ) ) ;
#3764 = AXIS2_PLACEMENT_3D ( 'NONE', #9269, #2542, #4730 ) ;
#3765 = LINE ( 'NONE', #3582, #1815 ) ;
#3766 = CARTESIAN_POINT ( 'NONE',  ( -0.1255055738910780500, 0.2764566929133845400, 0.2399521717798883400 ) ) ;
#3767 = ORIENTED_EDGE ( 'NONE', *, *, #7724, .F. ) ;
#3768 = VECTOR ( 'NONE', #7150, 39.37007874015748100 ) ;
#3769 = DIRECTION ( 'NONE',  ( -1.221525339466146400E-016, -1.000000000000000000, 0.0000000000000000000 ) ) ;
#3770 = ADVANCED_FACE ( 'NONE', ( #7727 ), #7016, .F. ) ;
#3771 = EDGE_CURVE ( 'NONE', #8220, #2577, #4856, .T. ) ;
#3772 = EDGE_LOOP ( 'NONE', ( #5656, #6984, #4919, #7186 ) ) ;
#3773 = FACE_OUTER_BOUND ( 'NONE', #1092, .T. ) ;
#3774 = DIRECTION ( 'NONE',  ( -1.000000000000000000, 3.454814795174053200E-015, 0.0000000000000000000 ) ) ;
#3775 = CARTESIAN_POINT ( 'NONE',  ( 0.1329999999999999800, 0.009842519685039822700, -0.1740000000000004600 ) ) ;
#3776 = CARTESIAN_POINT ( 'NONE',  ( 0.1615000000000004800, -0.1249999999999994600, 0.2424999999999995800 ) ) ;
#3777 = EDGE_CURVE ( 'NONE', #3788, #2468, #679, .T. ) ;
#3778 = ORIENTED_EDGE ( 'NONE', *, *, #478, .T. ) ;
#3779 = EDGE_CURVE ( 'NONE', #968, #7195, #4632, .T. ) ;
#3780 = VERTEX_POINT ( 'NONE', #2423 ) ;
#3781 = VECTOR ( 'NONE', #6294, 39.37007874015748100 ) ;
#3782 = EDGE_CURVE ( 'NONE', #6919, #8372, #1737, .T. ) ;
#3783 = VERTEX_POINT ( 'NONE', #4057 ) ;
#3784 = ADVANCED_FACE ( 'NONE', ( #8670 ), #5667, .F. ) ;
#3785 = LINE ( 'NONE', #9447, #1832 ) ;
#3786 = PLANE ( 'NONE',  #6371 ) ;
#3787 = DIRECTION ( 'NONE',  ( 0.0000000000000000000, -1.000000000000000000, -1.084202172485541900E-015 ) ) ;
#3788 = VERTEX_POINT ( 'NONE', #375 ) ;
#3789 = VECTOR ( 'NONE', #2088, 39.37007874015748900 ) ;
#3790 = VERTEX_POINT ( 'NONE', #7221 ) ;
#3791 = DIRECTION ( 'NONE',  ( 0.0000000000000000000, -1.000000000000000000, 0.0000000000000000000 ) ) ;
#3792 = CARTESIAN_POINT ( 'NONE',  ( 0.6200168187639139000, 0.6793245162391586800, 0.3271259842519689300 ) ) ;
#3793 = DIRECTION ( 'NONE',  ( -3.400677691960634000E-015, 1.000000000000000000, 0.0000000000000000000 ) ) ;
#3794 = ORIENTED_EDGE ( 'NONE', *, *, #3538, .F. ) ;
#3795 = VECTOR ( 'NONE', #1959, 39.37007874015748100 ) ;
#3796 = PLANE ( 'NONE',  #7358 ) ;
#3797 = CARTESIAN_POINT ( 'NONE',  ( 0.1443569553805756100, 0.5389238845144351800, -0.01479002624671799300 ) ) ;
#3798 = DIRECTION ( 'NONE',  ( -1.000000000000000000, 3.454814795174053600E-015, -0.0000000000000000000 ) ) ;
#3799 = AXIS2_PLACEMENT_3D ( 'NONE', #3976, #9313, #6913 ) ;
#3800 = DIRECTION ( 'NONE',  ( -3.589083053745131100E-015, 0.0000000000000000000, -1.000000000000000000 ) ) ;
#3801 = CARTESIAN_POINT ( 'NONE',  ( 0.1653543307086602100, 0.5591058788142251300, -0.3271259842519686500 ) ) ;
#3802 = DIRECTION ( 'NONE',  ( 0.0000000000000000000, 2.980685259443202000E-045, 1.000000000000000000 ) ) ;
#3803 = STYLED_ITEM ( 'NONE', ( #9164 ), #7161 ) ;
#3804 = CARTESIAN_POINT ( 'NONE',  ( 0.1830000000000004400, -0.1249999999999993900, -0.2740000000000004700 ) ) ;
#3805 = LINE ( 'NONE', #8314, #8196 ) ;
#3806 = DIRECTION ( 'NONE',  ( -1.000000000000000000, 3.454814795174053200E-015, 0.0000000000000000000 ) ) ;
#3807 = EDGE_CURVE ( 'NONE', #973, #618, #923, .T. ) ;
#3808 = EDGE_CURVE ( 'NONE', #7549, #2148, #5337, .T. ) ;
#3809 = ORIENTED_EDGE ( 'NONE', *, *, #3679, .F. ) ;
#3810 = DIRECTION ( 'NONE',  ( -7.491435412925561900E-030, -2.168404344971014000E-015, 1.000000000000000000 ) ) ;
#3811 = LINE ( 'NONE', #1485, #3352 ) ;
#3812 = DIRECTION ( 'NONE',  ( 0.0000000000000000000, 2.159095364386093200E-045, 1.000000000000000000 ) ) ;
#3813 = ORIENTED_EDGE ( 'NONE', *, *, #4653, .F. ) ;
#3814 = ADVANCED_FACE ( 'NONE', ( #2077 ), #1178, .F. ) ;
#3815 = CARTESIAN_POINT ( 'NONE',  ( -0.3114233441086635700, 0.6680601036115233500, -0.3257997836963841300 ) ) ;
#3816 = EDGE_CURVE ( 'NONE', #4294, #7391, #1055, .T. ) ;
#3817 = DIRECTION ( 'NONE',  ( 1.000000000000000000, 3.400677691960634400E-015, 0.0000000000000000000 ) ) ;
#3818 = B_SPLINE_CURVE_WITH_KNOTS ( 'NONE', 1,
 ( #5628, #3522 ),
 .UNSPECIFIED., .F., .F.,
 ( 2, 2 ),
 ( 0.0000000000000000000, 1.000000000000000000 ),
 .UNSPECIFIED. ) ;
#3819 = CARTESIAN_POINT ( 'NONE',  ( -0.3054050914126515400, 0.6681889763779523800, -0.3271259842519679300 ) ) ;
#3820 = EDGE_CURVE ( 'NONE', #6441, #8721, #6867, .T. ) ;
#3821 = ADVANCED_FACE ( 'NONE', ( #5812 ), #7188, .T. ) ;
#3822 = DIRECTION ( 'NONE',  ( 1.000000000000000000, 1.900442020132333900E-016, -3.610839838251434700E-015 ) ) ;
#3823 = VERTEX_POINT ( 'NONE', #1950 ) ;
#3824 = SURFACE_STYLE_USAGE ( .BOTH. , #3931 ) ;
#3825 = EDGE_CURVE ( 'NONE', #1777, #8307, #8556, .T. ) ;
#3826 = CARTESIAN_POINT ( 'NONE',  ( 0.1574803149606285600, 0.01574803149605982800, 0.3349999999999957500 ) ) ;
#3827 = CARTESIAN_POINT ( 'NONE',  ( -0.2618110236220472200, 0.6799999999999999400, -0.1248031496062992400 ) ) ;
#3828 = FACE_OUTER_BOUND ( 'NONE', #3610, .T. ) ;
#3829 = CARTESIAN_POINT ( 'NONE',  ( 0.3200000000000000100, 0.6701574803149607000, -0.3230102407095417100 ) ) ;
#3830 = EDGE_LOOP ( 'NONE', ( #2394, #8950, #2273, #491 ) ) ;
#3831 = SURFACE_SIDE_STYLE ('',( #6092 ) ) ;
#3832 = ORIENTED_EDGE ( 'NONE', *, *, #8791, .F. ) ;
#3833 = ORIENTED_EDGE ( 'NONE', *, *, #6745, .T. ) ;
#3834 = VECTOR ( 'NONE', #3981, 39.37007874015748900 ) ;
#3835 = CARTESIAN_POINT ( 'NONE',  ( -0.3081889763779484000, 0.6654050914126516900, 0.3271259842519691500 ) ) ;
#3836 = FACE_OUTER_BOUND ( 'NONE', #4069, .T. ) ;
#3837 = EDGE_LOOP ( 'NONE', ( #8139, #4259, #3084, #6923 ) ) ;
#3838 = CIRCLE ( 'NONE', #7841, 0.001968503937007862300 ) ;
#3839 = CARTESIAN_POINT ( 'NONE',  ( 0.2849999999999999800, 0.009842519685040334400, 0.06799999999999953300 ) ) ;
#3840 = DIRECTION ( 'NONE',  ( -3.380525251343977800E-015, 0.9743700647852350200, 0.2249510543438658400 ) ) ;
#3841 = DIRECTION ( 'NONE',  ( 0.0000000000000000000, 0.0000000000000000000, -1.000000000000000000 ) ) ;
#3842 = DIRECTION ( 'NONE',  ( 0.0000000000000000000, -1.000000000000000000, 0.0000000000000000000 ) ) ;
#3843 = ORIENTED_EDGE ( 'NONE', *, *, #3923, .F. ) ;
#3844 = VERTEX_POINT ( 'NONE', #3425 ) ;
#3845 = ORIENTED_EDGE ( 'NONE', *, *, #9529, .T. ) ;
#3846 = CARTESIAN_POINT ( 'NONE',  ( -0.3200000000000020600, 0.05511811023622152600, -0.05645669291338934600 ) ) ;
#3847 = ORIENTED_EDGE ( 'NONE', *, *, #2260, .F. ) ;
#3848 = FACE_OUTER_BOUND ( 'NONE', #2016, .T. ) ;
#3849 = ORIENTED_EDGE ( 'NONE', *, *, #3708, .F. ) ;
#3850 = ORIENTED_EDGE ( 'NONE', *, *, #4339, .T. ) ;
#3851 = CYLINDRICAL_SURFACE ( 'NONE', #5278, 0.007874015748031482100 ) ;
#3852 = DIRECTION ( 'NONE',  ( 0.0000000000000000000, 0.0000000000000000000, 1.000000000000000000 ) ) ;
#3853 = AXIS2_PLACEMENT_3D ( 'NONE', #4051, #1248, #7213 ) ;
#3854 = EDGE_LOOP ( 'NONE', ( #4890, #2112, #135, #3880, #6231 ) ) ;
#3855 = CARTESIAN_POINT ( 'NONE',  ( -0.3059791801295457800, 0.6689317662326984500, -0.3271259842519685400 ) ) ;
#3856 = EDGE_LOOP ( 'NONE', ( #2615, #528, #5165, #1411 ) ) ;
#3857 = ORIENTED_EDGE ( 'NONE', *, *, #3190, .F. ) ;
#3858 = ORIENTED_EDGE ( 'NONE', *, *, #6047, .F. ) ;
#3859 = CARTESIAN_POINT ( 'NONE',  ( 0.2618110236220472200, 0.6721259842519685700, 0.005905511811023654900 ) ) ;
#3860 = CARTESIAN_POINT ( 'NONE',  ( 0.3081889763779550000, 0.02165354330708757500, 0.3271259842519668700 ) ) ;
#3861 = LINE ( 'NONE', #2395, #8382 ) ;
#3862 = ORIENTED_EDGE ( 'NONE', *, *, #1065, .F. ) ;
#3863 = VECTOR ( 'NONE', #8695, 39.37007874015748100 ) ;
#3864 = ORIENTED_EDGE ( 'NONE', *, *, #9275, .T. ) ;
#3865 = DIRECTION ( 'NONE',  ( -0.7071067811865486800, -0.7071067811865462400, 2.268271079190320900E-015 ) ) ;
#3866 = CARTESIAN_POINT ( 'NONE',  ( -0.3121259842519686400, 0.6747956584452606800, 0.3293732138850200000 ) ) ;
#3867 = LINE ( 'NONE', #8992, #3055 ) ;
#3868 = EDGE_CURVE ( 'NONE', #9124, #7265, #2869, .T. ) ;
#3869 = DIRECTION ( 'NONE',  ( -3.400677691960634400E-015, 1.000000000000000000, -5.673458669708795000E-046 ) ) ;
#3870 = EDGE_LOOP ( 'NONE', ( #5852, #1739, #846, #1213 ) ) ;
#3871 = CARTESIAN_POINT ( 'NONE',  ( 0.01700000000000044200, -0.1249999999999999400, -0.1740000000000004900 ) ) ;
#3872 = VECTOR ( 'NONE', #4143, 39.37007874015748100 ) ;
#3873 = ORIENTED_EDGE ( 'NONE', *, *, #5099, .F. ) ;
#3874 = ORIENTED_EDGE ( 'NONE', *, *, #4502, .T. ) ;
#3875 = CARTESIAN_POINT ( 'NONE',  ( 0.3200000000000018900, 0.07086614173228121500, -0.1853937007874011700 ) ) ;
#3876 = LINE ( 'NONE', #1295, #4591 ) ;
#3877 = CARTESIAN_POINT ( 'NONE',  ( -0.3071149738966094700, 0.6745144169278312100, -0.3331633977070582700 ) ) ;
#3878 = AXIS2_PLACEMENT_3D ( 'NONE', #6592, #3497, #5745 ) ;
#3879 = ADVANCED_FACE ( 'NONE', ( #3453 ), #7862, .F. ) ;
#3880 = ORIENTED_EDGE ( 'NONE', *, *, #2969, .T. ) ;
#3881 = DIRECTION ( 'NONE',  ( 2.134256245050208600E-015, -5.150985302447146800E-034, -1.000000000000000000 ) ) ;
#3882 = VERTEX_POINT ( 'NONE', #2585 ) ;
#3883 = ORIENTED_EDGE ( 'NONE', *, *, #6022, .F. ) ;
#3884 = EDGE_CURVE ( 'NONE', #7681, #775, #9011, .T. ) ;
#3885 = FACE_OUTER_BOUND ( 'NONE', #239, .T. ) ;
#3886 = DIRECTION ( 'NONE',  ( 0.0000000000000000000, 0.0000000000000000000, 1.000000000000000000 ) ) ;
#3887 = EDGE_LOOP ( 'NONE', ( #6083, #1879, #7028, #8379 ) ) ;
#3888 = CARTESIAN_POINT ( 'NONE',  ( 0.1830000000000005200, -0.1249999999999993900, -0.2900000000000004800 ) ) ;
#3889 = ORIENTED_EDGE ( 'NONE', *, *, #1749, .F. ) ;
#3890 = LINE ( 'NONE', #7071, #4118 ) ;
#3891 = EDGE_CURVE ( 'NONE', #1858, #32, #3318, .T. ) ;
#3892 = DIRECTION ( 'NONE',  ( -3.400677691960634400E-015, 1.000000000000000000, -2.087764443346746700E-016 ) ) ;
#3893 = LINE ( 'NONE', #4614, #4236 ) ;
#3894 = VERTEX_POINT ( 'NONE', #4237 ) ;
#3895 = DIRECTION ( 'NONE',  ( -8.623080933769646800E-031, 2.087764443346746700E-016, 1.000000000000000000 ) ) ;
#3896 = B_SPLINE_CURVE_WITH_KNOTS ( 'NONE', 3,
 ( #8190, #5921, #6605, #1431 ),
 .UNSPECIFIED., .F., .F.,
 ( 4, 4 ),
 ( 0.0000000000000000000, 1.000000000000000000 ),
 .UNSPECIFIED. ) ;
#3897 = DIRECTION ( 'NONE',  ( -3.400677691960634000E-015, 1.000000000000000000, -0.0000000000000000000 ) ) ;
#3898 = FACE_OUTER_BOUND ( 'NONE', #6910, .T. ) ;
#3899 = CARTESIAN_POINT ( 'NONE',  ( 0.3081889763779540600, 0.07874015748031271100, -0.3231889763779527400 ) ) ;
#3900 = EDGE_CURVE ( 'NONE', #3443, #3418, #4847, .T. ) ;
#3901 = ORIENTED_EDGE ( 'NONE', *, *, #7726, .T. ) ;
#3902 = LINE ( 'NONE', #7863, #5674 ) ;
#3903 = CARTESIAN_POINT ( 'NONE',  ( -0.3071149738966091900, 0.6702974565612458400, 0.3265137834876548100 ) ) ;
#3904 = CARTESIAN_POINT ( 'NONE',  ( -0.1614999999999994500, -0.1603553390593279400, 0.2424999999999995200 ) ) ;
#3905 = DIRECTION ( 'NONE',  ( 0.0000000000000000000, 0.0000000000000000000, -1.000000000000000000 ) ) ;
#3906 = LINE ( 'NONE', #52, #1492 ) ;
#3907 = EDGE_LOOP ( 'NONE', ( #9320, #2013, #8344, #1657 ) ) ;
#3908 = VECTOR ( 'NONE', #1613, 39.37007874015748100 ) ;
#3909 = DIRECTION ( 'NONE',  ( -0.7071067811865412400, -0.7071067811865536800, 2.442922969411198700E-015 ) ) ;
#3910 = DIRECTION ( 'NONE',  ( -1.000000000000000000, 0.0000000000000000000, 0.0000000000000000000 ) ) ;
#3911 = MECHANICAL_DESIGN_GEOMETRIC_PRESENTATION_REPRESENTATION (  '', ( #1272 ), #4732 ) ;
#3912 = EDGE_CURVE ( 'NONE', #1683, #5617, #8668, .T. ) ;
#3913 = ORIENTED_EDGE ( 'NONE', *, *, #3375, .T. ) ;
#3914 = VECTOR ( 'NONE', #403, 39.37007874015748100 ) ;
#3915 = DIRECTION ( 'NONE',  ( -0.0000000000000000000, -1.000000000000000000, -0.0000000000000000000 ) ) ;
#3916 = CARTESIAN_POINT ( 'NONE',  ( 0.3089306608659707600, 0.6659783258117854000, -0.3271259842519684800 ) ) ;
#3917 = ORIENTED_EDGE ( 'NONE', *, *, #7903, .T. ) ;
#3918 = CARTESIAN_POINT ( 'NONE',  ( 0.3080505540678223900, 0.6714119681968000500, -0.3258069979148138800 ) ) ;
#3919 = EDGE_CURVE ( 'NONE', #5133, #5025, #2531, .T. ) ;
#3920 = EDGE_LOOP ( 'NONE', ( #5744, #3279, #7070, #69 ) ) ;
#3921 = LINE ( 'NONE', #3860, #9715 ) ;
#3922 = PLANE ( 'NONE',  #7438 ) ;
#3923 = EDGE_CURVE ( 'NONE', #8188, #3380, #1507, .T. ) ;
#3924 = CARTESIAN_POINT ( 'NONE',  ( -0.2517653116130454400, 0.6327559055118111600, 0.005905511811023646300 ) ) ;
#3925 = CARTESIAN_POINT ( 'NONE',  ( -0.2052389610770356000, 0.6245520545984129000, 0.005905511811023646300 ) ) ;
#3926 = CARTESIAN_POINT ( 'NONE',  ( -0.2362204724409470400, 0.6307874015748017300, -0.01771653543307082800 ) ) ;
#3927 = ADVANCED_FACE ( 'NONE', ( #2988 ), #3566, .T. ) ;
#3928 = CARTESIAN_POINT ( 'NONE',  ( 0.2519685039370092600, 0.2764566929133857600, -0.01771653543307081400 ) ) ;
#3929 = CARTESIAN_POINT ( 'NONE',  ( 0.2696850393700787100, 0.6721259842519685700, -0.001968503937007842300 ) ) ;
#3930 = VECTOR ( 'NONE', #8686, 39.37007874015748100 ) ;
#3931 = SURFACE_SIDE_STYLE ('',( #6027 ) ) ;
#3932 = AXIS2_PLACEMENT_3D ( 'NONE', #456, #5690, #6425 ) ;
#3933 = EDGE_LOOP ( 'NONE', ( #7889, #4571, #9642, #6797 ) ) ;
#3934 = DIRECTION ( 'NONE',  ( 0.0000000000000000000, 0.0000000000000000000, -1.000000000000000000 ) ) ;
#3935 = CARTESIAN_POINT ( 'NONE',  ( -0.2362204724409470400, 0.6307874015748017300, -0.01771653543307082800 ) ) ;
#3936 = AXIS2_PLACEMENT_3D ( 'NONE', #738, #777, #5943 ) ;
#3937 = EDGE_CURVE ( 'NONE', #7353, #8757, #3341, .T. ) ;
#3938 = DIRECTION ( 'NONE',  ( 3.717264591378884600E-015, 3.454814795174027600E-015, -1.000000000000000000 ) ) ;
#3939 = PLANE ( 'NONE',  #5692 ) ;
#3940 = DIRECTION ( 'NONE',  ( -1.000000000000000000, -3.400677691960634000E-015, 8.758115402030106700E-047 ) ) ;
#3941 = CARTESIAN_POINT ( 'NONE',  ( 0.3096711032650374400, 0.6665482866397713900, -0.3269109955571732900 ) ) ;
#3942 = CARTESIAN_POINT ( 'NONE',  ( 0.3089861342390351500, 0.6721259842519686800, -0.3245087043922653700 ) ) ;
#3943 = DIRECTION ( 'NONE',  ( 0.0000000000000000000, 0.0000000000000000000, 1.000000000000000000 ) ) ;
#3944 = ORIENTED_EDGE ( 'NONE', *, *, #7069, .F. ) ;
#3945 = LINE ( 'NONE', #6234, #5723 ) ;
#3946 = CARTESIAN_POINT ( 'NONE',  ( 0.1255055738910761700, 0.2764566929133853700, 0.2399521717798883400 ) ) ;
#3947 = EDGE_CURVE ( 'NONE', #9199, #9329, #7110, .T. ) ;
#3948 = CARTESIAN_POINT ( 'NONE',  ( -0.2362204724409458500, 0.2764566929133841500, 0.1689370078740164700 ) ) ;
#3949 = FACE_OUTER_BOUND ( 'NONE', #3652, .T. ) ;
#3950 = CARTESIAN_POINT ( 'NONE',  ( 0.0000000000000000000, 0.6799999999999999400, 0.0000000000000000000 ) ) ;
#3951 = ORIENTED_EDGE ( 'NONE', *, *, #2106, .T. ) ;
#3952 = UNCERTAINTY_MEASURE_WITH_UNIT (LENGTH_MEASURE( 1.000000000000000100E-005 ), #3645, 'distance_accuracy_value', 'NONE');
#3953 = VECTOR ( 'NONE', #8452, 39.37007874015748100 ) ;
#3954 = EDGE_CURVE ( 'NONE', #4116, #6441, #3225, .T. ) ;
#3955 = CARTESIAN_POINT ( 'NONE',  ( 0.08300000000000058700, -0.1603553390593271100, -0.2740000000000004700 ) ) ;
#3956 = VERTEX_POINT ( 'NONE', #975 ) ;
#3957 = LINE ( 'NONE', #5900, #9402 ) ;
#3958 = DIRECTION ( 'NONE',  ( 0.0000000000000000000, 1.000000000000000000, 0.0000000000000000000 ) ) ;
#3959 = EDGE_CURVE ( 'NONE', #7948, #7327, #9263, .T. ) ;
#3960 = ORIENTED_EDGE ( 'NONE', *, *, #3203, .F. ) ;
#3961 = CARTESIAN_POINT ( 'NONE',  ( -0.3199999999999997800, 0.6699217144102476200, -0.3231889763779527400 ) ) ;
#3962 = CYLINDRICAL_SURFACE ( 'NONE', #4593, 0.003937007874015758400 ) ;
#3963 = VERTEX_POINT ( 'NONE', #4727 ) ;
#3964 = ORIENTED_EDGE ( 'NONE', *, *, #8428, .F. ) ;
#3965 = VERTEX_POINT ( 'NONE', #7658 ) ;
#3966 = EDGE_LOOP ( 'NONE', ( #5791, #139, #394, #9111 ) ) ;
#3967 = AXIS2_PLACEMENT_3D ( 'NONE', #2750, #6485, #1356 ) ;
#3968 = CIRCLE ( 'NONE', #2864, 0.03937007874015748000 ) ;
#3969 = ADVANCED_FACE ( 'NONE', ( #9369 ), #4506, .T. ) ;
#3970 = ORIENTED_EDGE ( 'NONE', *, *, #309, .F. ) ;
#3971 = LINE ( 'NONE', #8051, #4685 ) ;
#3972 = ORIENTED_EDGE ( 'NONE', *, *, #8889, .T. ) ;
#3973 = CARTESIAN_POINT ( 'NONE',  ( -0.3200000000000027800, -0.1649999999999989300, -0.09559574050686713000 ) ) ;
#3974 = CARTESIAN_POINT ( 'NONE',  ( 0.3121259842519705200, 0.06299212598425087100, 0.2890157480314925500 ) ) ;
#3975 = AXIS2_PLACEMENT_3D ( 'NONE', #1240, #2647, #4910 ) ;
#3976 = CARTESIAN_POINT ( 'NONE',  ( 0.1330000000000005600, -0.1603553390593269500, -0.1900000000000004700 ) ) ;
#3977 = CARTESIAN_POINT ( 'NONE',  ( 0.2249999999999999500, 0.009842519685040129800, 0.06799999999999951900 ) ) ;
#3978 = VERTEX_POINT ( 'NONE', #6938 ) ;
#3979 = ORIENTED_EDGE ( 'NONE', *, *, #9337, .F. ) ;
#3980 = VECTOR ( 'NONE', #4635, 39.37007874015748100 ) ;
#3981 = DIRECTION ( 'NONE',  ( 0.9848077530122085800, -0.1736481776669270600, 3.081487911019577400E-033 ) ) ;
#3982 = ORIENTED_EDGE ( 'NONE', *, *, #14, .F. ) ;
#3983 = ORIENTED_EDGE ( 'NONE', *, *, #4266, .F. ) ;
#3984 = CIRCLE ( 'NONE', #9435, 0.003937007874015724600 ) ;
#3985 = ORIENTED_EDGE ( 'NONE', *, *, #1855, .F. ) ;
#3986 = DIRECTION ( 'NONE',  ( -1.000000000000000000, -4.553079989440437500E-015, 0.0000000000000000000 ) ) ;
#3987 = AXIS2_PLACEMENT_3D ( 'NONE', #172, #5450, #3143 ) ;
#3988 = VECTOR ( 'NONE', #9020, 39.37007874015748100 ) ;
#3989 = CARTESIAN_POINT ( 'NONE',  ( -0.3121259842519704700, 0.05511811023622149900, 0.1541732283464531900 ) ) ;
#3990 = EDGE_LOOP ( 'NONE', ( #3845, #9330, #283, #8555 ) ) ;
#3991 = AXIS2_PLACEMENT_3D ( 'NONE', #5181, #6686, #5935 ) ;
#3992 = CARTESIAN_POINT ( 'NONE',  ( -0.2697101235488634800, 0.6799999999999999400, 0.1791338582677165500 ) ) ;
#3993 = ORIENTED_EDGE ( 'NONE', *, *, #1882, .F. ) ;
#3994 = VERTEX_POINT ( 'NONE', #7750 ) ;
#3995 = EDGE_CURVE ( 'NONE', #915, #1592, #1285, .T. ) ;
#3996 = B_SPLINE_CURVE_WITH_KNOTS ( 'NONE', 3,
 ( #7031, #7126, #2608, #4867 ),
 .UNSPECIFIED., .F., .F.,
 ( 4, 4 ),
 ( 0.0000000000000000000, 1.000000000000000000 ),
 .UNSPECIFIED. ) ;
#3998 = EDGE_CURVE ( 'NONE', #1133, #1745, #4743, .T. ) ;
#3997 = DIRECTION ( 'NONE',  ( 3.491481338843120300E-015, -3.666654366911686500E-017, 1.000000000000000000 ) ) ;
#3999 = CARTESIAN_POINT ( 'NONE',  ( 0.3200000000000001200, 0.6701574803149605900, 0.1791338582677165500 ) ) ;
#4000 = DIRECTION ( 'NONE',  ( -1.100992305138869600E-016, -3.097720492815726300E-015, -1.000000000000000000 ) ) ;
#4001 = VECTOR ( 'NONE', #7526, 39.37007874015748100 ) ;
#4002 = ORIENTED_EDGE ( 'NONE', *, *, #4733, .F. ) ;
#4003 = DIRECTION ( 'NONE',  ( -4.336808689942019300E-015, 0.0000000000000000000, 1.000000000000000000 ) ) ;
#4004 = AXIS2_PLACEMENT_3D ( 'NONE', #4744, #8541, #3986 ) ;
#4005 = ORIENTED_EDGE ( 'NONE', *, *, #6907, .F. ) ;
#4006 = LINE ( 'NONE', #5724, #8529 ) ;
#4007 = AXIS2_PLACEMENT_3D ( 'NONE', #341, #3327, #7857 ) ;
#4008 = FILL_AREA_STYLE_COLOUR ( '', #4125 ) ;
#4009 = DIRECTION ( 'NONE',  ( -7.099813968557893200E-031, 2.087764443346746500E-016, 1.000000000000000000 ) ) ;
#4010 = ORIENTED_EDGE ( 'NONE', *, *, #2143, .F. ) ;
#4012 = DIRECTION ( 'NONE',  ( 1.000000000000000000, 3.400677691960634000E-015, 0.0000000000000000000 ) ) ;
#4011 = LINE ( 'NONE', #1342, #6247 ) ;
#4013 = DIRECTION ( 'NONE',  ( 0.0000000000000000000, 0.0000000000000000000, -1.000000000000000000 ) ) ;
#4014 = ORIENTED_EDGE ( 'NONE', *, *, #6768, .F. ) ;
#4015 = VECTOR ( 'NONE', #7867, 39.37007874015748100 ) ;
#4016 = EDGE_CURVE ( 'NONE', #8122, #8389, #8317, .T. ) ;
#4017 = EDGE_LOOP ( 'NONE', ( #9652, #4724, #6180, #747 ) ) ;
#4018 = CARTESIAN_POINT ( 'NONE',  ( -0.3121259842519681900, 0.6662204724409428500, -0.3231889763779528000 ) ) ;
#4019 = LINE ( 'NONE', #7141, #4368 ) ;
#4020 = CARTESIAN_POINT ( 'NONE',  ( -0.1993155062576575900, 0.5938824353915126400, 0.1320320416907270500 ) ) ;
#4021 = EDGE_CURVE ( 'NONE', #3220, #1203, #7482, .T. ) ;
#4022 = ORIENTED_EDGE ( 'NONE', *, *, #980, .F. ) ;
#4023 = ADVANCED_FACE ( 'NONE', ( #3107 ), #8872, .F. ) ;
#4024 = VECTOR ( 'NONE', #9391, 39.37007874015748100 ) ;
#4025 = DIRECTION ( 'NONE',  ( -1.000000000000000000, 3.454814795174053600E-015, -0.0000000000000000000 ) ) ;
#4026 = ORIENTED_EDGE ( 'NONE', *, *, #8676, .T. ) ;
#4027 = CARTESIAN_POINT ( 'NONE',  ( -0.3101574803149606000, 0.6800000000000001600, -0.3350000000000000200 ) ) ;
#4028 = CARTESIAN_POINT ( 'NONE',  ( -0.2614999999999996200, -0.1250000000000008900, 0.2424999999999995200 ) ) ;
#4029 = ORIENTED_EDGE ( 'NONE', *, *, #6856, .T. ) ;
#4030 = CARTESIAN_POINT ( 'NONE',  ( -0.08299999999999944900, -0.1603553390593277000, -0.1740000000000004900 ) ) ;
#4031 = DIRECTION ( 'NONE',  ( 0.0000000000000000000, 0.0000000000000000000, -1.000000000000000000 ) ) ;
#4032 = VERTEX_POINT ( 'NONE', #1814 ) ;
#4033 = LINE ( 'NONE', #1070, #7842 ) ;
#4034 = CARTESIAN_POINT ( 'NONE',  ( 0.1181102362204724500, 0.6721259842519685700, 0.2818503937007870700 ) ) ;
#4035 = CARTESIAN_POINT ( 'NONE',  ( -0.3089748484444495000, 0.6800000000000002700, 0.3271959195966521200 ) ) ;
#4036 = AXIS2_PLACEMENT_3D ( 'NONE', #1063, #1798, #9258 ) ;
#4037 = EDGE_CURVE ( 'NONE', #4238, #4416, #3570, .T. ) ;
#4038 = DIRECTION ( 'NONE',  ( -3.400677691960634000E-015, 1.000000000000000000, 6.733886952713743500E-047 ) ) ;
#4039 = VECTOR ( 'NONE', #2658, 39.37007874015748100 ) ;
#4040 = CARTESIAN_POINT ( 'NONE',  ( 0.2305625537452148900, 0.5262794733655334900, 0.005905511811023646300 ) ) ;
#4041 = CARTESIAN_POINT ( 'NONE',  ( 0.3054050914126509900, 0.6681889763779532700, -0.3271259842519685400 ) ) ;
#4042 = CARTESIAN_POINT ( 'NONE',  ( -0.3101574803149604900, 0.6721259842519686800, 0.1791338582677164900 ) ) ;
#4043 = DIRECTION ( 'NONE',  ( -3.400677691960634400E-015, 1.000000000000000000, 6.733886952713739600E-047 ) ) ;
#4044 = B_SPLINE_CURVE_WITH_KNOTS ( 'NONE', 3,
 ( #7036, #2541, #5813, #2065 ),
 .UNSPECIFIED., .F., .F.,
 ( 4, 4 ),
 ( 0.0000000000000000000, 1.000000000000000000 ),
 .UNSPECIFIED. ) ;
#4045 = CARTESIAN_POINT ( 'NONE',  ( -0.3102974565612440200, 0.6671149738966095600, 0.3265137834876563100 ) ) ;
#4046 = DIRECTION ( 'NONE',  ( -0.7071067811865444600, -0.7071067811865506800, 2.374686506748557500E-016 ) ) ;
#4047 = AXIS2_PLACEMENT_3D ( 'NONE', #5686, #1237, #7921 ) ;
#4048 = CARTESIAN_POINT ( 'NONE',  ( 0.1170000000000004400, -0.1249999999999996100, -0.1740000000000004900 ) ) ;
#4049 = ORIENTED_EDGE ( 'NONE', *, *, #8448, .T. ) ;
#4050 = EDGE_CURVE ( 'NONE', #3788, #610, #323, .T. ) ;
#4051 = CARTESIAN_POINT ( 'NONE',  ( -0.08267716535433287900, 0.6307874015748022900, 0.2399521717798882300 ) ) ;
#4052 = CARTESIAN_POINT ( 'NONE',  ( -0.2618110236220471700, 0.6799999999999999400, 0.005905511811023654900 ) ) ;
#4053 = ADVANCED_FACE ( 'NONE', ( #9488 ), #4869, .T. ) ;
#4054 = VECTOR ( 'NONE', #1257, 39.37007874015748100 ) ;
#4055 = DIRECTION ( 'NONE',  ( -1.000000000000000000, -3.400677691960634000E-015, 0.0000000000000000000 ) ) ;
#4056 = CARTESIAN_POINT ( 'NONE',  ( 0.3121259842519685800, 0.6747956584452605700, 0.3293732138850195600 ) ) ;
#4057 = CARTESIAN_POINT ( 'NONE',  ( -0.3121259842519711300, -0.1256299212598414600, -0.1046850393700783100 ) ) ;
#4058 = EDGE_LOOP ( 'NONE', ( #1105, #9161, #2798, #6029 ) ) ;
#4059 = LINE ( 'NONE', #9436, #7515 ) ;
#4060 = VECTOR ( 'NONE', #4766, 39.37007874015748100 ) ;
#4061 = VECTOR ( 'NONE', #6714, 39.37007874015748100 ) ;
#4062 = ORIENTED_EDGE ( 'NONE', *, *, #8544, .F. ) ;
#4063 = AXIS2_PLACEMENT_3D ( 'NONE', #291, #6994, #2451 ) ;
#4064 = CARTESIAN_POINT ( 'NONE',  ( -0.2517653116130454400, 0.6799999999999999400, 0.005905511811023646300 ) ) ;
#4065 = AXIS2_PLACEMENT_3D ( 'NONE', #6235, #1771, #3247 ) ;
#4066 = VECTOR ( 'NONE', #9016, 39.37007874015748100 ) ;
#4067 = ORIENTED_EDGE ( 'NONE', *, *, #8319, .T. ) ;
#4068 = CARTESIAN_POINT ( 'NONE',  ( -0.2618110236220472200, 0.6721259842519685700, -0.001968503937007842300 ) ) ;
#4069 = EDGE_LOOP ( 'NONE', ( #6565, #3843, #4126, #8675 ) ) ;
#4070 = VERTEX_POINT ( 'NONE', #8578 ) ;
#4071 = ORIENTED_EDGE ( 'NONE', *, *, #9544, .T. ) ;
#4072 = CARTESIAN_POINT ( 'NONE',  ( -0.2228081619892131900, 0.5249121648799671700, 0.005905511811023646300 ) ) ;
#4073 = DIRECTION ( 'NONE',  ( -1.000000000000000000, -3.414809992080327900E-015, -1.313717310304516000E-046 ) ) ;
#4074 = LINE ( 'NONE', #8572, #4672 ) ;
#4075 = EDGE_LOOP ( 'NONE', ( #1995, #3964, #9442, #3329 ) ) ;
#4076 = LINE ( 'NONE', #9553, #6557 ) ;
#4077 = ORIENTED_EDGE ( 'NONE', *, *, #6059, .T. ) ;
#4078 = ORIENTED_EDGE ( 'NONE', *, *, #4776, .F. ) ;
#4079 = VECTOR ( 'NONE', #4283, 39.37007874015748100 ) ;
#4080 = CARTESIAN_POINT ( 'NONE',  ( -0.3114233441086628500, 0.6680601036115232400, 0.3257997836963849000 ) ) ;
#4081 = ORIENTED_EDGE ( 'NONE', *, *, #6081, .F. ) ;
#4082 = ORIENTED_EDGE ( 'NONE', *, *, #5678, .F. ) ;
#4083 = VERTEX_POINT ( 'NONE', #5584 ) ;
#4084 = ORIENTED_EDGE ( 'NONE', *, *, #6666, .F. ) ;
#4085 = CARTESIAN_POINT ( 'NONE',  ( 0.1330000000000004500, -0.1249999999999995600, -0.1740000000000004600 ) ) ;
#4086 = EDGE_CURVE ( 'NONE', #4405, #8822, #6043, .T. ) ;
#4087 = DIRECTION ( 'NONE',  ( 0.0000000000000000000, 1.000000000000000000, 0.0000000000000000000 ) ) ;
#4088 = VECTOR ( 'NONE', #7012, 39.37007874015748100 ) ;
#4089 = VERTEX_POINT ( 'NONE', #2645 ) ;
#4090 = LINE ( 'NONE', #5000, #7907 ) ;
#4091 = CARTESIAN_POINT ( 'NONE',  ( 0.3099217144102480200, 0.6800000000000003800, -0.3231889763779528000 ) ) ;
#4092 = ORIENTED_EDGE ( 'NONE', *, *, #5934, .T. ) ;
#4093 = LINE ( 'NONE', #1036, #1910 ) ;
#4094 = CARTESIAN_POINT ( 'NONE',  ( -0.3121259842519704700, 0.05511811023622154000, 0.2890157480314925500 ) ) ;
#4095 = PLANE ( 'NONE',  #1365 ) ;
#4096 = AXIS2_PLACEMENT_3D ( 'NONE', #7854, #4319, #6560 ) ;
#4097 = EDGE_CURVE ( 'NONE', #3650, #3965, #7874, .T. ) ;
#4098 = ORIENTED_EDGE ( 'NONE', *, *, #5892, .F. ) ;
#4099 = VECTOR ( 'NONE', #4859, 39.37007874015748100 ) ;
#4100 = CARTESIAN_POINT ( 'NONE',  ( 0.3101574803149606000, 0.6701574803149607000, -0.6461350581127893700 ) ) ;
#4101 = ORIENTED_EDGE ( 'NONE', *, *, #4942, .T. ) ;
#4102 = ORIENTED_EDGE ( 'NONE', *, *, #9262, .T. ) ;
#4103 = CIRCLE ( 'NONE', #1996, 0.007874015748031482100 ) ;
#4104 = EDGE_CURVE ( 'NONE', #8848, #8365, #4033, .T. ) ;
#4105 = DIRECTION ( 'NONE',  ( 0.0000000000000000000, 1.000000000000000000, 0.0000000000000000000 ) ) ;
#4106 = DIRECTION ( 'NONE',  ( 0.0000000000000000000, 1.000000000000000000, 0.0000000000000000000 ) ) ;
#4107 = FACE_OUTER_BOUND ( 'NONE', #6914, .T. ) ;
#4108 = DIRECTION ( 'NONE',  ( 0.0000000000000000000, 0.0000000000000000000, 1.000000000000000000 ) ) ;
#4109 = VERTEX_POINT ( 'NONE', #7170 ) ;
#4110 = ORIENTED_EDGE ( 'NONE', *, *, #2080, .T. ) ;
#4111 = VECTOR ( 'NONE', #6613, 39.37007874015748100 ) ;
#4112 = AXIS2_PLACEMENT_3D ( 'NONE', #5627, #1179, #468 ) ;
#4113 = PLANE ( 'NONE',  #5097 ) ;
#4114 = DIRECTION ( 'NONE',  ( -0.0000000000000000000, 0.0000000000000000000, -1.000000000000000000 ) ) ;
#4115 = CARTESIAN_POINT ( 'NONE',  ( 0.1255055738910761700, 0.2764566929133853700, 0.2399521717798883400 ) ) ;
#4116 = VERTEX_POINT ( 'NONE', #8650 ) ;
#4117 = ADVANCED_FACE ( 'NONE', ( #8894 ), #1624, .F. ) ;
#4118 = VECTOR ( 'NONE', #3314, 39.37007874015748100 ) ;
#4119 = CARTESIAN_POINT ( 'NONE',  ( 0.03300000000000046000, -0.1249999999999999000, -0.1740000000000004600 ) ) ;
#4120 = LINE ( 'NONE', #5996, #1705 ) ;
#4121 = EDGE_CURVE ( 'NONE', #306, #4475, #4044, .T. ) ;
#4122 = ORIENTED_EDGE ( 'NONE', *, *, #3104, .F. ) ;
#4123 = B_SPLINE_CURVE_WITH_KNOTS ( 'NONE', 3,
 ( #2524, #241, #6949, #2547 ),
 .UNSPECIFIED., .F., .F.,
 ( 4, 4 ),
 ( 0.0000000000000000000, 1.000000000000000000 ),
 .UNSPECIFIED. ) ;
#4124 = CARTESIAN_POINT ( 'NONE',  ( 0.1970914870777443500, 0.6707586757664021300, 0.06102362204724409700 ) ) ;
#4125 = COLOUR_RGB ( '',0.7921568627450980000, 0.8196078431372548800, 0.9333333333333333500 ) ;
#4126 = ORIENTED_EDGE ( 'NONE', *, *, #6764, .T. ) ;
#4127 = CYLINDRICAL_SURFACE ( 'NONE', #7553, 0.008858267716535422500 ) ;
#4128 = CARTESIAN_POINT ( 'NONE',  ( -0.2362204724409470400, 0.6307874015748017300, 0.1689370078740163900 ) ) ;
#4129 = DIRECTION ( 'NONE',  ( 1.000000000000000000, 0.0000000000000000000, 0.0000000000000000000 ) ) ;
#4130 = ADVANCED_FACE ( 'NONE', ( #3683 ), #7355, .T. ) ;
#4131 = DIRECTION ( 'NONE',  ( 1.000000000000000000, 3.400677691960634000E-015, 0.0000000000000000000 ) ) ;
#4132 = DIRECTION ( 'NONE',  ( -1.000000000000000000, -1.900442020132333900E-016, 0.0000000000000000000 ) ) ;
#4133 = VECTOR ( 'NONE', #3093, 39.37007874015748900 ) ;
#4134 = EDGE_CURVE ( 'NONE', #3316, #8249, #7599, .T. ) ;
#4135 = EDGE_LOOP ( 'NONE', ( #1816, #7481, #871, #3152, #9418 ) ) ;
#4136 = VECTOR ( 'NONE', #6675, 39.37007874015748100 ) ;
#4137 = CARTESIAN_POINT ( 'NONE',  ( 0.3101574803149606000, 0.6800000000000003800, 0.3230102407095412600 ) ) ;
#4138 = DIRECTION ( 'NONE',  ( -0.0000000000000000000, -2.159095364386093200E-045, -1.000000000000000000 ) ) ;
#4139 = DIRECTION ( 'NONE',  ( 0.0000000000000000000, 2.255523494348928600E-045, 1.000000000000000000 ) ) ;
#4140 = PLANE ( 'NONE',  #2093 ) ;
#4141 = EDGE_CURVE ( 'NONE', #5167, #3882, #5576, .T. ) ;
#4142 = VERTEX_POINT ( 'NONE', #6463 ) ;
#4143 = DIRECTION ( 'NONE',  ( 0.0000000000000000000, 0.0000000000000000000, 1.000000000000000000 ) ) ;
#4144 = LINE ( 'NONE', #3, #8777 ) ;
#4145 = CARTESIAN_POINT ( 'NONE',  ( 0.3071149738966094700, 0.6702974565612460600, 0.3265137834876547500 ) ) ;
#4146 = ORIENTED_EDGE ( 'NONE', *, *, #6022, .T. ) ;
#4147 = EDGE_CURVE ( 'NONE', #354, #2620, #4264, .T. ) ;
#4148 = DIRECTION ( 'NONE',  ( 0.0000000000000000000, 6.771483972229765400E-045, -1.000000000000000000 ) ) ;
#4149 = DIRECTION ( 'NONE',  ( 3.454814795174053600E-015, 1.000000000000000000, -0.0000000000000000000 ) ) ;
#4150 = VECTOR ( 'NONE', #7527, 39.37007874015748100 ) ;
#4151 = ORIENTED_EDGE ( 'NONE', *, *, #1221, .F. ) ;
#4152 = DIRECTION ( 'NONE',  ( -1.000000000000000000, -3.400677691960634000E-015, 0.0000000000000000000 ) ) ;
#4153 = CARTESIAN_POINT ( 'NONE',  ( 0.2618110236220472200, 0.6721259842519685700, -0.1248031496062992400 ) ) ;
#4154 = AXIS2_PLACEMENT_3D ( 'NONE', #8656, #1147, #5558 ) ;
#4155 = CARTESIAN_POINT ( 'NONE',  ( -0.2697101235488635900, 0.6721259842519685700, 0.1791338582677165200 ) ) ;
#4156 = LINE ( 'NONE', #7792, #9261 ) ;
#4157 = CARTESIAN_POINT ( 'NONE',  ( -0.2018897637795313600, 0.5591058788142250200, -0.3271259842519704300 ) ) ;
#4158 = AXIS2_PLACEMENT_3D ( 'NONE', #6631, #6509, #54 ) ;
#4159 = CARTESIAN_POINT ( 'NONE',  ( 0.3111850131078017800, 0.6719138324874212000, 0.3219122744137258900 ) ) ;
#4160 = ADVANCED_FACE ( 'NONE', ( #5089 ), #6496, .T. ) ;
#4161 = DIRECTION ( 'NONE',  ( 0.0000000000000000000, 0.0000000000000000000, -1.000000000000000000 ) ) ;
#4162 = CARTESIAN_POINT ( 'NONE',  ( -0.3081889763779517800, 0.01574803149606316900, 0.3271259842519668700 ) ) ;
#4163 = DIRECTION ( 'NONE',  ( 0.0000000000000000000, 1.000000000000000000, 0.0000000000000000000 ) ) ;
#4164 = DIRECTION ( 'NONE',  ( -1.000000000000000000, 0.0000000000000000000, 1.100992305138869600E-016 ) ) ;
#4165 = ADVANCED_FACE ( 'NONE', ( #8191 ), #2135, .F. ) ;
#4166 = CARTESIAN_POINT ( 'NONE',  ( 0.3089306608660213300, 0.6659717786694912000, 0.3271259842519685900 ) ) ;
#4167 = CYLINDRICAL_SURFACE ( 'NONE', #8291, 0.001968503937007862300 ) ;
#4168 = CARTESIAN_POINT ( 'NONE',  ( 0.3200000000000011200, 0.6699217144102483900, -0.3231889763779527400 ) ) ;
#4169 = EDGE_CURVE ( 'NONE', #9641, #354, #8546, .T. ) ;
#4170 = DIRECTION ( 'NONE',  ( 7.099813968557893200E-031, -2.087764443346746500E-016, -1.000000000000000000 ) ) ;
#4171 = DIRECTION ( 'NONE',  ( -0.5773502691896256200, -0.5773502691896256200, -0.5773502691896258400 ) ) ;
#4172 = DIRECTION ( 'NONE',  ( -1.000000000000000000, -3.400677691960634400E-015, -1.435740158086107800E-032 ) ) ;
#4173 = VECTOR ( 'NONE', #8982, 39.37007874015748100 ) ;
#4174 = ORIENTED_EDGE ( 'NONE', *, *, #484, .F. ) ;
#4175 = ORIENTED_EDGE ( 'NONE', *, *, #9265, .F. ) ;
#4176 = LINE ( 'NONE', #8871, #705 ) ;
#4177 = B_SPLINE_CURVE_WITH_KNOTS ( 'NONE', 3,
 ( #9332, #7817, #3008, #1424 ),
 .UNSPECIFIED., .F., .F.,
 ( 4, 4 ),
 ( 0.0000000000000000000, 1.000000000000000000 ),
 .UNSPECIFIED. ) ;
#4178 = DIRECTION ( 'NONE',  ( 0.0000000000000000000, 0.0000000000000000000, 1.000000000000000000 ) ) ;
#4179 = ORIENTED_EDGE ( 'NONE', *, *, #615, .F. ) ;
#4180 = DIRECTION ( 'NONE',  ( 0.7071067811865512400, -0.7071067811865438000, 5.179640099835286500E-017 ) ) ;
#4181 = LINE ( 'NONE', #5780, #2224 ) ;
#4182 = DIRECTION ( 'NONE',  ( 2.404642256615185600E-015, -0.7071067811865486800, -0.7071067811865463500 ) ) ;
#4183 = EDGE_CURVE ( 'NONE', #7005, #2917, #1729, .T. ) ;
#4184 = UNCERTAINTY_MEASURE_WITH_UNIT (LENGTH_MEASURE( 1.000000000000000100E-005 ), #8833, 'distance_accuracy_value', 'NONE');
#4185 = CARTESIAN_POINT ( 'NONE',  ( 0.3071149738966091900, 0.6702974565612457300, -0.3265137834876546400 ) ) ;
#4186 = EDGE_LOOP ( 'NONE', ( #3022, #4904, #8278, #7094 ) ) ;
#4187 = LINE ( 'NONE', #7114, #3018 ) ;
#4188 = CARTESIAN_POINT ( 'NONE',  ( -0.3081889763779546200, 0.02165354330708556300, 0.3271259842519668700 ) ) ;
#4189 = ORIENTED_EDGE ( 'NONE', *, *, #9282, .T. ) ;
#4190 = VECTOR ( 'NONE', #2600, 39.37007874015748900 ) ;
#4191 = EDGE_LOOP ( 'NONE', ( #9424, #9674, #4189, #7412 ) ) ;
#4192 = EDGE_CURVE ( 'NONE', #2026, #2111, #1499, .T. ) ;
#4193 = CARTESIAN_POINT ( 'NONE',  ( 0.3121259842519696300, 0.6699217144102477300, 0.3231889763779529600 ) ) ;
#4194 = DIRECTION ( 'NONE',  ( 3.468166398206581500E-015, -1.000000000000000000, -2.131742279557313200E-046 ) ) ;
#4195 = CARTESIAN_POINT ( 'NONE',  ( 0.1255055738910761700, 0.2764566929133853700, 0.1689370078740165000 ) ) ;
#4196 = LINE ( 'NONE', #4048, #1208 ) ;
#4197 = DIRECTION ( 'NONE',  ( 0.0000000000000000000, 0.0000000000000000000, -1.000000000000000000 ) ) ;
#4198 = CARTESIAN_POINT ( 'NONE',  ( 0.3121259842519713000, -0.1649999999999989500, -0.07440425949313597700 ) ) ;
#4199 = ORIENTED_EDGE ( 'NONE', *, *, #3214, .F. ) ;
#4200 = VERTEX_POINT ( 'NONE', #2994 ) ;
#4201 = ORIENTED_EDGE ( 'NONE', *, *, #6211, .T. ) ;
#4202 = ORIENTED_EDGE ( 'NONE', *, *, #43, .T. ) ;
#4203 = EDGE_CURVE ( 'NONE', #4795, #5207, #6389, .T. ) ;
#4204 = LINE ( 'NONE', #809, #4787 ) ;
#4205 = CARTESIAN_POINT ( 'NONE',  ( 0.3111881865661382300, 0.6721259842519686800, 0.3215462856484542200 ) ) ;
#4206 = ORIENTED_EDGE ( 'NONE', *, *, #6356, .F. ) ;
#4207 = LINE ( 'NONE', #8976, #989 ) ;
#4208 = ORIENTED_EDGE ( 'NONE', *, *, #2834, .T. ) ;
#4209 = FACE_OUTER_BOUND ( 'NONE', #6564, .T. ) ;
#4210 = CARTESIAN_POINT ( 'NONE',  ( -0.01699999999999955700, -0.1250000000000000600, -0.2740000000000004700 ) ) ;
#4211 = DIRECTION ( 'NONE',  ( 1.000000000000000000, 0.0000000000000000000, 0.0000000000000000000 ) ) ;
#4212 = ADVANCED_FACE ( 'NONE', ( #6499 ), #6761, .F. ) ;
#4213 = ORIENTED_EDGE ( 'NONE', *, *, #9233, .F. ) ;
#4214 = CARTESIAN_POINT ( 'NONE',  ( -0.3200000000000011700, 0.6701574803149607000, -0.3231889763779527400 ) ) ;
#4215 = VERTEX_POINT ( 'NONE', #1500 ) ;
#4216 = CYLINDRICAL_SURFACE ( 'NONE', #2550, 0.007874015748031482100 ) ;
#4217 = VERTEX_POINT ( 'NONE', #4462 ) ;
#4218 = ORIENTED_EDGE ( 'NONE', *, *, #1609, .T. ) ;
#4219 = LINE ( 'NONE', #4235, #5993 ) ;
#4220 = VERTEX_POINT ( 'NONE', #6703 ) ;
#4221 = PLANE ( 'NONE',  #9635 ) ;
#4222 = EDGE_CURVE ( 'NONE', #973, #1045, #4496, .T. ) ;
#4223 = ORIENTED_EDGE ( 'NONE', *, *, #1534, .T. ) ;
#4224 = PLANE ( 'NONE',  #5179 ) ;
#4225 = EDGE_LOOP ( 'NONE', ( #8277, #9089, #5771, #2337 ) ) ;
#4226 = ORIENTED_EDGE ( 'NONE', *, *, #5161, .T. ) ;
#4227 = FACE_OUTER_BOUND ( 'NONE', #6261, .T. ) ;
#4228 = ORIENTED_EDGE ( 'NONE', *, *, #7850, .F. ) ;
#4229 = PLANE ( 'NONE',  #6831 ) ;
#4230 = ADVANCED_FACE ( 'NONE', ( #5688 ), #1598, .T. ) ;
#4231 = CARTESIAN_POINT ( 'NONE',  ( -6.011217724390479800E-015, 0.07874015748031382200, -0.3271259842519694800 ) ) ;
#4232 = CARTESIAN_POINT ( 'NONE',  ( 0.1615000000000006200, -0.1603553390593268300, 0.2424999999999995800 ) ) ;
#4233 = AXIS2_PLACEMENT_3D ( 'NONE', #5182, #2187, #4412 ) ;
#4234 = CARTESIAN_POINT ( 'NONE',  ( -0.3054050914126509900, 0.6681889763779532700, 0.3271259842519686500 ) ) ;
#4235 = CARTESIAN_POINT ( 'NONE',  ( 0.3200994094488202600, 0.05511811023621931300, 0.1630314960629886400 ) ) ;
#4236 = VECTOR ( 'NONE', #6850, 39.37007874015748100 ) ;
#4237 = CARTESIAN_POINT ( 'NONE',  ( 0.1102362204724409300, 0.6721259842519685700, 0.2897244094488185500 ) ) ;
#4238 = VERTEX_POINT ( 'NONE', #8322 ) ;
#4239 = EDGE_CURVE ( 'NONE', #6323, #4699, #1896, .T. ) ;
#4240 = VERTEX_POINT ( 'NONE', #9032 ) ;
#4241 = FACE_OUTER_BOUND ( 'NONE', #8816, .T. ) ;
#4242 = ORIENTED_EDGE ( 'NONE', *, *, #9227, .T. ) ;
#4243 = LINE ( 'NONE', #1850, #5068 ) ;
#4244 = CARTESIAN_POINT ( 'NONE',  ( 0.1653543307086602100, 0.5591058788142251300, -0.3271259842519686500 ) ) ;
#4245 = VERTEX_POINT ( 'NONE', #5222 ) ;
#4247 = CIRCLE ( 'NONE', #2733, 0.04724409448818899700 ) ;
#4246 = DIRECTION ( 'NONE',  ( 7.973235776786919400E-016, 2.087764443346773600E-016, 1.000000000000000000 ) ) ;
#4248 = ORIENTED_EDGE ( 'NONE', *, *, #8197, .T. ) ;
#4249 = LINE ( 'NONE', #4985, #6015 ) ;
#4250 = EDGE_CURVE ( 'NONE', #4083, #4962, #4382, .T. ) ;
#4251 = B_SPLINE_CURVE_WITH_KNOTS ( 'NONE', 3,
 ( #6152, #6214, #222, #1733 ),
 .UNSPECIFIED., .F., .F.,
 ( 4, 4 ),
 ( 0.0000000000000000000, 1.000000000000000000 ),
 .UNSPECIFIED. ) ;
#4252 = DIRECTION ( 'NONE',  ( -3.348887019260232700E-015, 1.000000000000000000, 0.0000000000000000000 ) ) ;
#4253 = ORIENTED_EDGE ( 'NONE', *, *, #2473, .T. ) ;
#4254 = FACE_OUTER_BOUND ( 'NONE', #2256, .T. ) ;
#4255 = CARTESIAN_POINT ( 'NONE',  ( -0.2696850393700787100, 0.6799999999999999400, -0.001968503937007841000 ) ) ;
#4256 = ORIENTED_EDGE ( 'NONE', *, *, #7326, .T. ) ;
#4257 = CARTESIAN_POINT ( 'NONE',  ( -0.3121259842519705200, 1.092739197465705300E-015, 0.3231889763779511900 ) ) ;
#4258 = CARTESIAN_POINT ( 'NONE',  ( 0.2573001884328042200, 0.6799999999999999400, 0.2818503937007870700 ) ) ;
#4259 = ORIENTED_EDGE ( 'NONE', *, *, #5714, .T. ) ;
#4260 = CARTESIAN_POINT ( 'NONE',  ( 0.3071149738966091900, 0.6745144169278312100, -0.3331633977070582700 ) ) ;
#4261 = ADVANCED_FACE ( 'NONE', ( #7718 ), #2313, .T. ) ;
#4262 = ORIENTED_EDGE ( 'NONE', *, *, #276, .F. ) ;
#4263 = CARTESIAN_POINT ( 'NONE',  ( -0.3200000000000021200, 0.03937007874015851400, -0.1224015748031491900 ) ) ;
#4264 = LINE ( 'NONE', #4310, #94 ) ;
#4265 = CARTESIAN_POINT ( 'NONE',  ( 0.08267716535432857700, 0.6307874015748028400, 0.2399521717798882300 ) ) ;
#4266 = EDGE_CURVE ( 'NONE', #5385, #6559, #2067, .T. ) ;
#4267 = PLANE ( 'NONE',  #999 ) ;
#4268 = FACE_OUTER_BOUND ( 'NONE', #3015, .T. ) ;
#4269 = ADVANCED_FACE ( 'NONE', ( #2182 ), #7510, .F. ) ;
#4270 = DIRECTION ( 'NONE',  ( 3.454814795174053600E-015, 1.000000000000000000, -0.0000000000000000000 ) ) ;
#4271 = EDGE_CURVE ( 'NONE', #6441, #2667, #9708, .T. ) ;
#4272 = DIRECTION ( 'NONE',  ( -3.400677691960634400E-015, 1.000000000000000000, 6.733886952713739600E-047 ) ) ;
#4273 = EDGE_CURVE ( 'NONE', #3175, #8929, #3217, .T. ) ;
#4274 = CARTESIAN_POINT ( 'NONE',  ( -0.3121259842519705800, 0.009842519685040438500, 0.2561023622047227700 ) ) ;
#4275 = CARTESIAN_POINT ( 'NONE',  ( 0.03299999999999999500, 0.009842519685039481000, -0.1740000000000004600 ) ) ;
#4276 = EDGE_CURVE ( 'NONE', #9187, #4484, #7954, .T. ) ;
#4277 = DIRECTION ( 'NONE',  ( 1.000000000000000000, 0.0000000000000000000, 0.0000000000000000000 ) ) ;
#4278 = AXIS2_PLACEMENT_3D ( 'NONE', #5732, #5070, #7366 ) ;
#4279 = CARTESIAN_POINT ( 'NONE',  ( 0.3099217144102475200, 0.6721259842519689000, 0.3231889763779529600 ) ) ;
#4280 = DIRECTION ( 'NONE',  ( 0.0000000000000000000, 0.0000000000000000000, 1.000000000000000000 ) ) ;
#4281 = CARTESIAN_POINT ( 'NONE',  ( -0.3081889763779484000, 0.6654050914126514700, 0.3350000000000005800 ) ) ;
#4282 = CARTESIAN_POINT ( 'NONE',  ( 0.3081889763779569500, 0.01574803149606399500, 0.3271259842519674300 ) ) ;
#4283 = DIRECTION ( 'NONE',  ( -1.000000000000000000, -3.252606517456513300E-015, 1.270549420881450500E-016 ) ) ;
#4284 = CARTESIAN_POINT ( 'NONE',  ( -0.3200000000000020100, 0.07874015748031493200, -0.1853937007874011700 ) ) ;
#4285 =( CONVERSION_BASED_UNIT ( 'INCH', #7091 ) LENGTH_UNIT ( ) NAMED_UNIT ( #7405 ) );
#4286 = DIRECTION ( 'NONE',  ( -1.000000000000000000, 0.0000000000000000000, 0.0000000000000000000 ) ) ;
#4287 = EDGE_LOOP ( 'NONE', ( #8160, #6588, #2128, #2819, #4861, #1699, #3199, #9415, #4839, #2612, #2109, #2575, #4678, #9546 ) ) ;
#4288 = CARTESIAN_POINT ( 'NONE',  ( 0.1683220195082452400, 0.1888940955264424600, -0.3350000000000020700 ) ) ;
#4289 = AXIS2_PLACEMENT_3D ( 'NONE', #9351, #4829, #6403 ) ;
#4290 = DIRECTION ( 'NONE',  ( -3.469446951953574400E-014, 1.000000000000000000, 0.0000000000000000000 ) ) ;
#4291 = MECHANICAL_DESIGN_GEOMETRIC_PRESENTATION_REPRESENTATION (  '', ( #3803 ), #2995 ) ;
#4292 = VECTOR ( 'NONE', #7464, 39.37007874015748100 ) ;
#4293 = EDGE_CURVE ( 'NONE', #5873, #6107, #4144, .T. ) ;
#4294 = VERTEX_POINT ( 'NONE', #3636 ) ;
#4295 = CARTESIAN_POINT ( 'NONE',  ( -0.2517653116130454400, 0.6721259842519686800, 0.06102362204724409700 ) ) ;
#4296 = DIRECTION ( 'NONE',  ( 0.0000000000000000000, -1.000000000000000000, 0.0000000000000000000 ) ) ;
#4297 = EDGE_CURVE ( 'NONE', #598, #3069, #9479, .T. ) ;
#4298 = CARTESIAN_POINT ( 'NONE',  ( 0.2519685039370092600, 0.2764566929133857600, 0.08464566929133864000 ) ) ;
#4299 = CARTESIAN_POINT ( 'NONE',  ( 0.3121259842519705200, 0.05511811023621938200, 0.2890157480314925500 ) ) ;
#4300 = VECTOR ( 'NONE', #9485, 39.37007874015748100 ) ;
#4301 = ADVANCED_FACE ( 'NONE', ( #6732 ), #9684, .F. ) ;
#4302 = LINE ( 'NONE', #7254, #481 ) ;
#4303 = CARTESIAN_POINT ( 'NONE',  ( -0.3102974565612440200, 0.6671149738966095600, 0.3265137834876563100 ) ) ;
#4304 = ORIENTED_EDGE ( 'NONE', *, *, #2170, .T. ) ;
#4305 = VECTOR ( 'NONE', #6915, 39.37007874015748100 ) ;
#4306 = ORIENTED_EDGE ( 'NONE', *, *, #8045, .F. ) ;
#4307 = CLOSED_SHELL ( 'NONE', ( #724, #816, #6848, #1371, #6784, #9592, #7499, #118, #6082, #4522, #460, #1658, #8264, #5808, #7814, #1387, #1509, #8916, #1409, #5817, #7971, #889, #6887, #707, #8394, #875, #6739, #7314, #2177, #8834, #9727, #1281, #189, #1848, #7958, #7602, #7136, #9094, #5252, #1315, #8098, #785, #8750, #1612, #524, #4993, #8559, #1944, #93, #6947, #5931, #6832, #3473, #2234, #7453, #2697, #9627, #7492, #7001, #7251, #5715, #2848, #6503, #8658, #3682, #129, #4615, #1515, #4625, #5508, #5980, #667, #8072, #8058, #5005, #1134, #5360, #4662, #2312, #5096, #3027, #438, #5939, #6053, #2662, #9028, #5107, #8978, #4023, #2083, #9080, #7243, #4230, #568, #9717, #6186, #4894, #4575, #8801, #7614, #9671, #4756, #6689, #2659, #7754, #916, #8851, #6771, #9381, #8986, #4952, #2168, #2039, #3532, #1479, #1174, #3142, #5054, #4117, #1569, #6338, #6540, #5343, #8210, #2216, #3674, #2124, #4854, #3200, #6101, #2380, #5758, #8166, #987, #5303, #2954, #8928, #2886, #2365, #7148, #5707, #7212, #7200, #9283, #3544, #1290, #8153, #1891, #11, #5163, #3047, #5240, #1076, #9437, #3705, #4538, #1955, #2784, #1714, #5602, #8345, #7049, #2942, #6530, #2286, #2317, #3927, #5065, #9454, #4261, #3753, #1331, #3094, #4363, #1042, #8410, #4160, #7717, #3106, #4457, #7648, #2806, #6046, #6629, #7999, #4053, #2927, #9516, #8513 ) ) ;
#4308 = VERTEX_POINT ( 'NONE', #8185 ) ;
#4309 = VERTEX_POINT ( 'NONE', #5936 ) ;
#4310 = CARTESIAN_POINT ( 'NONE',  ( 0.2305625537452148900, 0.5262794733655334900, 0.0000000000000000000 ) ) ;
#4311 = AXIS2_PLACEMENT_3D ( 'NONE', #9139, #5918, #2920 ) ;
#4312 = LINE ( 'NONE', #1625, #5383 ) ;
#4313 = ORIENTED_EDGE ( 'NONE', *, *, #1506, .T. ) ;
#4314 = VERTEX_POINT ( 'NONE', #1462 ) ;
#4315 = LINE ( 'NONE', #6623, #855 ) ;
#4316 = CARTESIAN_POINT ( 'NONE',  ( -0.1614999999999994500, -0.1603553390593279400, 0.2174999999999995300 ) ) ;
#4317 = ORIENTED_EDGE ( 'NONE', *, *, #5620, .F. ) ;
#4318 =( GEOMETRIC_REPRESENTATION_CONTEXT ( 3 ) GLOBAL_UNCERTAINTY_ASSIGNED_CONTEXT ( ( #4184 ) ) GLOBAL_UNIT_ASSIGNED_CONTEXT ( ( #8833, #1333, #7982 ) ) REPRESENTATION_CONTEXT ( 'NONE', 'WORKASPACE' ) );
#4319 = DIRECTION ( 'NONE',  ( 0.0000000000000000000, 1.000000000000000000, 0.0000000000000000000 ) ) ;
#4320 = DIRECTION ( 'NONE',  ( 0.0000000000000000000, -1.000000000000000000, 0.0000000000000000000 ) ) ;
#4321 = VECTOR ( 'NONE', #8930, 39.37007874015748100 ) ;
#4322 = ADVANCED_FACE ( 'NONE', ( #3444 ), #6691, .F. ) ;
#4323 = CARTESIAN_POINT ( 'NONE',  ( -0.3126315874602351200, 0.6665471498093917800, 0.3343574244550633300 ) ) ;
#4324 = DIRECTION ( 'NONE',  ( -1.000000000000000000, 6.909629590348155400E-015, -3.717264591378860200E-015 ) ) ;
#4325 = ORIENTED_EDGE ( 'NONE', *, *, #1840, .F. ) ;
#4326 = ORIENTED_EDGE ( 'NONE', *, *, #5294, .T. ) ;
#4327 = ORIENTED_EDGE ( 'NONE', *, *, #4097, .T. ) ;
#4328 = VERTEX_POINT ( 'NONE', #6645 ) ;
#4329 = EDGE_CURVE ( 'NONE', #6776, #9541, #2981, .T. ) ;
#4330 = VECTOR ( 'NONE', #7113, 39.37007874015748100 ) ;
#4331 = DIRECTION ( 'NONE',  ( -1.000000000000000000, 3.454814795174053600E-015, -0.0000000000000000000 ) ) ;
#4332 = ORIENTED_EDGE ( 'NONE', *, *, #461, .F. ) ;
#4333 = ORIENTED_EDGE ( 'NONE', *, *, #8975, .F. ) ;
#4334 = FACE_OUTER_BOUND ( 'NONE', #88, .T. ) ;
#4335 = CARTESIAN_POINT ( 'NONE',  ( -0.3121259842519705800, -1.058591097544902100E-015, 0.2561023622047228200 ) ) ;
#4336 = ORIENTED_EDGE ( 'NONE', *, *, #68, .F. ) ;
#4337 = DIRECTION ( 'NONE',  ( 3.400677691960634400E-015, -1.000000000000000000, -6.733886952713739600E-047 ) ) ;
#4338 = FACE_OUTER_BOUND ( 'NONE', #6085, .T. ) ;
#4339 = EDGE_CURVE ( 'NONE', #3215, #6079, #2294, .T. ) ;
#4340 = ORIENTED_EDGE ( 'NONE', *, *, #6419, .F. ) ;
#4341 = FACE_OUTER_BOUND ( 'NONE', #2962, .T. ) ;
#4342 = EDGE_LOOP ( 'NONE', ( #3615, #5164, #1390, #7342, #7886, #1324, #3710, #466, #541, #6725 ) ) ;
#4343 = EDGE_LOOP ( 'NONE', ( #412, #3290, #2797, #5387 ) ) ;
#4344 = DIRECTION ( 'NONE',  ( 0.0000000000000000000, 1.000000000000000000, 0.0000000000000000000 ) ) ;
#4345 = DIRECTION ( 'NONE',  ( -1.000000000000000000, 3.454814795174053600E-015, 0.0000000000000000000 ) ) ;
#4346 = VECTOR ( 'NONE', #8521, 39.37007874015748100 ) ;
#4347 = CARTESIAN_POINT ( 'NONE',  ( -0.2362204724409470400, 0.6307874015748017300, 0.1689370078740163900 ) ) ;
#4348 = CARTESIAN_POINT ( 'NONE',  ( 0.1181102362204724500, 0.6721259842519685700, 0.2897244094488185500 ) ) ;
#4349 = AXIS2_PLACEMENT_3D ( 'NONE', #3363, #4148, #6449 ) ;
#4350 = ORIENTED_EDGE ( 'NONE', *, *, #1294, .F. ) ;
#4351 = EDGE_LOOP ( 'NONE', ( #1437, #4702, #6094, #6000 ) ) ;
#4352 = LINE ( 'NONE', #7290, #5657 ) ;
#4353 = AXIS2_PLACEMENT_3D ( 'NONE', #806, #2222, #8347 ) ;
#4354 = ORIENTED_EDGE ( 'NONE', *, *, #945, .F. ) ;
#4355 = FACE_OUTER_BOUND ( 'NONE', #8716, .T. ) ;
#4356 = PLANE ( 'NONE',  #8055 ) ;
#4357 = CARTESIAN_POINT ( 'NONE',  ( 0.3200000000000020100, 0.07086614173228121500, -0.1775196850393696300 ) ) ;
#4358 = FACE_OUTER_BOUND ( 'NONE', #8714, .T. ) ;
#4359 = ORIENTED_EDGE ( 'NONE', *, *, #7875, .F. ) ;
#4360 = PRESENTATION_STYLE_ASSIGNMENT (( #4629 ) ) ;
#4361 = CARTESIAN_POINT ( 'NONE',  ( -0.3121259842519705800, -4.234364390179608300E-015, 0.3072834645669275700 ) ) ;
#4362 = AXIS2_PLACEMENT_3D ( 'NONE', #91, #3020, #7597 ) ;
#4363 = ADVANCED_FACE ( 'NONE', ( #9007 ), #204, .T. ) ;
#4364 = LINE ( 'NONE', #3826, #6252 ) ;
#4365 = PLANE ( 'NONE',  #1577 ) ;
#4366 = DIRECTION ( 'NONE',  ( -0.0000000000000000000, 0.0000000000000000000, -1.000000000000000000 ) ) ;
#4367 = ORIENTED_EDGE ( 'NONE', *, *, #6520, .T. ) ;
#4368 = VECTOR ( 'NONE', #8589, 39.37007874015748100 ) ;
#4369 = CARTESIAN_POINT ( 'NONE',  ( 0.3065482866397699100, 0.6696711032650388700, 0.3269109955571729000 ) ) ;
#4370 = CARTESIAN_POINT ( 'NONE',  ( 0.3121259842519684100, 0.6701574803149605900, 0.1791338582677165500 ) ) ;
#4371 = CARTESIAN_POINT ( 'NONE',  ( 0.3081889763779528400, 0.6662204724409450700, -0.3231889763779528000 ) ) ;
#4372 = EDGE_CURVE ( 'NONE', #4842, #3187, #6383, .T. ) ;
#4373 = DIRECTION ( 'NONE',  ( -0.0000000000000000000, -0.0000000000000000000, 1.000000000000000000 ) ) ;
#4374 = LINE ( 'NONE', #582, #9470 ) ;
#4375 = ORIENTED_EDGE ( 'NONE', *, *, #8352, .T. ) ;
#4376 = CIRCLE ( 'NONE', #692, 0.007874015748031449100 ) ;
#4377 = DIRECTION ( 'NONE',  ( -1.000000000000000000, -3.348887019260232700E-015, 1.049840293906045200E-027 ) ) ;
#4378 = DIRECTION ( 'NONE',  ( -3.400677691960634400E-015, 1.000000000000000000, -2.087764443346746700E-016 ) ) ;
#4379 = CARTESIAN_POINT ( 'NONE',  ( 0.3200000000000011200, 0.6689748484444495400, 0.3271959195966534000 ) ) ;
#4380 = DIRECTION ( 'NONE',  ( 1.000000000000000000, 3.400677691960634400E-015, 0.0000000000000000000 ) ) ;
#4381 = AXIS2_PLACEMENT_3D ( 'NONE', #8824, #5101, #4277 ) ;
#4382 = LINE ( 'NONE', #6796, #7226 ) ;
#4383 = EDGE_CURVE ( 'NONE', #3844, #9559, #435, .T. ) ;
#4384 = CARTESIAN_POINT ( 'NONE',  ( -0.3071149738966091900, 0.6702974565612458400, 0.3265137834876548100 ) ) ;
#4385 = CARTESIAN_POINT ( 'NONE',  ( -0.2614999999999995100, -0.1603553390593282800, 0.2174999999999995300 ) ) ;
#4386 = EDGE_CURVE ( 'NONE', #5856, #6323, #87, .T. ) ;
#4387 = CARTESIAN_POINT ( 'NONE',  ( 0.3200994094488202000, 0.03937007874015635600, 0.2811417322834610700 ) ) ;
#4388 = LINE ( 'NONE', #2154, #3573 ) ;
#4389 = DIRECTION ( 'NONE',  ( 0.0000000000000000000, -1.000000000000000000, 5.421010862427524100E-016 ) ) ;
#4390 = PLANE ( 'NONE',  #9152 ) ;
#4391 = DIRECTION ( 'NONE',  ( 0.0000000000000000000, 1.000000000000000000, 0.0000000000000000000 ) ) ;
#4392 = EDGE_CURVE ( 'NONE', #1463, #9199, #2410, .T. ) ;
#4393 = EDGE_CURVE ( 'NONE', #1116, #4953, #1953, .T. ) ;
#4394 = CARTESIAN_POINT ( 'NONE',  ( -0.3200000000000020600, 0.05511811023622156800, 0.2890157480314925500 ) ) ;
#4395 = CARTESIAN_POINT ( 'NONE',  ( -0.2696850393700787100, 0.6721259842519685700, -0.001968503937007842300 ) ) ;
#4396 = DIRECTION ( 'NONE',  ( -1.000000000000000000, -3.400677691960634000E-015, 0.0000000000000000000 ) ) ;
#4397 = DIRECTION ( 'NONE',  ( -1.000000000000000000, -3.400677691960634400E-015, -7.973235776786924300E-016 ) ) ;
#4398 = FACE_OUTER_BOUND ( 'NONE', #3920, .T. ) ;
#4399 = CARTESIAN_POINT ( 'NONE',  ( -0.3199999999999997800, 0.6699217144102476200, -0.3231889763779527400 ) ) ;
#4400 = CARTESIAN_POINT ( 'NONE',  ( -0.3101574803149604900, 0.6721259842519686800, 0.06102362204724406900 ) ) ;
#4401 = FILL_AREA_STYLE ('',( #752 ) ) ;
#4402 = ADVANCED_FACE ( 'NONE', ( #7478 ), #496, .F. ) ;
#4403 = DIRECTION ( 'NONE',  ( 0.0000000000000000000, 0.0000000000000000000, -1.000000000000000000 ) ) ;
#4404 = EDGE_CURVE ( 'NONE', #3670, #5563, #8306, .T. ) ;
#4405 = VERTEX_POINT ( 'NONE', #6423 ) ;
#4406 = CARTESIAN_POINT ( 'NONE',  ( 0.1365000000000000400, 0.009842519685039831400, 0.2424999999999995800 ) ) ;
#4407 = AXIS2_PLACEMENT_3D ( 'NONE', #4153, #4087, #9463 ) ;
#4408 = EDGE_CURVE ( 'NONE', #3134, #2748, #3677, .T. ) ;
#4409 = SURFACE_SIDE_STYLE ('',( #9646 ) ) ;
#4410 = CYLINDRICAL_SURFACE ( 'NONE', #3581, 0.007874015748031516800 ) ;
#4411 = ADVANCED_FACE ( 'NONE', ( #1043 ), #7978, .F. ) ;
#4412 = DIRECTION ( 'NONE',  ( -1.000000000000000000, 0.0000000000000000000, 0.0000000000000000000 ) ) ;
#4413 = VERTEX_POINT ( 'NONE', #5713 ) ;
#4414 = DIRECTION ( 'NONE',  ( -1.000000000000000000, 3.454814795174053600E-015, -0.0000000000000000000 ) ) ;
#4415 = DIMENSIONAL_EXPONENTS ( 1.000000000000000000, 0.0000000000000000000, 0.0000000000000000000, 0.0000000000000000000, 0.0000000000000000000, 0.0000000000000000000, 0.0000000000000000000 ) ;
#4416 = VERTEX_POINT ( 'NONE', #1278 ) ;
#4417 = FACE_OUTER_BOUND ( 'NONE', #4911, .T. ) ;
#4418 = EDGE_CURVE ( 'NONE', #7391, #7948, #9333, .T. ) ;
#4419 = CLOSED_SHELL ( 'NONE', ( #4555, #83, #3296, #937, #8201, #1802 ) ) ;
#4420 = CARTESIAN_POINT ( 'NONE',  ( -0.3121259842519683600, 0.6701574803149605900, -0.6461350581127888200 ) ) ;
#4421 = CARTESIAN_POINT ( 'NONE',  ( 0.1615000000000006200, -0.1249999999999994600, 0.2174999999999995500 ) ) ;
#4422 = VECTOR ( 'NONE', #8272, 39.37007874015748100 ) ;
#4423 = CARTESIAN_POINT ( 'NONE',  ( -0.3101574803149604900, 0.6701574803149607000, -0.6461350581127888200 ) ) ;
#4424 = AXIS2_PLACEMENT_3D ( 'NONE', #2096, #3455, #8790 ) ;
#4425 = ORIENTED_EDGE ( 'NONE', *, *, #1678, .T. ) ;
#4426 = ORIENTED_EDGE ( 'NONE', *, *, #8551, .T. ) ;
#4427 = LINE ( 'NONE', #3185, #479 ) ;
#4428 = ORIENTED_EDGE ( 'NONE', *, *, #5984, .T. ) ;
#4429 = LINE ( 'NONE', #8229, #126 ) ;
#4430 = AXIS2_PLACEMENT_3D ( 'NONE', #6653, #8292, #2193 ) ;
#4431 = VERTEX_POINT ( 'NONE', #9492 ) ;
#4432 = VECTOR ( 'NONE', #8579, 39.37007874015748100 ) ;
#4433 = EDGE_CURVE ( 'NONE', #1488, #4116, #795, .T. ) ;
#4434 = CARTESIAN_POINT ( 'NONE',  ( -0.3200000000000008900, 0.0000000000000000000, 0.3231889763779529600 ) ) ;
#4435 = DIRECTION ( 'NONE',  ( -1.000000000000000000, -1.734723475976817500E-014, 0.0000000000000000000 ) ) ;
#4436 = ORIENTED_EDGE ( 'NONE', *, *, #1555, .F. ) ;
#4437 = VERTEX_POINT ( 'NONE', #7131 ) ;
#4438 = ORIENTED_EDGE ( 'NONE', *, *, #9271, .T. ) ;
#4439 = CARTESIAN_POINT ( 'NONE',  ( 0.3121259842519696300, 0.6689765846953346100, 0.3245221749645733600 ) ) ;
#4440 = ORIENTED_EDGE ( 'NONE', *, *, #9673, .T. ) ;
#4441 = DIRECTION ( 'NONE',  ( -3.400677691960634400E-015, 1.000000000000000000, -9.538179791247316900E-046 ) ) ;
#4442 = VECTOR ( 'NONE', #3101, 39.37007874015748100 ) ;
#4443 = ORIENTED_EDGE ( 'NONE', *, *, #7755, .T. ) ;
#4444 = VECTOR ( 'NONE', #974, 39.37007874015748100 ) ;
#4445 = ORIENTED_EDGE ( 'NONE', *, *, #2611, .T. ) ;
#4446 = ADVANCED_FACE ( 'NONE', ( #5449 ), #1865, .F. ) ;
#4447 = ORIENTED_EDGE ( 'NONE', *, *, #5478, .F. ) ;
#4448 = ORIENTED_EDGE ( 'NONE', *, *, #4833, .T. ) ;
#4449 = AXIS2_PLACEMENT_3D ( 'NONE', #3054, #9292, #4750 ) ;
#4450 = VECTOR ( 'NONE', #340, 39.37007874015748100 ) ;
#4451 = VERTEX_POINT ( 'NONE', #7348 ) ;
#4453 = ORIENTED_EDGE ( 'NONE', *, *, #2478, .T. ) ;
#4452 = CARTESIAN_POINT ( 'NONE',  ( 0.3200000000000000100, 0.6701574803149607000, -0.3349999999999999600 ) ) ;
#4454 = LINE ( 'NONE', #3871, #2483 ) ;
#4455 = ORIENTED_EDGE ( 'NONE', *, *, #9726, .F. ) ;
#4456 = VECTOR ( 'NONE', #4178, 39.37007874015748100 ) ;
#4457 = ADVANCED_FACE ( 'NONE', ( #4254 ), #3542, .T. ) ;
#4458 = EDGE_CURVE ( 'NONE', #985, #5272, #7832, .T. ) ;
#4459 = CARTESIAN_POINT ( 'NONE',  ( 0.2362204724409439300, 0.2764566929133857600, -0.01771653543307082800 ) ) ;
#4460 = EDGE_LOOP ( 'NONE', ( #9113, #1581, #3371, #1214 ) ) ;
#4461 = DIRECTION ( 'NONE',  ( 0.0000000000000000000, -1.000000000000000000, 3.542423484451824700E-015 ) ) ;
#4462 = CARTESIAN_POINT ( 'NONE',  ( 0.1255055738910761700, 0.2764566929133853700, 0.2399521717798883400 ) ) ;
#4463 = ORIENTED_EDGE ( 'NONE', *, *, #2834, .F. ) ;
#4464 = VERTEX_POINT ( 'NONE', #9613 ) ;
#4465 = CARTESIAN_POINT ( 'NONE',  ( 0.3147956584452604200, 0.6721259842519687900, 0.3293732138850195600 ) ) ;
#4466 =( NAMED_UNIT ( * ) PLANE_ANGLE_UNIT ( ) SI_UNIT ( $, .RADIAN. ) );
#4467 = ORIENTED_EDGE ( 'NONE', *, *, #835, .F. ) ;
#4468 = EDGE_CURVE ( 'NONE', #9364, #6110, #5804, .T. ) ;
#4469 = CARTESIAN_POINT ( 'NONE',  ( -0.06699999999999999000, 0.009842519685039139200, -0.1740000000000004600 ) ) ;
#4470 = EDGE_CURVE ( 'NONE', #2447, #794, #6034, .T. ) ;
#4471 = EDGE_CURVE ( 'NONE', #9184, #6551, #9587, .T. ) ;
#4472 = ADVANCED_FACE ( 'NONE', ( #3561 ), #7372, .F. ) ;
#4473 = LINE ( 'NONE', #5568, #2270 ) ;
#4474 = CARTESIAN_POINT ( 'NONE',  ( 0.03299999999999999500, 0.009842519685039481000, -0.1740000000000004600 ) ) ;
#4475 = VERTEX_POINT ( 'NONE', #1366 ) ;
#4476 = LINE ( 'NONE', #3775, #2501 ) ;
#4477 = DIRECTION ( 'NONE',  ( 1.000000000000000000, 3.400677691960634000E-015, -0.0000000000000000000 ) ) ;
#4478 = PLANE ( 'NONE',  #292 ) ;
#4479 = EDGE_LOOP ( 'NONE', ( #3516, #2319, #6828, #4948 ) ) ;
#4480 = CIRCLE ( 'NONE', #3932, 0.007874015748031482100 ) ;
#4481 = CYLINDRICAL_SURFACE ( 'NONE', #9203, 0.007874015748031449100 ) ;
#4482 = CARTESIAN_POINT ( 'NONE',  ( -0.3199999999999998400, 0.6727409429929004400, 0.3222763607591335200 ) ) ;
#4483 = CARTESIAN_POINT ( 'NONE',  ( -0.01699999999999955700, -0.1250000000000000600, -0.2900000000000004800 ) ) ;
#4484 = VERTEX_POINT ( 'NONE', #9649 ) ;
#4485 = PLANE ( 'NONE',  #7127 ) ;
#4486 = LINE ( 'NONE', #6876, #9120 ) ;
#4487 = CARTESIAN_POINT ( 'NONE',  ( -1.248692419008931900, 0.009842519685035111200, 0.2561023622047227700 ) ) ;
#4488 = CARTESIAN_POINT ( 'NONE',  ( -0.1649999999999996200, -0.1100000000000004700, 0.06799999999999953300 ) ) ;
#4489 = VERTEX_POINT ( 'NONE', #2859 ) ;
#4490 = FACE_OUTER_BOUND ( 'NONE', #2138, .T. ) ;
#4491 = DIRECTION ( 'NONE',  ( 0.0000000000000000000, 0.0000000000000000000, 1.000000000000000000 ) ) ;
#4492 = CARTESIAN_POINT ( 'NONE',  ( 0.3121259842519704700, 0.07874015748031278100, -0.3271259842519664800 ) ) ;
#4493 = STYLED_ITEM ( 'NONE', ( #5445 ), #2350 ) ;
#4494 = ORIENTED_EDGE ( 'NONE', *, *, #2332, .F. ) ;
#4495 = DIRECTION ( 'NONE',  ( 0.0000000000000000000, 0.0000000000000000000, -1.000000000000000000 ) ) ;
#4496 = LINE ( 'NONE', #3699, #9245 ) ;
#4497 = CARTESIAN_POINT ( 'NONE',  ( -0.1169999999999994500, -0.1603553390593278100, -0.2740000000000004700 ) ) ;
#4498 = STYLED_ITEM ( 'NONE', ( #1559 ), #6548 ) ;
#4499 = VERTEX_POINT ( 'NONE', #4357 ) ;
#4500 = DIRECTION ( 'NONE',  ( 6.946296134017186600E-015, -1.000000000000000000, 0.0000000000000000000 ) ) ;
#4501 = DIRECTION ( 'NONE',  ( 1.000000000000000000, 0.0000000000000000000, 0.0000000000000000000 ) ) ;
#4502 = EDGE_CURVE ( 'NONE', #8835, #9422, #551, .T. ) ;
#4503 = EDGE_CURVE ( 'NONE', #8719, #4328, #5565, .T. ) ;
#4504 = CARTESIAN_POINT ( 'NONE',  ( -0.2573001884328043300, 0.6721259842519685700, 0.2739763779527555900 ) ) ;
#4505 = ORIENTED_EDGE ( 'NONE', *, *, #5350, .F. ) ;
#4506 = CYLINDRICAL_SURFACE ( 'NONE', #5305, 0.06000000000000001200 ) ;
#4507 = CARTESIAN_POINT ( 'NONE',  ( -0.3081889763779596700, 0.07874015748031487600, -0.3271259842519683200 ) ) ;
#4508 = CARTESIAN_POINT ( 'NONE',  ( -0.1220472440944904600, 0.6701574803149593600, 0.2793222505200456100 ) ) ;
#4509 = CARTESIAN_POINT ( 'NONE',  ( 0.1365000000000006200, -0.1603553390593269500, 0.2174999999999995500 ) ) ;
#4510 = ADVANCED_FACE ( 'NONE', ( #5442 ), #2777, .F. ) ;
#4511 = CARTESIAN_POINT ( 'NONE',  ( -0.01700000000000001500, 0.009842519685039311000, -0.2740000000000004700 ) ) ;
#4512 = MECHANICAL_DESIGN_GEOMETRIC_PRESENTATION_REPRESENTATION (  '', ( #8954 ), #7237 ) ;
#4513 = EDGE_CURVE ( 'NONE', #6470, #6968, #3668, .T. ) ;
#4514 = LINE ( 'NONE', #4488, #5580 ) ;
#4515 = CARTESIAN_POINT ( 'NONE',  ( 0.3200000000000020100, 0.05511811023621935500, 0.2890157480314925500 ) ) ;
#4516 = CARTESIAN_POINT ( 'NONE',  ( -0.3121259842519703000, 0.07874015748031189300, -0.3231889763779507400 ) ) ;
#4517 = B_SPLINE_CURVE_WITH_KNOTS ( 'NONE', 1,
 ( #8712, #1345 ),
 .UNSPECIFIED., .F., .F.,
 ( 2, 2 ),
 ( 0.0000000000000000000, 1.000000000000000000 ),
 .UNSPECIFIED. ) ;
#4518 = CARTESIAN_POINT ( 'NONE',  ( 0.2615000000000000700, 0.009842519685040258100, 0.2174999999999995800 ) ) ;
#4519 = CARTESIAN_POINT ( 'NONE',  ( 0.3054050914126513700, 0.6681889763779533800, 0.3271259842519682600 ) ) ;
#4520 = EDGE_CURVE ( 'NONE', #7065, #1899, #4374, .T. ) ;
#4521 = DIRECTION ( 'NONE',  ( 3.400677691960634000E-015, 1.000000000000000000, 1.889265384422574300E-016 ) ) ;
#4522 = ADVANCED_FACE ( 'NONE', ( #4841 ), #5283, .T. ) ;
#4523 = CARTESIAN_POINT ( 'NONE',  ( 0.3121259842519696300, 0.6699217144102483900, -0.3231889763779527400 ) ) ;
#4524 = EDGE_CURVE ( 'NONE', #5570, #8977, #426, .T. ) ;
#4525 = CARTESIAN_POINT ( 'NONE',  ( 0.3121259842519713000, -0.1649999999999989500, -0.07440425949313597700 ) ) ;
#4526 = AXIS2_PLACEMENT_3D ( 'NONE', #6762, #7624, #9106 ) ;
#4527 = CARTESIAN_POINT ( 'NONE',  ( -0.3121259842519683600, 0.6701574803149607000, 0.3230102407095419300 ) ) ;
#4528 = CARTESIAN_POINT ( 'NONE',  ( -0.01699999999999943900, -0.1603553390593274500, -0.2740000000000004700 ) ) ;
#4529 = CARTESIAN_POINT ( 'NONE',  ( -0.2249999999999995300, -0.1250000000000007800, 0.06799999999999951900 ) ) ;
#4530 = DIRECTION ( 'NONE',  ( 4.161908562736412700E-032, -1.204669080539449300E-017, -1.000000000000000000 ) ) ;
#4531 = CARTESIAN_POINT ( 'NONE',  ( -0.3102974565612449700, 0.6671149738966100100, -0.3265137834876557000 ) ) ;
#4532 = FACE_OUTER_BOUND ( 'NONE', #5850, .T. ) ;
#4533 = CARTESIAN_POINT ( 'NONE',  ( 0.3200994094488202000, 0.03937007874015631400, -0.1775196850393696800 ) ) ;
#4534 = AXIS2_PLACEMENT_3D ( 'NONE', #7384, #4377, #2174 ) ;
#4535 = CARTESIAN_POINT ( 'NONE',  ( -0.3089765846953343400, 0.6721259842519689000, 0.3245221749645731400 ) ) ;
#4536 = EDGE_CURVE ( 'NONE', #3994, #2110, #3906, .T. ) ;
#4537 = VECTOR ( 'NONE', #2652, 39.37007874015748100 ) ;
#4538 = ADVANCED_FACE ( 'NONE', ( #3438 ), #3221, .F. ) ;
#4539 = ORIENTED_EDGE ( 'NONE', *, *, #1008, .T. ) ;
#4540 = ORIENTED_EDGE ( 'NONE', *, *, #3428, .T. ) ;
#4541 = CIRCLE ( 'NONE', #4007, 0.007874015748031449100 ) ;
#4542 = CARTESIAN_POINT ( 'NONE',  ( -0.3081889763779523900, 0.6662204724409428500, -0.3231889763779528000 ) ) ;
#4543 = AXIS2_PLACEMENT_3D ( 'NONE', #666, #9593, #9560 ) ;
#4544 = FACE_OUTER_BOUND ( 'NONE', #2001, .T. ) ;
#4545 = CARTESIAN_POINT ( 'NONE',  ( -0.3121259842519703000, 0.02362204724409552500, -0.04759842519685389400 ) ) ;
#4546 = LINE ( 'NONE', #6483, #2329 ) ;
#4547 = PLANE ( 'NONE',  #4988 ) ;
#4548 = VERTEX_POINT ( 'NONE', #1554 ) ;
#4549 = CARTESIAN_POINT ( 'NONE',  ( 0.1330000000000004500, -0.1249999999999995600, -0.1900000000000004700 ) ) ;
#4550 = DIRECTION ( 'NONE',  ( 3.400677691960634400E-015, -1.000000000000000000, 0.0000000000000000000 ) ) ;
#4551 = CARTESIAN_POINT ( 'NONE',  ( 0.3060960341404463900, 0.05256316975402509200, 0.0000000000000000000 ) ) ;
#4552 = VECTOR ( 'NONE', #1703, 39.37007874015748100 ) ;
#4553 = DIRECTION ( 'NONE',  ( -1.000000000000000000, 0.0000000000000000000, 0.0000000000000000000 ) ) ;
#4554 = CARTESIAN_POINT ( 'NONE',  ( -0.3121259842519704700, 0.01574803149606402900, -0.03972440944882241200 ) ) ;
#4555 = ADVANCED_FACE ( 'NONE', ( #5910 ), #8550, .F. ) ;
#4556 = ORIENTED_EDGE ( 'NONE', *, *, #4918, .F. ) ;
#4557 = ORIENTED_EDGE ( 'NONE', *, *, #6484, .F. ) ;
#4558 = EDGE_LOOP ( 'NONE', ( #133, #2812, #21, #9315 ) ) ;
#4559 = VERTEX_POINT ( 'NONE', #7721 ) ;
#4560 = VECTOR ( 'NONE', #8323, 39.37007874015748100 ) ;
#4561 = EDGE_LOOP ( 'NONE', ( #9064, #1735, #1002, #5277 ) ) ;
#4562 = VECTOR ( 'NONE', #6752, 39.37007874015748100 ) ;
#4563 = CARTESIAN_POINT ( 'NONE',  ( 0.1102362204724409300, 0.6721259842519685700, 0.2897244094488185500 ) ) ;
#4564 = DIRECTION ( 'NONE',  ( 0.0000000000000000000, 0.9743700647852350200, -0.2249510543438658400 ) ) ;
#4565 = ORIENTED_EDGE ( 'NONE', *, *, #1524, .T. ) ;
#4566 = CARTESIAN_POINT ( 'NONE',  ( 0.2573001884328043300, 0.6721259842519685700, 0.2818503937007870700 ) ) ;
#4567 = FILL_AREA_STYLE ('',( #3156 ) ) ;
#4568 = VECTOR ( 'NONE', #2570, 39.37007874015748100 ) ;
#4569 = DIRECTION ( 'NONE',  ( 0.0000000000000000000, 1.000000000000000000, 0.0000000000000000000 ) ) ;
#4570 = ORIENTED_EDGE ( 'NONE', *, *, #6211, .F. ) ;
#4571 = ORIENTED_EDGE ( 'NONE', *, *, #3214, .T. ) ;
#4572 = ORIENTED_EDGE ( 'NONE', *, *, #6117, .F. ) ;
#4573 = AXIS2_PLACEMENT_3D ( 'NONE', #9170, #2525, #3204 ) ;
#4574 = LINE ( 'NONE', #7811, #1764 ) ;
#4575 = ADVANCED_FACE ( 'NONE', ( #6722 ), #9198, .T. ) ;
#4576 = EDGE_LOOP ( 'NONE', ( #159, #347, #1565, #5435, #6954 ) ) ;
#4577 = EDGE_LOOP ( 'NONE', ( #1931, #3725, #5511, #1756 ) ) ;
#4578 = FACE_OUTER_BOUND ( 'NONE', #5795, .T. ) ;
#4579 = ORIENTED_EDGE ( 'NONE', *, *, #1498, .T. ) ;
#4580 = CARTESIAN_POINT ( 'NONE',  ( 0.2365000000000006300, -0.1603553390593266100, 0.2424999999999996000 ) ) ;
#4581 = DIRECTION ( 'NONE',  ( 0.0000000000000000000, 0.0000000000000000000, 1.000000000000000000 ) ) ;
#4582 = EDGE_CURVE ( 'NONE', #9398, #4824, #8430, .T. ) ;
#4583 = CARTESIAN_POINT ( 'NONE',  ( -1.248692419008931900, 0.009842519685035111200, -0.2916929133858263100 ) ) ;
#4584 = VECTOR ( 'NONE', #9279, 39.37007874015748900 ) ;
#4585 = ORIENTED_EDGE ( 'NONE', *, *, #8732, .T. ) ;
#4586 = VECTOR ( 'NONE', #4798, 39.37007874015748100 ) ;
#4587 = ORIENTED_EDGE ( 'NONE', *, *, #4690, .F. ) ;
#4588 = ORIENTED_EDGE ( 'NONE', *, *, #4050, .F. ) ;
#4589 = EDGE_LOOP ( 'NONE', ( #9431, #9303, #5145, #6571 ) ) ;
#4590 = PLANE ( 'NONE',  #3003 ) ;
#4591 = VECTOR ( 'NONE', #6620, 39.37007874015748100 ) ;
#4592 = AXIS2_PLACEMENT_3D ( 'NONE', #5826, #1347, #5021 ) ;
#4593 = AXIS2_PLACEMENT_3D ( 'NONE', #9417, #8796, #1268 ) ;
#4594 = ORIENTED_EDGE ( 'NONE', *, *, #7060, .F. ) ;
#4595 = CARTESIAN_POINT ( 'NONE',  ( -0.3101574803149606000, 0.6800000000000001600, 0.3230102407095416500 ) ) ;
#4596 = ORIENTED_EDGE ( 'NONE', *, *, #4691, .F. ) ;
#4597 = VECTOR ( 'NONE', #3531, 39.37007874015748100 ) ;
#4598 = ORIENTED_EDGE ( 'NONE', *, *, #1412, .F. ) ;
#4599 = FACE_OUTER_BOUND ( 'NONE', #5399, .T. ) ;
#4600 = DIRECTION ( 'NONE',  ( -0.7071067811865463500, -0.7071067811865486800, -4.937700262164539400E-015 ) ) ;
#4601 =( CONVERSION_BASED_UNIT ( 'INCH', #184 ) LENGTH_UNIT ( ) NAMED_UNIT ( #5218 ) );
#4602 = ADVANCED_FACE ( 'NONE', ( #1722 ), #304, .T. ) ;
#4603 = DIRECTION ( 'NONE',  ( -0.0000000000000000000, -1.000000000000000000, -0.0000000000000000000 ) ) ;
#4604 = CARTESIAN_POINT ( 'NONE',  ( 0.2615000000000000700, 0.009842519685040258100, 0.2424999999999996000 ) ) ;
#4605 = ORIENTED_EDGE ( 'NONE', *, *, #8044, .F. ) ;
#4606 = DIRECTION ( 'NONE',  ( 0.0000000000000000000, 0.0000000000000000000, 1.000000000000000000 ) ) ;
#4607 = AXIS2_PLACEMENT_3D ( 'NONE', #9455, #348, #9378 ) ;
#4608 = PRESENTATION_STYLE_ASSIGNMENT (( #3824 ) ) ;
#4609 = EDGE_CURVE ( 'NONE', #3623, #1654, #7467, .T. ) ;
#4610 = EDGE_LOOP ( 'NONE', ( #886, #9449, #7813, #8431, #2493, #663 ) ) ;
#4611 = FACE_OUTER_BOUND ( 'NONE', #3307, .T. ) ;
#4612 = DIRECTION ( 'NONE',  ( 3.454814795174053600E-015, 1.000000000000000000, 0.0000000000000000000 ) ) ;
#4613 = DIRECTION ( 'NONE',  ( 0.0000000000000000000, 1.000000000000000000, -0.0000000000000000000 ) ) ;
#4614 = CARTESIAN_POINT ( 'NONE',  ( -0.3121259842519703000, 0.06299212598425313300, 1.862898541729106400E-017 ) ) ;
#4615 = ADVANCED_FACE ( 'NONE', ( #3208 ), #5597, .F. ) ;
#4616 = CARTESIAN_POINT ( 'NONE',  ( 0.2365000000000006300, -0.1603553390593266100, 0.2174999999999995800 ) ) ;
#4617 = EDGE_CURVE ( 'NONE', #7282, #2814, #4726, .T. ) ;
#4618 = VECTOR ( 'NONE', #3642, 39.37007874015748100 ) ;
#4619 = VERTEX_POINT ( 'NONE', #2565 ) ;
#4620 = DIRECTION ( 'NONE',  ( 3.400677691960634400E-015, -1.000000000000000000, 9.538179791247316900E-046 ) ) ;
#4621 = VECTOR ( 'NONE', #5832, 39.37007874015748100 ) ;
#4622 = EDGE_CURVE ( 'NONE', #7635, #1698, #5197, .T. ) ;
#4623 = DIRECTION ( 'NONE',  ( -3.400677691960634400E-015, 1.000000000000000000, -2.087764443346746700E-016 ) ) ;
#4624 = DIRECTION ( 'NONE',  ( 1.000000000000000000, 3.468166398206574000E-015, 0.0000000000000000000 ) ) ;
#4625 = ADVANCED_FACE ( 'NONE', ( #9697 ), #5982, .F. ) ;
#4626 = VECTOR ( 'NONE', #993, 39.37007874015748100 ) ;
#4627 = AXIS2_PLACEMENT_3D ( 'NONE', #3846, #2367, #9148 ) ;
#4628 = CARTESIAN_POINT ( 'NONE',  ( -0.3189392411772617500, 0.6752951442791662600, -0.3219122744137256600 ) ) ;
#4629 = SURFACE_STYLE_USAGE ( .BOTH. , #6070 ) ;
#4630 = CARTESIAN_POINT ( 'NONE',  ( -0.3127409429929016700, 0.6799999999999997200, -0.3222763607591326300 ) ) ;
#4631 = AXIS2_PLACEMENT_3D ( 'NONE', #5465, #3254, #3886 ) ;
#4632 = LINE ( 'NONE', #6909, #8443 ) ;
#4633 = DIRECTION ( 'NONE',  ( -1.000000000000000000, -3.414809992080327900E-015, 0.0000000000000000000 ) ) ;
#4634 = EDGE_CURVE ( 'NONE', #165, #8062, #3996, .T. ) ;
#4635 = DIRECTION ( 'NONE',  ( -0.0000000000000000000, 0.0000000000000000000, -1.000000000000000000 ) ) ;
#4636 = CARTESIAN_POINT ( 'NONE',  ( 0.3121259842519696300, 0.07874015748031269700, -0.3231889763779527400 ) ) ;
#4637 = DIRECTION ( 'NONE',  ( 0.0000000000000000000, -1.000000000000000000, -2.168404344971014000E-015 ) ) ;
#4638 = PLANE ( 'NONE',  #7858 ) ;
#4639 = CARTESIAN_POINT ( 'NONE',  ( 0.3071149738966094700, 0.6745144169278315400, 0.3331633977070583800 ) ) ;
#4640 = VECTOR ( 'NONE', #1163, 39.37007874015748100 ) ;
#4641 = DIRECTION ( 'NONE',  ( -6.919777677515237500E-015, 1.000000000000000000, 3.454814795174053600E-015 ) ) ;
#4642 = CARTESIAN_POINT ( 'NONE',  ( 0.3200000000000021700, 1.066936039463046500E-015, -0.04759842519685388700 ) ) ;
#4643 = DIRECTION ( 'NONE',  ( -1.000000000000000000, -3.468166398206581100E-015, -2.134256245050203900E-015 ) ) ;
#4644 = AXIS2_PLACEMENT_3D ( 'NONE', #1726, #7730, #9305 ) ;
#4645 = DIRECTION ( 'NONE',  ( -1.000000000000000000, -3.400677691960634400E-015, 3.503246160812042700E-046 ) ) ;
#4646 = CARTESIAN_POINT ( 'NONE',  ( 0.3200994094488202600, 0.05511811023621935500, 0.2890157480314925500 ) ) ;
#4647 = DIRECTION ( 'NONE',  ( -1.000000000000000000, 2.891205793294679400E-015, 0.0000000000000000000 ) ) ;
#4648 = EDGE_CURVE ( 'NONE', #8706, #9342, #1945, .T. ) ;
#4649 = CARTESIAN_POINT ( 'NONE',  ( -0.2849999999999985900, -0.4197056274847726400, 0.06799999999999951900 ) ) ;
#4650 = DIRECTION ( 'NONE',  ( -1.900442020132461600E-016, 1.000000000000000000, -3.535716378941755400E-015 ) ) ;
#4651 = EDGE_CURVE ( 'NONE', #458, #3965, #1102, .T. ) ;
#4652 = CARTESIAN_POINT ( 'NONE',  ( -0.3200000000000021700, 0.02362204724409555000, -0.04759842519685389400 ) ) ;
#4653 = EDGE_CURVE ( 'NONE', #57, #1203, #659, .T. ) ;
#4654 = FACE_OUTER_BOUND ( 'NONE', #7805, .T. ) ;
#4655 = ORIENTED_EDGE ( 'NONE', *, *, #7584, .T. ) ;
#4656 = ORIENTED_EDGE ( 'NONE', *, *, #5988, .F. ) ;
#4657 = FACE_OUTER_BOUND ( 'NONE', #2460, .T. ) ;
#4658 = CARTESIAN_POINT ( 'NONE',  ( -0.3071149738966091900, 0.6745144169278311000, 0.3331633977070586600 ) ) ;
#4659 = PLANE ( 'NONE',  #4644 ) ;
#4660 = EDGE_LOOP ( 'NONE', ( #2727, #3813, #3757, #3528 ) ) ;
#4661 = AXIS2_PLACEMENT_3D ( 'NONE', #1753, #9348, #5538 ) ;
#4662 = ADVANCED_FACE ( 'NONE', ( #9235 ), #5079, .T. ) ;
#4663 = VECTOR ( 'NONE', #8412, 39.37007874015748100 ) ;
#4664 = CARTESIAN_POINT ( 'NONE',  ( 0.3200994094488202000, 0.03937007874015630700, -0.1224015748031491900 ) ) ;
#4665 = CARTESIAN_POINT ( 'NONE',  ( 0.3200000000000020600, 0.05511811023622152600, -0.06531496062992475600 ) ) ;
#4666 = DIRECTION ( 'NONE',  ( -6.527062002113305800E-031, -1.889265384422574500E-016, -1.000000000000000000 ) ) ;
#4667 = ORIENTED_EDGE ( 'NONE', *, *, #8553, .F. ) ;
#4668 = AXIS2_PLACEMENT_3D ( 'NONE', #6069, #1674, #8638 ) ;
#4669 = ORIENTED_EDGE ( 'NONE', *, *, #3315, .T. ) ;
#4670 = CARTESIAN_POINT ( 'NONE',  ( -0.3101574803149604900, 0.6799999999999999400, 0.1791338582677165500 ) ) ;
#4671 = ORIENTED_EDGE ( 'NONE', *, *, #6575, .T. ) ;
#4672 = VECTOR ( 'NONE', #7743, 39.37007874015748100 ) ;
#4673 = EDGE_LOOP ( 'NONE', ( #8036, #8483, #8507, #8838 ) ) ;
#4674 = VERTEX_POINT ( 'NONE', #4516 ) ;
#4675 = LINE ( 'NONE', #5709, #1320 ) ;
#4676 = DIRECTION ( 'NONE',  ( 0.0000000000000000000, 1.000000000000000000, 0.0000000000000000000 ) ) ;
#4677 = AXIS2_PLACEMENT_3D ( 'NONE', #7389, #2105, #2898 ) ;
#4678 = ORIENTED_EDGE ( 'NONE', *, *, #238, .F. ) ;
#4679 = EDGE_LOOP ( 'NONE', ( #3862, #7577, #3300, #363 ) ) ;
#4680 = ORIENTED_EDGE ( 'NONE', *, *, #4711, .F. ) ;
#4681 = EDGE_LOOP ( 'NONE', ( #5037, #1670, #2923, #9532 ) ) ;
#4682 = CARTESIAN_POINT ( 'NONE',  ( -0.3121259842519696900, 0.6701574803149607000, -0.3231889763779527400 ) ) ;
#4683 = LINE ( 'NONE', #2156, #3728 ) ;
#4684 = ORIENTED_EDGE ( 'NONE', *, *, #3284, .F. ) ;
#4685 = VECTOR ( 'NONE', #5789, 39.37007874015748100 ) ;
#4686 = ORIENTED_EDGE ( 'NONE', *, *, #832, .F. ) ;
#4687 = CARTESIAN_POINT ( 'NONE',  ( 0.1169999999999999800, 0.009842519685039763700, -0.1740000000000004900 ) ) ;
#4688 = CARTESIAN_POINT ( 'NONE',  ( -0.3121259842519703000, 0.06299212598425303600, 0.2890157480314925500 ) ) ;
#4689 = LINE ( 'NONE', #3579, #3171 ) ;
#4690 = EDGE_CURVE ( 'NONE', #9583, #5034, #8995, .T. ) ;
#4691 = EDGE_CURVE ( 'NONE', #4245, #5898, #7344, .T. ) ;
#4692 = ORIENTED_EDGE ( 'NONE', *, *, #9037, .F. ) ;
#4693 = VERTEX_POINT ( 'NONE', #4483 ) ;
#4694 = ORIENTED_EDGE ( 'NONE', *, *, #2973, .T. ) ;
#4695 = VECTOR ( 'NONE', #19, 39.37007874015748900 ) ;
#4696 = EDGE_LOOP ( 'NONE', ( #5369, #4078, #2687, #149 ) ) ;
#4697 = ORIENTED_EDGE ( 'NONE', *, *, #3923, .T. ) ;
#4698 = PLANE ( 'NONE',  #3764 ) ;
#4699 = VERTEX_POINT ( 'NONE', #2308 ) ;
#4700 = FACE_OUTER_BOUND ( 'NONE', #3627, .T. ) ;
#4701 = PLANE ( 'NONE',  #9712 ) ;
#4702 = ORIENTED_EDGE ( 'NONE', *, *, #8081, .T. ) ;
#4703 = SURFACE_SIDE_STYLE ('',( #2821 ) ) ;
#4704 = ORIENTED_EDGE ( 'NONE', *, *, #3820, .F. ) ;
#4705 = EDGE_LOOP ( 'NONE', ( #7866, #3738, #7271, #8266 ) ) ;
#4706 = EDGE_CURVE ( 'NONE', #6221, #8175, #1269, .T. ) ;
#4707 = VECTOR ( 'NONE', #3915, 39.37007874015748100 ) ;
#4708 = CARTESIAN_POINT ( 'NONE',  ( 0.2018897637795223900, 0.5591058788142253500, -0.3271259842519683200 ) ) ;
#4709 = ORIENTED_EDGE ( 'NONE', *, *, #6484, .T. ) ;
#4710 = CARTESIAN_POINT ( 'NONE',  ( 0.3099217144102479100, 0.6721259842519686800, -0.3231889763779526900 ) ) ;
#4711 = EDGE_CURVE ( 'NONE', #7551, #4413, #2972, .T. ) ;
#4712 = DIRECTION ( 'NONE',  ( 0.0000000000000000000, 0.0000000000000000000, -1.000000000000000000 ) ) ;
#4713 = FACE_OUTER_BOUND ( 'NONE', #4460, .T. ) ;
#4714 = ORIENTED_EDGE ( 'NONE', *, *, #1305, .F. ) ;
#4715 = VECTOR ( 'NONE', #1560, 39.37007874015748100 ) ;
#4716 = CARTESIAN_POINT ( 'NONE',  ( -0.08267716535433165800, 0.2764566929133847100, 0.3231889763779511900 ) ) ;
#4717 = DIRECTION ( 'NONE',  ( 0.0000000000000000000, 1.000000000000000000, 0.0000000000000000000 ) ) ;
#4718 = DIRECTION ( 'NONE',  ( 3.454814795174053200E-015, 1.000000000000000000, -0.0000000000000000000 ) ) ;
#4719 = EDGE_CURVE ( 'NONE', #6203, #7288, #7707, .T. ) ;
#4720 = ORIENTED_EDGE ( 'NONE', *, *, #2967, .T. ) ;
#4721 = ADVANCED_FACE ( 'NONE', ( #2171 ), #6039, .F. ) ;
#4722 = VECTOR ( 'NONE', #872, 39.37007874015748100 ) ;
#4723 = CARTESIAN_POINT ( 'NONE',  ( 0.1786080575173426600, 0.1786080575173447400, -0.3271259842519705400 ) ) ;
#4724 = ORIENTED_EDGE ( 'NONE', *, *, #7240, .T. ) ;
#4725 = CARTESIAN_POINT ( 'NONE',  ( 0.2362204724409427400, 0.6307874015748031700, -0.01771653543307089700 ) ) ;
#4726 = LINE ( 'NONE', #7919, #7217 ) ;
#4727 = CARTESIAN_POINT ( 'NONE',  ( 0.01699999999999998400, 0.009842519685039430700, -0.1740000000000004900 ) ) ;
#4728 = ORIENTED_EDGE ( 'NONE', *, *, #7333, .F. ) ;
#4729 = VECTOR ( 'NONE', #5201, 39.37007874015748100 ) ;
#4730 = DIRECTION ( 'NONE',  ( -1.000000000000000000, 0.0000000000000000000, 0.0000000000000000000 ) ) ;
#4731 = DIRECTION ( 'NONE',  ( -3.400677691960634400E-015, 1.000000000000000000, 4.004738936455458800E-046 ) ) ;
#4732 =( GEOMETRIC_REPRESENTATION_CONTEXT ( 3 ) GLOBAL_UNCERTAINTY_ASSIGNED_CONTEXT ( ( #5224 ) ) GLOBAL_UNIT_ASSIGNED_CONTEXT ( ( #7408, #4947, #5747 ) ) REPRESENTATION_CONTEXT ( 'NONE', 'WORKASPACE' ) );
#4733 = EDGE_CURVE ( 'NONE', #7802, #4484, #2402, .T. ) ;
#4734 = ORIENTED_EDGE ( 'NONE', *, *, #2961, .T. ) ;
#4735 = VECTOR ( 'NONE', #4286, 39.37007874015748100 ) ;
#4736 = ORIENTED_EDGE ( 'NONE', *, *, #5704, .T. ) ;
#4737 = DIRECTION ( 'NONE',  ( 0.0000000000000000000, 0.0000000000000000000, 1.000000000000000000 ) ) ;
#4738 = CARTESIAN_POINT ( 'NONE',  ( 0.3089317662326984100, 0.6659791801295473800, -0.3271259842519684800 ) ) ;
#4739 = ORIENTED_EDGE ( 'NONE', *, *, #1730, .F. ) ;
#4740 = AXIS2_PLACEMENT_3D ( 'NONE', #5045, #4280, #9590 ) ;
#4741 = ORIENTED_EDGE ( 'NONE', *, *, #5718, .T. ) ;
#4742 = DIRECTION ( 'NONE',  ( 0.0000000000000000000, 1.000000000000000000, 0.0000000000000000000 ) ) ;
#4743 = LINE ( 'NONE', #2515, #2756 ) ;
#4744 = CARTESIAN_POINT ( 'NONE',  ( 0.2250000000000003700, -0.1099999999999992400, 0.06799999999999951900 ) ) ;
#4745 = EDGE_CURVE ( 'NONE', #7548, #1280, #2735, .T. ) ;
#4746 = CARTESIAN_POINT ( 'NONE',  ( -0.3121259842519705200, 1.171514595470506600E-015, 0.1453149606299177800 ) ) ;
#4747 = DIRECTION ( 'NONE',  ( 0.0000000000000000000, -1.000000000000000000, 0.0000000000000000000 ) ) ;
#4748 = FACE_OUTER_BOUND ( 'NONE', #2228, .T. ) ;
#4749 = DIRECTION ( 'NONE',  ( -3.400677691960634400E-015, 1.000000000000000000, -2.087764443346746700E-016 ) ) ;
#4750 = DIRECTION ( 'NONE',  ( 3.400677691960634400E-015, -1.000000000000000000, 5.137242217450112900E-048 ) ) ;
#4751 = DIRECTION ( 'NONE',  ( -1.000000000000000000, 3.454814795174053600E-015, 0.0000000000000000000 ) ) ;
#4752 = AXIS2_PLACEMENT_3D ( 'NONE', #9521, #6510, #2094 ) ;
#4753 = EDGE_CURVE ( 'NONE', #702, #4200, #8535, .T. ) ;
#4754 = DIRECTION ( 'NONE',  ( -1.000000000000000000, -3.400677691960634000E-015, 0.0000000000000000000 ) ) ;
#4755 = DIRECTION ( 'NONE',  ( 0.0000000000000000000, 0.0000000000000000000, -1.000000000000000000 ) ) ;
#4756 = ADVANCED_FACE ( 'NONE', ( #3330 ), #4638, .T. ) ;
#4757 = CARTESIAN_POINT ( 'NONE',  ( 0.3121259842519707500, 1.066936039463046500E-015, -0.04759842519685388700 ) ) ;
#4758 = CARTESIAN_POINT ( 'NONE',  ( -0.3121259842519705800, 0.009842519685038320400, 0.3072834645669275700 ) ) ;
#4759 = DIRECTION ( 'NONE',  ( -1.000000000000000000, 3.454814795174053600E-015, -0.0000000000000000000 ) ) ;
#4760 = DIRECTION ( 'NONE',  ( 1.000000000000000000, 0.0000000000000000000, -5.102127870519943100E-016 ) ) ;
#4761 = AXIS2_PLACEMENT_3D ( 'NONE', #2892, #2199, #700 ) ;
#4762 = AXIS2_PLACEMENT_3D ( 'NONE', #4986, #7325, #2793 ) ;
#4763 = VECTOR ( 'NONE', #307, 39.37007874015748100 ) ;
#4764 = EDGE_CURVE ( 'NONE', #963, #4674, #6975, .T. ) ;
#4765 = LINE ( 'NONE', #2047, #352 ) ;
#4766 = DIRECTION ( 'NONE',  ( 0.0000000000000000000, 0.0000000000000000000, 1.000000000000000000 ) ) ;
#4767 = CARTESIAN_POINT ( 'NONE',  ( -0.3200000000000020600, 0.06299212598425307800, 0.2890157480314925500 ) ) ;
#4768 = VERTEX_POINT ( 'NONE', #2398 ) ;
#4769 = VERTEX_POINT ( 'NONE', #7676 ) ;
#4770 = CARTESIAN_POINT ( 'NONE',  ( -0.3145144169278245600, 0.6671149738966095600, 0.3331633977070631000 ) ) ;
#4771 = EDGE_CURVE ( 'NONE', #5739, #165, #3441, .T. ) ;
#4772 = CYLINDRICAL_SURFACE ( 'NONE', #6098, 0.003937007874015724600 ) ;
#4773 = DIRECTION ( 'NONE',  ( 1.000000000000000000, 3.400677691960634000E-015, 0.0000000000000000000 ) ) ;
#4774 = VECTOR ( 'NONE', #5731, 39.37007874015748100 ) ;
#4775 = CARTESIAN_POINT ( 'NONE',  ( 0.3114119681968002300, 0.6680505540678224300, 0.3258069979148149900 ) ) ;
#4776 = EDGE_CURVE ( 'NONE', #2577, #6559, #4486, .T. ) ;
#4777 = ORIENTED_EDGE ( 'NONE', *, *, #6868, .F. ) ;
#4778 = CARTESIAN_POINT ( 'NONE',  ( 0.0000000000000000000, 1.502516396515344700E-015, 0.3271259842519704300 ) ) ;
#4779 = LINE ( 'NONE', #4275, #8472 ) ;
#4780 = CARTESIAN_POINT ( 'NONE',  ( -0.03299999999999957100, -0.1250000000000001100, -0.2740000000000004700 ) ) ;
#4781 = ORIENTED_EDGE ( 'NONE', *, *, #5587, .F. ) ;
#4782 = ORIENTED_EDGE ( 'NONE', *, *, #1977, .F. ) ;
#4783 = ORIENTED_EDGE ( 'NONE', *, *, #945, .T. ) ;
#4784 = VERTEX_POINT ( 'NONE', #5400 ) ;
#4785 = CARTESIAN_POINT ( 'NONE',  ( 0.06700000000000057300, -0.1603553390593272000, -0.2740000000000004700 ) ) ;
#4786 = AXIS2_PLACEMENT_3D ( 'NONE', #2186, #8182, #723 ) ;
#4787 = VECTOR ( 'NONE', #6020, 39.37007874015748100 ) ;
#4788 = ORIENTED_EDGE ( 'NONE', *, *, #5912, .F. ) ;
#4789 = VECTOR ( 'NONE', #7098, 39.37007874015748100 ) ;
#4790 = ORIENTED_EDGE ( 'NONE', *, *, #6651, .T. ) ;
#4791 = VECTOR ( 'NONE', #9597, 39.37007874015748100 ) ;
#4792 = DIRECTION ( 'NONE',  ( 0.0000000000000000000, -1.000000000000000000, 2.087764443346751700E-016 ) ) ;
#4793 = CARTESIAN_POINT ( 'NONE',  ( -0.2228081619892131900, 0.5249121648799671700, 0.005905511811023646300 ) ) ;
#4794 = ORIENTED_EDGE ( 'NONE', *, *, #6928, .F. ) ;
#4795 = VERTEX_POINT ( 'NONE', #9169 ) ;
#4796 = VERTEX_POINT ( 'NONE', #192 ) ;
#4797 = LINE ( 'NONE', #9241, #4450 ) ;
#4798 = DIRECTION ( 'NONE',  ( 1.000000000000000000, -0.0000000000000000000, -0.0000000000000000000 ) ) ;
#4799 = ORIENTED_EDGE ( 'NONE', *, *, #7765, .F. ) ;
#4800 = ORIENTED_EDGE ( 'NONE', *, *, #2399, .T. ) ;
#4801 = FACE_OUTER_BOUND ( 'NONE', #719, .T. ) ;
#4802 = ORIENTED_EDGE ( 'NONE', *, *, #1112, .F. ) ;
#4803 = LINE ( 'NONE', #226, #1346 ) ;
#4804 = ADVANCED_FACE ( 'NONE', ( #196 ), #1025, .F. ) ;
#4805 = ORIENTED_EDGE ( 'NONE', *, *, #1545, .T. ) ;
#4806 = DIRECTION ( 'NONE',  ( 1.000000000000000000, 3.468166398206581500E-015, 0.0000000000000000000 ) ) ;
#4807 = LINE ( 'NONE', #1086, #2828 ) ;
#4808 = VERTEX_POINT ( 'NONE', #8329 ) ;
#4809 = ORIENTED_EDGE ( 'NONE', *, *, #1937, .F. ) ;
#4810 = FACE_OUTER_BOUND ( 'NONE', #6695, .T. ) ;
#4811 = VERTEX_POINT ( 'NONE', #5452 ) ;
#4812 = EDGE_CURVE ( 'NONE', #6919, #5144, #2514, .T. ) ;
#4813 = B_SPLINE_CURVE_WITH_KNOTS ( 'NONE', 1,
 ( #6226, #8511 ),
 .UNSPECIFIED., .F., .F.,
 ( 2, 2 ),
 ( 0.0000000000000000000, 1.000000000000000000 ),
 .UNSPECIFIED. ) ;
#4815 = EDGE_CURVE ( 'NONE', #3724, #7281, #9362, .T. ) ;
#4814 = CARTESIAN_POINT ( 'NONE',  ( 0.3099217144102475200, 0.6721259842519689000, 0.3231889763779529600 ) ) ;
#4816 = FACE_OUTER_BOUND ( 'NONE', #2698, .T. ) ;
#4817 = DIRECTION ( 'NONE',  ( -1.000000000000000000, 0.0000000000000000000, -0.0000000000000000000 ) ) ;
#4818 = DIRECTION ( 'NONE',  ( -1.000000000000000000, 3.454814795174053600E-015, 0.0000000000000000000 ) ) ;
#4819 = VERTEX_POINT ( 'NONE', #7026 ) ;
#4820 = LINE ( 'NONE', #7228, #1817 ) ;
#4821 = PLANE ( 'NONE',  #7409 ) ;
#4822 = DIRECTION ( 'NONE',  ( 4.161908562736412700E-032, 1.204669080539449300E-017, 1.000000000000000000 ) ) ;
#4823 = AXIS2_PLACEMENT_3D ( 'NONE', #4858, #289, #4013 ) ;
#4824 = VERTEX_POINT ( 'NONE', #8519 ) ;
#4825 = VECTOR ( 'NONE', #168, 39.37007874015748100 ) ;
#4826 = DIRECTION ( 'NONE',  ( -1.000000000000000000, -3.454814795174078500E-015, 3.717264591378872800E-015 ) ) ;
#4827 = ORIENTED_EDGE ( 'NONE', *, *, #228, .T. ) ;
#4829 = DIRECTION ( 'NONE',  ( 3.454814795174053200E-015, 1.000000000000000000, -3.348887019260232700E-015 ) ) ;
#4828 = FACE_OUTER_BOUND ( 'NONE', #4589, .T. ) ;
#4830 = DIRECTION ( 'NONE',  ( 3.454814795174053600E-015, 1.000000000000000000, -1.204669080539449300E-017 ) ) ;
#4831 = ORIENTED_EDGE ( 'NONE', *, *, #6660, .T. ) ;
#4832 = VECTOR ( 'NONE', #9150, 39.37007874015748100 ) ;
#4833 = EDGE_CURVE ( 'NONE', #5132, #4699, #4177, .T. ) ;
#4834 = VERTEX_POINT ( 'NONE', #4028 ) ;
#4835 = CARTESIAN_POINT ( 'NONE',  ( -1.248692419008931900, -4.234364390179608300E-015, -0.3133464566929130000 ) ) ;
#4836 = CIRCLE ( 'NONE', #8881, 0.007874015748031497700 ) ;
#4837 = CARTESIAN_POINT ( 'NONE',  ( 0.3102974565612454100, 0.6671149738966100100, 0.3265137834876555300 ) ) ;
#4838 = EDGE_CURVE ( 'NONE', #1997, #8682, #8659, .T. ) ;
#4839 = ORIENTED_EDGE ( 'NONE', *, *, #7163, .F. ) ;
#4841 = FACE_OUTER_BOUND ( 'NONE', #1461, .T. ) ;
#4840 = CARTESIAN_POINT ( 'NONE',  ( 0.3121259842519711300, -0.1256299212598414600, -0.06531496062992479800 ) ) ;
#4842 = VERTEX_POINT ( 'NONE', #2159 ) ;
#4843 = VECTOR ( 'NONE', #5171, 39.37007874015748100 ) ;
#4844 = ORIENTED_EDGE ( 'NONE', *, *, #4905, .T. ) ;
#4845 = DIRECTION ( 'NONE',  ( 1.000000000000000000, -3.454814795174053200E-015, 0.0000000000000000000 ) ) ;
#4846 = ORIENTED_EDGE ( 'NONE', *, *, #4050, .T. ) ;
#4847 = LINE ( 'NONE', #3485, #3795 ) ;
#4848 = DIRECTION ( 'NONE',  ( -0.0000000000000000000, -1.000000000000000000, -0.0000000000000000000 ) ) ;
#4849 = DIRECTION ( 'NONE',  ( -0.7071067811865438000, -0.7071067811865512400, 1.476272395410644900E-016 ) ) ;
#4850 = PLANE ( 'NONE',  #4154 ) ;
#4851 = DIRECTION ( 'NONE',  ( 0.0000000000000000000, 1.000000000000000000, 0.0000000000000000000 ) ) ;
#4852 = PRESENTATION_LAYER_ASSIGNMENT (  '', '', ( #364 ) ) ;
#4853 = CARTESIAN_POINT ( 'NONE',  ( 0.3189392411772614700, 0.6752951442791669300, 0.3219122744137258900 ) ) ;
#4854 = ADVANCED_FACE ( 'NONE', ( #6490 ), #8926, .F. ) ;
#4855 = CARTESIAN_POINT ( 'NONE',  ( 0.3200000000000000100, 0.6727409429929012100, 0.3222763607591326900 ) ) ;
#4856 = LINE ( 'NONE', #2494, #5815 ) ;
#4857 = DIRECTION ( 'NONE',  ( 0.0000000000000000000, -1.000000000000000000, 0.0000000000000000000 ) ) ;
#4858 = CARTESIAN_POINT ( 'NONE',  ( -0.3081889763779537300, 0.06299212598425295300, 0.3231889763779529600 ) ) ;
#4859 = DIRECTION ( 'NONE',  ( 1.037459247268930300E-014, 1.000000000000000000, 6.909629590348105700E-015 ) ) ;
#4860 = FACE_OUTER_BOUND ( 'NONE', #7993, .T. ) ;
#4861 = ORIENTED_EDGE ( 'NONE', *, *, #2546, .F. ) ;
#4862 = EDGE_CURVE ( 'NONE', #1777, #7702, #914, .T. ) ;
#4863 = DIRECTION ( 'NONE',  ( -0.0000000000000000000, -0.0000000000000000000, 1.000000000000000000 ) ) ;
#4864 = CARTESIAN_POINT ( 'NONE',  ( -3.414809992080329000E-017, 0.009842519685039369900, 0.0000000000000000000 ) ) ;
#4865 = DIRECTION ( 'NONE',  ( 0.0000000000000000000, -1.000000000000000000, 0.0000000000000000000 ) ) ;
#4866 = B_SPLINE_CURVE_WITH_KNOTS ( 'NONE', 1,
 ( #545, #4193 ),
 .UNSPECIFIED., .F., .F.,
 ( 2, 2 ),
 ( 0.0000000000000000000, 1.000000000000000000 ),
 .UNSPECIFIED. ) ;
#4867 = CARTESIAN_POINT ( 'NONE',  ( -0.3121259842519696900, 0.6699217144102476200, -0.3231889763779527400 ) ) ;
#4868 = DIRECTION ( 'NONE',  ( -3.400677691960634400E-015, 1.000000000000000000, -2.087764443346746700E-016 ) ) ;
#4869 = PLANE ( 'NONE',  #8863 ) ;
#4870 = AXIS2_PLACEMENT_3D ( 'NONE', #1393, #3631, #3595 ) ;
#4871 = CARTESIAN_POINT ( 'NONE',  ( -0.08267716535433165800, 0.2764566929133847100, 0.3231889763779511900 ) ) ;
#4872 = ORIENTED_EDGE ( 'NONE', *, *, #1922, .T. ) ;
#4873 = EDGE_CURVE ( 'NONE', #7426, #8307, #6139, .T. ) ;
#4874 = DIRECTION ( 'NONE',  ( 0.0000000000000000000, 0.0000000000000000000, 1.000000000000000000 ) ) ;
#4875 = EDGE_CURVE ( 'NONE', #7194, #4808, #7947, .T. ) ;
#4876 = LINE ( 'NONE', #6303, #2560 ) ;
#4877 = CARTESIAN_POINT ( 'NONE',  ( -0.3121259842519705800, 0.009842519685031900200, 0.2561023622047227700 ) ) ;
#4878 = EDGE_LOOP ( 'NONE', ( #8025, #3146, #4101, #3850 ) ) ;
#4879 = FACE_OUTER_BOUND ( 'NONE', #7820, .T. ) ;
#4880 = DIRECTION ( 'NONE',  ( 1.000000000000000000, -3.454814795174053200E-015, 0.0000000000000000000 ) ) ;
#4881 = PLANE ( 'NONE',  #5920 ) ;
#4882 = EDGE_LOOP ( 'NONE', ( #7293, #4326, #8581, #3129, #177, #1527 ) ) ;
#4883 = EDGE_CURVE ( 'NONE', #1561, #4796, #4247, .T. ) ;
#4884 = CARTESIAN_POINT ( 'NONE',  ( -0.2052389610770356000, 0.6245520545984129000, 0.06102362204724408300 ) ) ;
#4885 = AXIS2_PLACEMENT_3D ( 'NONE', #3661, #5833, #6641 ) ;
#4886 = VECTOR ( 'NONE', #576, 39.37007874015748100 ) ;
#4887 = ORIENTED_EDGE ( 'NONE', *, *, #7576, .F. ) ;
#4888 = CARTESIAN_POINT ( 'NONE',  ( 0.3121259842519685800, 0.6701574803149607000, 0.3230102407095410400 ) ) ;
#4889 = ORIENTED_EDGE ( 'NONE', *, *, #2385, .F. ) ;
#4890 = ORIENTED_EDGE ( 'NONE', *, *, #5854, .T. ) ;
#4891 = ORIENTED_EDGE ( 'NONE', *, *, #4838, .F. ) ;
#4892 = CARTESIAN_POINT ( 'NONE',  ( -0.3200000000000026700, -0.1256299212598414300, -0.06531496062992479800 ) ) ;
#4893 = CYLINDRICAL_SURFACE ( 'NONE', #417, 0.01181102362204724000 ) ;
#4894 = ADVANCED_FACE ( 'NONE', ( #5793 ), #4365, .T. ) ;
#4895 = ORIENTED_EDGE ( 'NONE', *, *, #4404, .T. ) ;
#4896 = DIRECTION ( 'NONE',  ( 0.0000000000000000000, 0.0000000000000000000, 1.000000000000000000 ) ) ;
#4897 = CARTESIAN_POINT ( 'NONE',  ( 0.3121259842519705800, 0.03937007874015638300, 0.1630314960629886100 ) ) ;
#4898 = VERTEX_POINT ( 'NONE', #5346 ) ;
#4899 = VECTOR ( 'NONE', #7320, 39.37007874015748100 ) ;
#4900 = ORIENTED_EDGE ( 'NONE', *, *, #9701, .F. ) ;
#4901 = AXIS2_PLACEMENT_3D ( 'NONE', #8542, #9185, #1740 ) ;
#4902 = EDGE_LOOP ( 'NONE', ( #606, #8754, #5080, #8137 ) ) ;
#4903 = ORIENTED_EDGE ( 'NONE', *, *, #5284, .F. ) ;
#4904 = ORIENTED_EDGE ( 'NONE', *, *, #7708, .F. ) ;
#4905 = EDGE_CURVE ( 'NONE', #5570, #7924, #6133, .T. ) ;
#4906 = DIRECTION ( 'NONE',  ( 0.0000000000000000000, 0.0000000000000000000, -1.000000000000000000 ) ) ;
#4907 = VECTOR ( 'NONE', #6504, 39.37007874015748100 ) ;
#4908 = ORIENTED_EDGE ( 'NONE', *, *, #7716, .F. ) ;
#4909 = FACE_OUTER_BOUND ( 'NONE', #7900, .T. ) ;
#4910 = DIRECTION ( 'NONE',  ( -1.000000000000000000, 0.0000000000000000000, 0.0000000000000000000 ) ) ;
#4911 = EDGE_LOOP ( 'NONE', ( #77, #7130, #711, #7929 ) ) ;
#4912 = MANIFOLD_SOLID_BREP ( 'Boss-Extrude3[1]', #1789 ) ;
#4913 = VECTOR ( 'NONE', #8804, 39.37007874015748100 ) ;
#4914 = ADVANCED_FACE ( 'NONE', ( #1712 ), #7856, .F. ) ;
#4915 = CARTESIAN_POINT ( 'NONE',  ( -0.3121259842519711300, -0.1256299212598414600, -0.1046850393700783100 ) ) ;
#4916 = CARTESIAN_POINT ( 'NONE',  ( -0.3081889763779472900, 0.6654050914126514700, 0.3350000000000005800 ) ) ;
#4917 = AXIS2_PLACEMENT_3D ( 'NONE', #3012, #739, #7486 ) ;
#4918 = EDGE_CURVE ( 'NONE', #3399, #2734, #1142, .T. ) ;
#4919 = ORIENTED_EDGE ( 'NONE', *, *, #1963, .T. ) ;
#4920 = ORIENTED_EDGE ( 'NONE', *, *, #1318, .T. ) ;
#4921 = ORIENTED_EDGE ( 'NONE', *, *, #8818, .F. ) ;
#4922 = LINE ( 'NONE', #4469, #1582 ) ;
#4923 = DIRECTION ( 'NONE',  ( 3.454814795174053600E-015, 1.000000000000000000, 0.0000000000000000000 ) ) ;
#4924 = ORIENTED_EDGE ( 'NONE', *, *, #1861, .F. ) ;
#4925 = ORIENTED_EDGE ( 'NONE', *, *, #4706, .T. ) ;
#4926 = FACE_OUTER_BOUND ( 'NONE', #4558, .T. ) ;
#4927 = DIRECTION ( 'NONE',  ( 0.0000000000000000000, -1.000000000000000000, 0.0000000000000000000 ) ) ;
#4928 = VERTEX_POINT ( 'NONE', #5319 ) ;
#4929 = DIRECTION ( 'NONE',  ( -7.212839487712661500E-031, -2.087764443346746500E-016, -1.000000000000000000 ) ) ;
#4930 = VECTOR ( 'NONE', #1863, 39.37007874015748100 ) ;
#4931 = EDGE_CURVE ( 'NONE', #8977, #3978, #3322, .T. ) ;
#4932 = ORIENTED_EDGE ( 'NONE', *, *, #2522, .T. ) ;
#4933 = ORIENTED_EDGE ( 'NONE', *, *, #8401, .T. ) ;
#4934 = ORIENTED_EDGE ( 'NONE', *, *, #7112, .F. ) ;
#4935 = LINE ( 'NONE', #9629, #4597 ) ;
#4936 = AXIS2_PLACEMENT_3D ( 'NONE', #3948, #8471, #5376 ) ;
#4937 = CARTESIAN_POINT ( 'NONE',  ( 0.1255055738910761700, 0.2764566929133853700, 0.1689370078740165000 ) ) ;
#4938 = CARTESIAN_POINT ( 'NONE',  ( -1.248692419008932400, 0.07874015748031175400, -0.3133464566929130000 ) ) ;
#4939 = CARTESIAN_POINT ( 'NONE',  ( -0.08267716535433287900, 0.6307874015748022900, 0.2399521717798882300 ) ) ;
#4940 = AXIS2_PLACEMENT_3D ( 'NONE', #9006, #5221, #1520 ) ;
#4941 = LINE ( 'NONE', #6151, #2845 ) ;
#4942 = EDGE_CURVE ( 'NONE', #5006, #3215, #7455, .T. ) ;
#4943 = ORIENTED_EDGE ( 'NONE', *, *, #8074, .T. ) ;
#4944 = FACE_OUTER_BOUND ( 'NONE', #6672, .T. ) ;
#4945 = B_SPLINE_CURVE_WITH_KNOTS ( 'NONE', 3,
 ( #1948, #2702, #8677, #7960 ),
 .UNSPECIFIED., .F., .F.,
 ( 4, 4 ),
 ( 0.0000000000000000000, 1.000000000000000000 ),
 .UNSPECIFIED. ) ;
#4946 = CARTESIAN_POINT ( 'NONE',  ( 0.2696850393700786500, 0.6799999999999999400, -0.03582677165354333100 ) ) ;
#4947 =( NAMED_UNIT ( * ) PLANE_ANGLE_UNIT ( ) SI_UNIT ( $, .RADIAN. ) );
#4948 = ORIENTED_EDGE ( 'NONE', *, *, #5480, .F. ) ;
#4949 = CIRCLE ( 'NONE', #6498, 0.007874015748031449100 ) ;
#4950 = DIRECTION ( 'NONE',  ( 1.000000000000000000, 3.414809992080327900E-015, 1.313717310304516000E-046 ) ) ;
#4951 = COLOUR_RGB ( '',0.2509803921568627400, 0.2509803921568627400, 0.2509803921568627400 ) ;
#4952 = ADVANCED_FACE ( 'NONE', ( #76 ), #1368, .F. ) ;
#4953 = VERTEX_POINT ( 'NONE', #3722 ) ;
#4954 = VECTOR ( 'NONE', #4623, 39.37007874015748100 ) ;
#4955 =( GEOMETRIC_REPRESENTATION_CONTEXT ( 3 ) GLOBAL_UNCERTAINTY_ASSIGNED_CONTEXT ( ( #2471 ) ) GLOBAL_UNIT_ASSIGNED_CONTEXT ( ( #2382, #7647, #3117 ) ) REPRESENTATION_CONTEXT ( 'NONE', 'WORKASPACE' ) );
#4956 = ORIENTED_EDGE ( 'NONE', *, *, #2298, .F. ) ;
#4957 = LINE ( 'NONE', #4511, #5914 ) ;
#4958 = DIRECTION ( 'NONE',  ( 1.000000000000000000, -3.454814795174053600E-015, 0.0000000000000000000 ) ) ;
#4959 = CARTESIAN_POINT ( 'NONE',  ( 0.3121259842519704700, 0.07874015748031708300, -0.3133464566929130000 ) ) ;
#4960 = DIRECTION ( 'NONE',  ( -0.1736481776669270600, 0.9848077530122085800, 0.0000000000000000000 ) ) ;
#4961 = EDGE_CURVE ( 'NONE', #8997, #1439, #9582, .T. ) ;
#4962 = VERTEX_POINT ( 'NONE', #2766 ) ;
#4963 = DIRECTION ( 'NONE',  ( 0.0000000000000000000, -0.0000000000000000000, -1.000000000000000000 ) ) ;
#4964 = VECTOR ( 'NONE', #2884, 39.37007874015748100 ) ;
#4965 = DIMENSIONAL_EXPONENTS ( 1.000000000000000000, 0.0000000000000000000, 0.0000000000000000000, 0.0000000000000000000, 0.0000000000000000000, 0.0000000000000000000, 0.0000000000000000000 ) ;
#4966 = CARTESIAN_POINT ( 'NONE',  ( 0.1670000000000004500, -0.1249999999999994300, -0.2900000000000004800 ) ) ;
#4967 = DIRECTION ( 'NONE',  ( -1.000000000000000000, 0.0000000000000000000, 0.0000000000000000000 ) ) ;
#4968 = EDGE_CURVE ( 'NONE', #5694, #2466, #6364, .T. ) ;
#4969 = CARTESIAN_POINT ( 'NONE',  ( 0.2362204724409427400, 0.6307874015748031700, 0.1689370078740163900 ) ) ;
#4970 = CARTESIAN_POINT ( 'NONE',  ( 0.3200000000000020100, 0.05511811023621931300, -0.05645669291338934600 ) ) ;
#4971 = CARTESIAN_POINT ( 'NONE',  ( 0.03300000000000046000, -0.1249999999999999000, -0.1900000000000004700 ) ) ;
#4972 = EDGE_CURVE ( 'NONE', #7655, #8694, #7337, .T. ) ;
#4973 = VERTEX_POINT ( 'NONE', #948 ) ;
#4974 = EDGE_CURVE ( 'NONE', #2909, #7376, #4364, .T. ) ;
#4975 = VECTOR ( 'NONE', #2811, 39.37007874015748100 ) ;
#4976 = CARTESIAN_POINT ( 'NONE',  ( -1.248692419008932100, 0.02165354330708238500, 0.3133464566929117800 ) ) ;
#4977 = DIRECTION ( 'NONE',  ( -3.400677691960634000E-015, 1.000000000000000000, -0.0000000000000000000 ) ) ;
#4978 = DIRECTION ( 'NONE',  ( -0.0000000000000000000, -0.0000000000000000000, -1.000000000000000000 ) ) ;
#4979 = DIRECTION ( 'NONE',  ( 0.9848077530122085800, -0.1736481776669271400, 0.0000000000000000000 ) ) ;
#4980 = VECTOR ( 'NONE', #6228, 39.37007874015748100 ) ;
#4981 = CARTESIAN_POINT ( 'NONE',  ( 0.08267716535432978500, 0.2764566929133853700, 0.3231889763779511900 ) ) ;
#4982 = CARTESIAN_POINT ( 'NONE',  ( 0.1365000000000000400, 0.009842519685039831400, 0.2174999999999995500 ) ) ;
#4983 = PLANE ( 'NONE',  #1866 ) ;
#4984 = CARTESIAN_POINT ( 'NONE',  ( -3.414809992080329000E-017, 0.009842519685039369900, 0.0000000000000000000 ) ) ;
#4985 = CARTESIAN_POINT ( 'NONE',  ( -0.08299999999999944900, -0.1603553390593277000, -0.1900000000000004700 ) ) ;
#4986 = CARTESIAN_POINT ( 'NONE',  ( -0.2249999999999995300, -0.1250000000000007800, 0.06799999999999951900 ) ) ;
#4987 = CARTESIAN_POINT ( 'NONE',  ( -1.248692419008931200, -0.1250000000000042500, 0.2561023622047228800 ) ) ;
#4988 = AXIS2_PLACEMENT_3D ( 'NONE', #5964, #1514, #2985 ) ;
#4989 = EDGE_CURVE ( 'NONE', #5792, #644, #7937, .T. ) ;
#4990 = CARTESIAN_POINT ( 'NONE',  ( -0.2573001884328042200, 0.6799999999999999400, 0.2818503937007870700 ) ) ;
#4991 = DIRECTION ( 'NONE',  ( 0.0000000000000000000, 1.000000000000000000, 0.0000000000000000000 ) ) ;
#4992 = EDGE_CURVE ( 'NONE', #5078, #4308, #3563, .T. ) ;
#4993 = ADVANCED_FACE ( 'NONE', ( #3898 ), #2343, .T. ) ;
#4994 = DIRECTION ( 'NONE',  ( -7.099813968557893200E-031, 2.087764443346746500E-016, 1.000000000000000000 ) ) ;
#4995 = DIRECTION ( 'NONE',  ( 1.000000000000000000, 3.400677691960634400E-015, 7.973235776786924300E-016 ) ) ;
#4996 = CIRCLE ( 'NONE', #5085, 0.003937007874015758400 ) ;
#4997 = B_SPLINE_CURVE_WITH_KNOTS ( 'NONE', 3,
 ( #9280, #5412, #3137, #296 ),
 .UNSPECIFIED., .F., .F.,
 ( 4, 4 ),
 ( 0.0000000000000000000, 1.000000000000000000 ),
 .UNSPECIFIED. ) ;
#4998 = CARTESIAN_POINT ( 'NONE',  ( 0.3121259842519705200, 0.05511811023622149900, -0.06531496062992475600 ) ) ;
#4999 = AXIS2_PLACEMENT_3D ( 'NONE', #1337, #2162, #7414 ) ;
#5000 = CARTESIAN_POINT ( 'NONE',  ( -0.3121259842519704100, 0.03937007874015854100, 0.0000000000000000000 ) ) ;
#5001 = AXIS2_PLACEMENT_3D ( 'NONE', #459, #440, #5660 ) ;
#5002 = VECTOR ( 'NONE', #7965, 39.37007874015748100 ) ;
#5003 = DIRECTION ( 'NONE',  ( 1.000000000000000000, 0.0000000000000000000, 0.0000000000000000000 ) ) ;
#5004 = VERTEX_POINT ( 'NONE', #7620 ) ;
#5005 = ADVANCED_FACE ( 'NONE', ( #8297 ), #2454, .F. ) ;
#5006 = VERTEX_POINT ( 'NONE', #2414 ) ;
#5007 = DIRECTION ( 'NONE',  ( 0.0000000000000000000, 8.199511390123964100E-046, -1.000000000000000000 ) ) ;
#5008 = LINE ( 'NONE', #6155, #6543 ) ;
#5009 = VECTOR ( 'NONE', #7154, 39.37007874015748100 ) ;
#5010 = ORIENTED_EDGE ( 'NONE', *, *, #6190, .F. ) ;
#5011 = EDGE_CURVE ( 'NONE', #9687, #1463, #9462, .T. ) ;
#5012 = CARTESIAN_POINT ( 'NONE',  ( -0.3071149738966091900, 0.6745144169278311000, 0.3331633977070586600 ) ) ;
#5013 = DIRECTION ( 'NONE',  ( -1.000000000000000000, 3.454814795174053600E-015, -0.0000000000000000000 ) ) ;
#5014 = DIRECTION ( 'NONE',  ( -1.000000000000000000, -3.400677691960634400E-015, -1.751623080406021300E-046 ) ) ;
#5015 = ORIENTED_EDGE ( 'NONE', *, *, #8356, .T. ) ;
#5016 = ORIENTED_EDGE ( 'NONE', *, *, #4873, .T. ) ;
#5017 = ORIENTED_EDGE ( 'NONE', *, *, #68, .T. ) ;
#5018 = ORIENTED_EDGE ( 'NONE', *, *, #7128, .T. ) ;
#5019 = EDGE_CURVE ( 'NONE', #7665, #7152, #9112, .T. ) ;
#5020 = CYLINDRICAL_SURFACE ( 'NONE', #1397, 0.007874015748031516800 ) ;
#5021 = DIRECTION ( 'NONE',  ( 1.000000000000000000, 0.0000000000000000000, 0.0000000000000000000 ) ) ;
#5022 = ORIENTED_EDGE ( 'NONE', *, *, #6981, .T. ) ;
#5023 = FACE_OUTER_BOUND ( 'NONE', #8969, .T. ) ;
#5024 = EDGE_CURVE ( 'NONE', #4811, #5025, #2160, .T. ) ;
#5025 = VERTEX_POINT ( 'NONE', #4652 ) ;
#5026 = FACE_OUTER_BOUND ( 'NONE', #2796, .T. ) ;
#5027 = CARTESIAN_POINT ( 'NONE',  ( 0.3200000000000011200, 0.6689748484444497700, -0.3271959195966548900 ) ) ;
#5028 = CARTESIAN_POINT ( 'NONE',  ( 0.2018897637795229700, 0.5591058788142251300, 0.3271259842519674300 ) ) ;
#5029 = ORIENTED_EDGE ( 'NONE', *, *, #5934, .F. ) ;
#5030 = CARTESIAN_POINT ( 'NONE',  ( -0.1799999999999995800, -0.1250000000000006400, 0.06799999999999953300 ) ) ;
#5031 = ORIENTED_EDGE ( 'NONE', *, *, #3947, .F. ) ;
#5032 = CARTESIAN_POINT ( 'NONE',  ( -0.3099217144102480200, 0.6800000000000003800, 0.3231889763779529600 ) ) ;
#5033 = FACE_OUTER_BOUND ( 'NONE', #2027, .T. ) ;
#5034 = VERTEX_POINT ( 'NONE', #6862 ) ;
#5035 = ORIENTED_EDGE ( 'NONE', *, *, #381, .F. ) ;
#5036 = LINE ( 'NONE', #3973, #3743 ) ;
#5037 = ORIENTED_EDGE ( 'NONE', *, *, #6394, .T. ) ;
#5038 = CYLINDRICAL_SURFACE ( 'NONE', #7046, 0.007874015748031499400 ) ;
#5039 = CARTESIAN_POINT ( 'NONE',  ( -0.2850000000000000300, 0.009842519685038422800, 0.06799999999999951900 ) ) ;
#5040 = EDGE_CURVE ( 'NONE', #4953, #2120, #7823, .T. ) ;
#5041 = ORIENTED_EDGE ( 'NONE', *, *, #4753, .F. ) ;
#5042 = CARTESIAN_POINT ( 'NONE',  ( -0.3121259842519704700, 0.05511811023622149900, 0.1453149606299177500 ) ) ;
#5043 = FACE_OUTER_BOUND ( 'NONE', #1246, .T. ) ;
#5044 = VERTEX_POINT ( 'NONE', #2283 ) ;
#5046 = ORIENTED_EDGE ( 'NONE', *, *, #3679, .T. ) ;
#5045 = CARTESIAN_POINT ( 'NONE',  ( 0.3101574803149606000, 0.6701574803149607000, 0.1791338582677164900 ) ) ;
#5047 = LINE ( 'NONE', #8983, #9668 ) ;
#5048 = ORIENTED_EDGE ( 'NONE', *, *, #7032, .T. ) ;
#5049 = CARTESIAN_POINT ( 'NONE',  ( -0.1669999999999994500, -0.1603553390593279700, -0.1900000000000004700 ) ) ;
#5050 = CARTESIAN_POINT ( 'NONE',  ( -0.1829999999999994700, -0.1603553390593280300, -0.1900000000000004700 ) ) ;
#5051 = CARTESIAN_POINT ( 'NONE',  ( 0.3121259842519704700, 0.07874015748031708300, -0.3133464566929130000 ) ) ;
#5052 = AXIS2_PLACEMENT_3D ( 'NONE', #8150, #8832, #6627 ) ;
#5053 = FACE_OUTER_BOUND ( 'NONE', #8990, .T. ) ;
#5054 = ADVANCED_FACE ( 'NONE', ( #8173 ), #4485, .F. ) ;
#5055 = EDGE_CURVE ( 'NONE', #5409, #8994, #5553, .T. ) ;
#5056 = CARTESIAN_POINT ( 'NONE',  ( 0.3147956584452604200, 0.6721259842519689000, -0.3293732138850198900 ) ) ;
#5057 = CARTESIAN_POINT ( 'NONE',  ( 0.3200000000000011200, 0.6689748484444497700, -0.3271959195966548900 ) ) ;
#5058 = DIRECTION ( 'NONE',  ( 3.400677691960634400E-015, -1.000000000000000000, 0.0000000000000000000 ) ) ;
#5059 = FACE_OUTER_BOUND ( 'NONE', #1054, .T. ) ;
#5060 = ORIENTED_EDGE ( 'NONE', *, *, #6958, .F. ) ;
#5062 = DIRECTION ( 'NONE',  ( 0.0000000000000000000, 0.0000000000000000000, 1.000000000000000000 ) ) ;
#5061 = LINE ( 'NONE', #7252, #7925 ) ;
#5063 = EDGE_LOOP ( 'NONE', ( #5147, #1494, #8984, #8384 ) ) ;
#5064 = CIRCLE ( 'NONE', #324, 0.007874015748031449100 ) ;
#5065 = ADVANCED_FACE ( 'NONE', ( #1936 ), #3114, .T. ) ;
#5066 = CARTESIAN_POINT ( 'NONE',  ( -0.3121259842519703000, 0.02362204724409552500, 0.1374409448818862700 ) ) ;
#5067 = ORIENTED_EDGE ( 'NONE', *, *, #8717, .T. ) ;
#5068 = VECTOR ( 'NONE', #7861, 39.37007874015748100 ) ;
#5069 = CARTESIAN_POINT ( 'NONE',  ( 0.3200994094488202600, 0.06299212598425085700, 0.2890157480314925500 ) ) ;
#5070 = DIRECTION ( 'NONE',  ( -3.400677691960634000E-015, 1.000000000000000000, -0.0000000000000000000 ) ) ;
#5071 = DIRECTION ( 'NONE',  ( -6.527062002113305800E-031, -1.889265384422574500E-016, 1.000000000000000000 ) ) ;
#5072 = ORIENTED_EDGE ( 'NONE', *, *, #8858, .F. ) ;
#5073 = VECTOR ( 'NONE', #3897, 39.37007874015748100 ) ;
#5074 = ORIENTED_EDGE ( 'NONE', *, *, #8092, .F. ) ;
#5075 = LINE ( 'NONE', #4642, #2164 ) ;
#5076 = EDGE_CURVE ( 'NONE', #1883, #6709, #5313, .T. ) ;
#5077 = CARTESIAN_POINT ( 'NONE',  ( 0.1255055738910749700, 0.6307874015748029500, 0.2399521717798882600 ) ) ;
#5078 = VERTEX_POINT ( 'NONE', #8281 ) ;
#5079 = CYLINDRICAL_SURFACE ( 'NONE', #9176, 0.009842519685039378600 ) ;
#5080 = ORIENTED_EDGE ( 'NONE', *, *, #5024, .T. ) ;
#5081 = VECTOR ( 'NONE', #3685, 39.37007874015748100 ) ;
#5082 = CARTESIAN_POINT ( 'NONE',  ( -0.3121259842519694700, 0.6699217144102483900, 0.3231889763779530200 ) ) ;
#5083 = CLOSED_SHELL ( 'NONE', ( #3239, #7292, #4212, #6386, #5999, #4804 ) ) ;
#5084 = CARTESIAN_POINT ( 'NONE',  ( 0.3081889763779526700, 0.6654050914126516900, 0.3350000000000001300 ) ) ;
#5085 = AXIS2_PLACEMENT_3D ( 'NONE', #2475, #1068, #5481 ) ;
#5086 = ORIENTED_EDGE ( 'NONE', *, *, #8732, .F. ) ;
#5087 = SURFACE_SIDE_STYLE ('',( #2364 ) ) ;
#5088 = CARTESIAN_POINT ( 'NONE',  ( 0.3121259842519711300, -0.1256299212598414600, -0.1046850393700783100 ) ) ;
#5089 = FACE_OUTER_BOUND ( 'NONE', #864, .T. ) ;
#5090 = PLANE ( 'NONE',  #7147 ) ;
#5091 = DIRECTION ( 'NONE',  ( -1.000000000000000000, 3.454814795174053600E-015, -0.0000000000000000000 ) ) ;
#5092 = DIRECTION ( 'NONE',  ( -0.0000000000000000000, 0.0000000000000000000, -1.000000000000000000 ) ) ;
#5093 = VECTOR ( 'NONE', #7835, 39.37007874015748900 ) ;
#5094 = DIRECTION ( 'NONE',  ( -0.0000000000000000000, -1.000000000000000000, -0.0000000000000000000 ) ) ;
#5095 = DIRECTION ( 'NONE',  ( -3.454814795174053600E-015, -1.000000000000000000, 0.0000000000000000000 ) ) ;
#5096 = ADVANCED_FACE ( 'NONE', ( #185 ), #9042, .F. ) ;
#5097 = AXIS2_PLACEMENT_3D ( 'NONE', #4937, #7123, #448 ) ;
#5098 = CARTESIAN_POINT ( 'NONE',  ( -0.3071149738966094700, 0.6702974565612457300, -0.3265137834876546400 ) ) ;
#5099 = EDGE_CURVE ( 'NONE', #8967, #8874, #3085, .T. ) ;
#5100 = FACE_OUTER_BOUND ( 'NONE', #1406, .T. ) ;
#5101 = DIRECTION ( 'NONE',  ( 0.0000000000000000000, -6.771483972229765400E-045, 1.000000000000000000 ) ) ;
#5102 = CARTESIAN_POINT ( 'NONE',  ( -0.2228081619892131900, 0.5249121648799671700, 0.005905511811023646300 ) ) ;
#5103 = EDGE_CURVE ( 'NONE', #9641, #7065, #6846, .T. ) ;
#5104 = PLANE ( 'NONE',  #7603 ) ;
#5105 = CARTESIAN_POINT ( 'NONE',  ( 0.1181102362204724500, 0.6799999999999999400, 0.2897244094488185500 ) ) ;
#5106 = CARTESIAN_POINT ( 'NONE',  ( 0.1653543307086602600, 0.5591058788142251300, 0.3271259842519674300 ) ) ;
#5107 = ADVANCED_FACE ( 'NONE', ( #903 ), #2553, .F. ) ;
#5108 = CARTESIAN_POINT ( 'NONE',  ( -0.3121259842519705800, -7.478433882655920700E-015, 0.3072834645669275700 ) ) ;
#5109 = CARTESIAN_POINT ( 'NONE',  ( 0.08300000000000000400, 0.009842519685039652700, -0.2740000000000004700 ) ) ;
#5110 = CARTESIAN_POINT ( 'NONE',  ( 0.1574803149606287300, 0.5591058788142251300, -0.3271259842519717600 ) ) ;
#5111 = CARTESIAN_POINT ( 'NONE',  ( -0.01699999999999943900, -0.1603553390593274500, -0.2900000000000004800 ) ) ;
#5112 = EDGE_LOOP ( 'NONE', ( #8699, #9453, #7868, #7417 ) ) ;
#5113 = DIRECTION ( 'NONE',  ( -0.0000000000000000000, -1.000000000000000000, -0.0000000000000000000 ) ) ;
#5114 = CARTESIAN_POINT ( 'NONE',  ( -0.3081889763779602200, 1.011771655452079600E-015, -0.3349999999999995800 ) ) ;
#5115 = AXIS2_PLACEMENT_3D ( 'NONE', #1754, #5539, #5494 ) ;
#5116 = CARTESIAN_POINT ( 'NONE',  ( -0.1615000000000000300, 0.009842519685038823500, 0.2424999999999995200 ) ) ;
#5117 = AXIS2_PLACEMENT_3D ( 'NONE', #3403, #9575, #6408 ) ;
#5118 = CIRCLE ( 'NONE', #5342, 0.008858267716535422500 ) ;
#5119 = ORIENTED_EDGE ( 'NONE', *, *, #9339, .T. ) ;
#5120 = EDGE_CURVE ( 'NONE', #5760, #8059, #7459, .T. ) ;
#5121 = ORIENTED_EDGE ( 'NONE', *, *, #5912, .T. ) ;
#5122 =( CONVERSION_BASED_UNIT ( 'INCH', #9558 ) LENGTH_UNIT ( ) NAMED_UNIT ( #4415 ) );
#5123 = LINE ( 'NONE', #1497, #236 ) ;
#5124 = DIRECTION ( 'NONE',  ( 0.0000000000000000000, -1.000000000000000000, 0.0000000000000000000 ) ) ;
#5125 = DIRECTION ( 'NONE',  ( 8.673617379884314700E-015, 0.0000000000000000000, -1.000000000000000000 ) ) ;
#5126 = CYLINDRICAL_SURFACE ( 'NONE', #1522, 0.007874015748031516800 ) ;
#5127 = CARTESIAN_POINT ( 'NONE',  ( 0.3200000000000011200, 0.6699217144102476200, 0.3231889763779530700 ) ) ;
#5128 = CARTESIAN_POINT ( 'NONE',  ( -0.3089748484444491100, 0.6800000000000001600, -0.3271959195966517300 ) ) ;
#5129 = ORIENTED_EDGE ( 'NONE', *, *, #8691, .F. ) ;
#5130 = LINE ( 'NONE', #4616, #1881 ) ;
#5131 = VERTEX_POINT ( 'NONE', #1646 ) ;
#5132 = VERTEX_POINT ( 'NONE', #6750 ) ;
#5133 = VERTEX_POINT ( 'NONE', #4545 ) ;
#5134 = ORIENTED_EDGE ( 'NONE', *, *, #650, .F. ) ;
#5135 = FACE_OUTER_BOUND ( 'NONE', #5851, .T. ) ;
#5136 = ORIENTED_EDGE ( 'NONE', *, *, #3512, .T. ) ;
#5137 = LINE ( 'NONE', #4682, #8943 ) ;
#5138 = CARTESIAN_POINT ( 'NONE',  ( 0.3099217144102475200, 0.6747506561679794700, 0.3231889763779529600 ) ) ;
#5139 = ORIENTED_EDGE ( 'NONE', *, *, #8208, .F. ) ;
#5140 = CARTESIAN_POINT ( 'NONE',  ( -0.08299999999999944900, -0.1603553390593277000, -0.1740000000000004900 ) ) ;
#5141 = CYLINDRICAL_SURFACE ( 'NONE', #9025, 0.007874015748031482100 ) ;
#5142 = CARTESIAN_POINT ( 'NONE',  ( -0.3200000000000026700, -0.1256299212598414300, -0.1046850393700783100 ) ) ;
#5143 = ADVANCED_FACE ( 'NONE', ( #5895 ), #102, .F. ) ;
#5144 = VERTEX_POINT ( 'NONE', #1618 ) ;
#5145 = ORIENTED_EDGE ( 'NONE', *, *, #8469, .F. ) ;
#5146 = VERTEX_POINT ( 'NONE', #9225 ) ;
#5147 = ORIENTED_EDGE ( 'NONE', *, *, #1595, .F. ) ;
#5148 = EDGE_CURVE ( 'NONE', #2830, #5006, #1059, .T. ) ;
#5149 = CARTESIAN_POINT ( 'NONE',  ( -1.248692419008931200, -0.1250000000000042500, 0.2561023622047228200 ) ) ;
#5150 = VECTOR ( 'NONE', #5659, 39.37007874015748100 ) ;
#5151 = ORIENTED_EDGE ( 'NONE', *, *, #4536, .F. ) ;
#5152 = VECTOR ( 'NONE', #5220, 39.37007874015748100 ) ;
#5153 = SURFACE_SIDE_STYLE ('',( #9350 ) ) ;
#5154 = ORIENTED_EDGE ( 'NONE', *, *, #8034, .F. ) ;
#5155 = DIRECTION ( 'NONE',  ( 3.454814795174053600E-015, 1.000000000000000000, 1.548860246407863300E-016 ) ) ;
#5156 = DIRECTION ( 'NONE',  ( -1.000000000000000000, -3.469446951953613800E-015, -0.0000000000000000000 ) ) ;
#5157 = EDGE_CURVE ( 'NONE', #7391, #3670, #4997, .T. ) ;
#5158 = CARTESIAN_POINT ( 'NONE',  ( -0.3147956584452604200, 0.6800000000000001600, -0.3293732138850193300 ) ) ;
#5159 = ORIENTED_EDGE ( 'NONE', *, *, #9725, .F. ) ;
#5160 = EDGE_CURVE ( 'NONE', #4769, #7042, #8181, .T. ) ;
#5161 = EDGE_CURVE ( 'NONE', #1592, #7429, #1604, .T. ) ;
#5162 = VECTOR ( 'NONE', #3430, 39.37007874015748100 ) ;
#5163 = ADVANCED_FACE ( 'NONE', ( #6255 ), #9133, .F. ) ;
#5164 = ORIENTED_EDGE ( 'NONE', *, *, #2700, .F. ) ;
#5165 = ORIENTED_EDGE ( 'NONE', *, *, #5011, .T. ) ;
#5166 = LINE ( 'NONE', #3333, #1795 ) ;
#5167 = VERTEX_POINT ( 'NONE', #1711 ) ;
#5168 = DIMENSIONAL_EXPONENTS ( 1.000000000000000000, 0.0000000000000000000, 0.0000000000000000000, 0.0000000000000000000, 0.0000000000000000000, 0.0000000000000000000, 0.0000000000000000000 ) ;
#5169 = CARTESIAN_POINT ( 'NONE',  ( -0.3121259842519705800, 0.009842519685038320400, -0.2916929133858263100 ) ) ;
#5170 = VECTOR ( 'NONE', #3369, 39.37007874015748100 ) ;
#5171 = DIRECTION ( 'NONE',  ( -1.000000000000000000, -3.400677691960634000E-015, 0.0000000000000000000 ) ) ;
#5172 = DIRECTION ( 'NONE',  ( -0.7071067811865412400, -0.7071067811865536800, -2.934316462495838400E-016 ) ) ;
#5173 = B_SPLINE_SURFACE_WITH_KNOTS ( 'NONE', 1, 3, ( 
 ( #8906, #9137, #8398, #831, #3014, #3829 ),
 ( #7660, #5330, #7594, #884, #6072, #3124 ) ),
 .UNSPECIFIED., .F., .F., .F.,
 ( 2, 2 ),
 ( 4, 2, 4 ),
 ( 0.0000000000000000000, 1.000000000000000000 ),
 ( 0.0000000000000000000, 0.5000000000000000000, 1.000000000000000000 ),
 .UNSPECIFIED. ) ;
#5174 = ORIENTED_EDGE ( 'NONE', *, *, #3723, .F. ) ;
#5175 = EDGE_LOOP ( 'NONE', ( #4179, #6439, #2744, #7340 ) ) ;
#5176 = ORIENTED_EDGE ( 'NONE', *, *, #4992, .F. ) ;
#5177 = FACE_OUTER_BOUND ( 'NONE', #7402, .T. ) ;
#5178 = ORIENTED_EDGE ( 'NONE', *, *, #3056, .F. ) ;
#5179 = AXIS2_PLACEMENT_3D ( 'NONE', #9466, #7923, #4950 ) ;
#5180 = PLANE ( 'NONE',  #2878 ) ;
#5181 = CARTESIAN_POINT ( 'NONE',  ( 0.2227566796224045600, 0.01574803149605937300, 0.3349999999999957500 ) ) ;
#5182 = CARTESIAN_POINT ( 'NONE',  ( 0.1830000000000005800, -0.1603553390593267800, -0.2740000000000004700 ) ) ;
#5183 = CIRCLE ( 'NONE', #5327, 0.003937007874015724600 ) ;
#5184 = DIRECTION ( 'NONE',  ( 0.0000000000000000000, 0.0000000000000000000, 1.000000000000000000 ) ) ;
#5185 = ORIENTED_EDGE ( 'NONE', *, *, #2419, .F. ) ;
#5186 = LINE ( 'NONE', #6049, #529 ) ;
#5187 = AXIS2_PLACEMENT_3D ( 'NONE', #2022, #4149, #3464 ) ;
#5188 = ORIENTED_EDGE ( 'NONE', *, *, #1294, .T. ) ;
#5189 = FACE_OUTER_BOUND ( 'NONE', #2371, .T. ) ;
#5190 = DIRECTION ( 'NONE',  ( -3.454814795174053600E-015, 1.000000000000000000, 2.168404344971014000E-015 ) ) ;
#5191 =( NAMED_UNIT ( * ) SI_UNIT ( $, .STERADIAN. ) SOLID_ANGLE_UNIT ( ) );
#5192 = CARTESIAN_POINT ( 'NONE',  ( 0.3121259842519707500, 0.009842519685040438500, -0.2916929133858263100 ) ) ;
#5193 = EDGE_CURVE ( 'NONE', #6455, #6737, #1160, .T. ) ;
#5194 = EDGE_CURVE ( 'NONE', #4842, #6455, #1152, .T. ) ;
#5195 = CARTESIAN_POINT ( 'NONE',  ( 0.2228081619892131900, 0.5249121648799671700, 0.06102362204724409700 ) ) ;
#5196 = ORIENTED_EDGE ( 'NONE', *, *, #5355, .F. ) ;
#5197 = LINE ( 'NONE', #9386, #5325 ) ;
#5198 = ORIENTED_EDGE ( 'NONE', *, *, #1374, .F. ) ;
#5199 = CIRCLE ( 'NONE', #4677, 0.003937007874015724600 ) ;
#5200 = ADVANCED_FACE ( 'NONE', ( #8069 ), #2457, .F. ) ;
#5201 = DIRECTION ( 'NONE',  ( 0.0000000000000000000, 0.0000000000000000000, -1.000000000000000000 ) ) ;
#5202 = CARTESIAN_POINT ( 'NONE',  ( -0.2362204724409470400, 0.6307874015748017300, 0.08464566929133864000 ) ) ;
#5203 = B_SPLINE_SURFACE_WITH_KNOTS ( 'NONE', 1, 3, ( 
 ( #612, #9608, #4379, #5127 ),
 ( #1486, #682, #4439, #8988 ) ),
 .UNSPECIFIED., .F., .F., .F.,
 ( 2, 2 ),
 ( 4, 4 ),
 ( 0.0000000000000000000, 1.000000000000000000 ),
 ( 0.0000000000000000000, 1.000000000000000000 ),
 .UNSPECIFIED. ) ;
#5204 = VERTEX_POINT ( 'NONE', #2532 ) ;
#5205 = VECTOR ( 'NONE', #3672, 39.37007874015748100 ) ;
#5206 = EDGE_CURVE ( 'NONE', #1505, #4795, #2642, .T. ) ;
#5207 = VERTEX_POINT ( 'NONE', #7739 ) ;
#5208 = DIRECTION ( 'NONE',  ( -1.000000000000000000, 0.0000000000000000000, -2.134256245050203900E-015 ) ) ;
#5209 = DIRECTION ( 'NONE',  ( -0.0000000000000000000, -0.0000000000000000000, 1.000000000000000000 ) ) ;
#5210 = B_SPLINE_CURVE_WITH_KNOTS ( 'NONE', 3,
 ( #1364, #2087, #8896, #1459 ),
 .UNSPECIFIED., .F., .F.,
 ( 4, 4 ),
 ( 0.0000000000000000000, 1.000000000000000000 ),
 .UNSPECIFIED. ) ;
#5211 = EDGE_CURVE ( 'NONE', #6809, #5397, #4813, .T. ) ;
#5212 = VERTEX_POINT ( 'NONE', #6183 ) ;
#5213 = ADVANCED_FACE ( 'NONE', ( #2151 ), #9325, .F. ) ;
#5214 = DIRECTION ( 'NONE',  ( 0.0000000000000000000, -0.0000000000000000000, -1.000000000000000000 ) ) ;
#5215 = CARTESIAN_POINT ( 'NONE',  ( 0.2697101235488635900, 0.6721259842519685700, 0.1791338582677165200 ) ) ;
#5216 = VECTOR ( 'NONE', #9539, 39.37007874015748100 ) ;
#5217 = DIRECTION ( 'NONE',  ( 0.9848077530122086900, 0.1736481776669270800, 0.0000000000000000000 ) ) ;
#5218 = DIMENSIONAL_EXPONENTS ( 1.000000000000000000, 0.0000000000000000000, 0.0000000000000000000, 0.0000000000000000000, 0.0000000000000000000, 0.0000000000000000000, 0.0000000000000000000 ) ;
#5219 = EDGE_CURVE ( 'NONE', #2822, #7758, #4574, .T. ) ;
#5220 = DIRECTION ( 'NONE',  ( 0.0000000000000000000, 0.0000000000000000000, 1.000000000000000000 ) ) ;
#5221 = DIRECTION ( 'NONE',  ( 0.9848077530122086900, -0.1736481776669270800, 0.0000000000000000000 ) ) ;
#5222 = CARTESIAN_POINT ( 'NONE',  ( 0.1102362204724409200, 0.6793245162391586800, 0.3271259842519688200 ) ) ;
#5223 = DIRECTION ( 'NONE',  ( 0.0000000000000000000, 0.0000000000000000000, -1.000000000000000000 ) ) ;
#5224 = UNCERTAINTY_MEASURE_WITH_UNIT (LENGTH_MEASURE( 1.000000000000000100E-005 ), #7408, 'distance_accuracy_value', 'NONE');
#5225 = VECTOR ( 'NONE', #5125, 39.37007874015748100 ) ;
#5226 = CARTESIAN_POINT ( 'NONE',  ( 0.08267716535432857700, 0.6307874015748028400, 0.3231889763779511900 ) ) ;
#5227 = DIRECTION ( 'NONE',  ( 1.000000000000000000, -3.454814795174053200E-015, 0.0000000000000000000 ) ) ;
#5228 = DIRECTION ( 'NONE',  ( 0.0000000000000000000, 0.0000000000000000000, -1.000000000000000000 ) ) ;
#5229 = CARTESIAN_POINT ( 'NONE',  ( -0.3102974565612449700, 0.6671149738966100100, -0.3265137834876557000 ) ) ;
#5230 = CARTESIAN_POINT ( 'NONE',  ( -0.2129933528330372500, 0.6259193630839793300, 0.005905511811023646300 ) ) ;
#5231 = EDGE_CURVE ( 'NONE', #6737, #891, #5786, .T. ) ;
#5232 = DIRECTION ( 'NONE',  ( -1.000000000000000000, -3.454814795174078500E-015, 3.717264591378872800E-015 ) ) ;
#5233 = DIRECTION ( 'NONE',  ( 0.0000000000000000000, 0.0000000000000000000, -1.000000000000000000 ) ) ;
#5234 = DIRECTION ( 'NONE',  ( -1.000000000000000000, 0.0000000000000000000, 0.0000000000000000000 ) ) ;
#5235 = CARTESIAN_POINT ( 'NONE',  ( 0.2615000000000006200, -0.1603553390593265000, 0.2174999999999995800 ) ) ;
#5236 = CARTESIAN_POINT ( 'NONE',  ( 0.3102974565612440800, 0.6671149738966095600, -0.3265137834876562000 ) ) ;
#5237 = EDGE_LOOP ( 'NONE', ( #2865, #507, #1796, #7063, #1842, #8007 ) ) ;
#5238 = LINE ( 'NONE', #9098, #2668 ) ;
#5239 = DIRECTION ( 'NONE',  ( 0.0000000000000000000, 3.134893138729876600E-013, 1.000000000000000000 ) ) ;
#5240 = ADVANCED_FACE ( 'NONE', ( #3535 ), #7714, .F. ) ;
#5241 = DIRECTION ( 'NONE',  ( 0.0000000000000000000, 1.000000000000000000, -1.889265384422574500E-016 ) ) ;
#5242 = B_SPLINE_SURFACE_WITH_KNOTS ( 'NONE', 1, 3, ( 
 ( #781, #5985, #9663, #6608 ),
 ( #9696, #9724, #8163, #2931 ) ),
 .UNSPECIFIED., .F., .F., .F.,
 ( 2, 2 ),
 ( 4, 4 ),
 ( 0.0000000000000000000, 1.000000000000000000 ),
 ( 0.0000000000000000000, 1.000000000000000000 ),
 .UNSPECIFIED. ) ;
#5243 = CARTESIAN_POINT ( 'NONE',  ( 0.1653543307086602100, 0.5591058788142251300, -0.3271259842519686500 ) ) ;
#5244 = LENGTH_MEASURE_WITH_UNIT ( LENGTH_MEASURE( 0.02539999999999999900 ), #1826 );
#5245 = ORIENTED_EDGE ( 'NONE', *, *, #7521, .T. ) ;
#5246 = EDGE_LOOP ( 'NONE', ( #8423, #2107, #2852, #3649 ) ) ;
#5247 = ORIENTED_EDGE ( 'NONE', *, *, #5718, .F. ) ;
#5248 = VECTOR ( 'NONE', #6254, 39.37007874015748100 ) ;
#5249 = LINE ( 'NONE', #4020, #7520 ) ;
#5250 = MECHANICAL_DESIGN_GEOMETRIC_PRESENTATION_REPRESENTATION (  '', ( #5456 ), #8326 ) ;
#5251 = VERTEX_POINT ( 'NONE', #1089 ) ;
#5252 = ADVANCED_FACE ( 'NONE', ( #5177 ), #5825, .F. ) ;
#5253 = FACE_OUTER_BOUND ( 'NONE', #2918, .T. ) ;
#5254 = EDGE_CURVE ( 'NONE', #5431, #9534, #3308, .T. ) ;
#5255 = DIRECTION ( 'NONE',  ( 0.0000000000000000000, -1.000000000000000000, -3.491481338843133000E-015 ) ) ;
#5256 = ORIENTED_EDGE ( 'NONE', *, *, #5434, .F. ) ;
#5257 = ORIENTED_EDGE ( 'NONE', *, *, #9178, .T. ) ;
#5258 = ORIENTED_EDGE ( 'NONE', *, *, #4297, .T. ) ;
#5259 = CARTESIAN_POINT ( 'NONE',  ( 0.1648756526312323300, 0.6701574803149603600, 0.3271259842519668700 ) ) ;
#5260 = ORIENTED_EDGE ( 'NONE', *, *, #4931, .T. ) ;
#5261 = CARTESIAN_POINT ( 'NONE',  ( -0.08267716535433165800, 0.2764566929133847100, 0.3231889763779511900 ) ) ;
#5262 = LINE ( 'NONE', #6837, #852 ) ;
#5263 = ORIENTED_EDGE ( 'NONE', *, *, #2998, .F. ) ;
#5264 = ORIENTED_EDGE ( 'NONE', *, *, #561, .T. ) ;
#5265 = ORIENTED_EDGE ( 'NONE', *, *, #8989, .F. ) ;
#5266 = CIRCLE ( 'NONE', #7753, 0.007874015748031516800 ) ;
#5267 = DIRECTION ( 'NONE',  ( -0.0000000000000000000, -1.000000000000000000, -0.0000000000000000000 ) ) ;
#5268 = CARTESIAN_POINT ( 'NONE',  ( -0.3101574803149604900, 0.6701574803149607000, -0.6461350581127888200 ) ) ;
#5269 = ORIENTED_EDGE ( 'NONE', *, *, #3457, .T. ) ;
#5270 = DIRECTION ( 'NONE',  ( -0.7071067811865486800, 0.7071067811865462400, -2.313106138847703500E-015 ) ) ;
#5271 = ORIENTED_EDGE ( 'NONE', *, *, #4458, .T. ) ;
#5272 = VERTEX_POINT ( 'NONE', #8596 ) ;
#5273 = DIRECTION ( 'NONE',  ( 0.0000000000000000000, 1.000000000000000000, 0.0000000000000000000 ) ) ;
#5274 = AXIS2_PLACEMENT_3D ( 'NONE', #3132, #2404, #6178 ) ;
#5275 = DIRECTION ( 'NONE',  ( -4.553079989440424900E-015, 1.000000000000000000, -0.0000000000000000000 ) ) ;
#5276 = VECTOR ( 'NONE', #1818, 39.37007874015748100 ) ;
#5277 = ORIENTED_EDGE ( 'NONE', *, *, #6128, .F. ) ;
#5278 = AXIS2_PLACEMENT_3D ( 'NONE', #4348, #2773, #5809 ) ;
#5279 = EDGE_LOOP ( 'NONE', ( #4443, #92, #4014, #7503 ) ) ;
#5280 = ORIENTED_EDGE ( 'NONE', *, *, #4691, .T. ) ;
#5281 = PLANE ( 'NONE',  #4449 ) ;
#5282 = VECTOR ( 'NONE', #2207, 39.37007874015748100 ) ;
#5283 = PLANE ( 'NONE',  #6621 ) ;
#5284 = EDGE_CURVE ( 'NONE', #7327, #2111, #6952, .T. ) ;
#5285 = CARTESIAN_POINT ( 'NONE',  ( 0.2696850393700787100, 0.6721259842519685700, -0.001968503937007841000 ) ) ;
#5286 = ORIENTED_EDGE ( 'NONE', *, *, #1181, .F. ) ;
#5287 = CARTESIAN_POINT ( 'NONE',  ( 0.08267716535432859100, 0.6307874015748028400, 0.2399521717798882300 ) ) ;
#5288 = CARTESIAN_POINT ( 'NONE',  ( -0.3071149738966094700, 0.6702974565612457300, -0.3265137834876546400 ) ) ;
#5289 = LINE ( 'NONE', #3340, #4099 ) ;
#5290 = ORIENTED_EDGE ( 'NONE', *, *, #6063, .T. ) ;
#5291 = ORIENTED_EDGE ( 'NONE', *, *, #2899, .T. ) ;
#5292 = LINE ( 'NONE', #8167, #8747 ) ;
#5293 = APPLICATION_CONTEXT ( 'automotive_design' ) ;
#5294 = EDGE_CURVE ( 'NONE', #7334, #2227, #7810, .T. ) ;
#5295 = LINE ( 'NONE', #8648, #4930 ) ;
#5296 = DIRECTION ( 'NONE',  ( 1.000000000000000000, 3.400677691960634000E-015, -3.503246160812042700E-046 ) ) ;
#5297 = EDGE_CURVE ( 'NONE', #4475, #7839, #7106, .T. ) ;
#5298 = PRESENTATION_STYLE_ASSIGNMENT (( #5977 ) ) ;
#5299 = DIRECTION ( 'NONE',  ( 7.099813968557893200E-031, -2.087764443346746500E-016, -1.000000000000000000 ) ) ;
#5300 = ORIENTED_EDGE ( 'NONE', *, *, #7304, .F. ) ;
#5301 = FACE_OUTER_BOUND ( 'NONE', #4135, .T. ) ;
#5302 = CARTESIAN_POINT ( 'NONE',  ( 0.3104184896728884300, 0.6659794747857397100, -0.3349999999999999600 ) ) ;
#5303 = ADVANCED_FACE ( 'NONE', ( #9340 ), #9097, .T. ) ;
#5304 = CARTESIAN_POINT ( 'NONE',  ( 0.3200994094488202600, 0.05511811023621931300, 0.1453149606299177500 ) ) ;
#5305 = AXIS2_PLACEMENT_3D ( 'NONE', #7010, #5428, #1689 ) ;
#5306 = ORIENTED_EDGE ( 'NONE', *, *, #536, .F. ) ;
#5307 = VECTOR ( 'NONE', #437, 39.37007874015748100 ) ;
#5308 = ORIENTED_EDGE ( 'NONE', *, *, #6719, .T. ) ;
#5309 = CYLINDRICAL_SURFACE ( 'NONE', #921, 0.01181102362204724000 ) ;
#5310 = CARTESIAN_POINT ( 'NONE',  ( 0.0000000000000000000, 0.6721259842519685700, 0.0000000000000000000 ) ) ;
#5311 = ORIENTED_EDGE ( 'NONE', *, *, #2841, .F. ) ;
#5312 = CARTESIAN_POINT ( 'NONE',  ( -3.414809992080329000E-017, 0.009842519685039361300, 0.0000000000000000000 ) ) ;
#5313 = LINE ( 'NONE', #1541, #7093 ) ;
#5314 = CARTESIAN_POINT ( 'NONE',  ( 0.2573001884328043300, 0.6721259842519685700, 0.2739763779527555900 ) ) ;
#5315 = CARTESIAN_POINT ( 'NONE',  ( 0.3200994094488203200, 0.07874015748031271100, -0.3349999999999995800 ) ) ;
#5316 = ORIENTED_EDGE ( 'NONE', *, *, #2657, .T. ) ;
#5317 = ADVANCED_FACE ( 'NONE', ( #3885 ), #4113, .F. ) ;
#5318 = LINE ( 'NONE', #344, #1377 ) ;
#5319 = CARTESIAN_POINT ( 'NONE',  ( 0.1574803149606287000, 0.07874015748031325300, -0.3350000000000015700 ) ) ;
#5320 = PLANE ( 'NONE',  #7120 ) ;
#5321 = AXIS2_PLACEMENT_3D ( 'NONE', #7986, #8842, #8066 ) ;
#5322 = ORIENTED_EDGE ( 'NONE', *, *, #8448, .F. ) ;
#5323 = CARTESIAN_POINT ( 'NONE',  ( 0.2362204724409427400, 0.6307874015748031700, 0.08464566929133857100 ) ) ;
#5324 =( LENGTH_UNIT ( ) NAMED_UNIT ( * ) SI_UNIT ( $, .METRE. ) );
#5325 = VECTOR ( 'NONE', #1862, 39.37007874015748100 ) ;
#5326 = CARTESIAN_POINT ( 'NONE',  ( 0.03300000000000057700, -0.1603553390593272800, -0.1740000000000004600 ) ) ;
#5327 = AXIS2_PLACEMENT_3D ( 'NONE', #7571, #5228, #3025 ) ;
#5328 = VERTEX_POINT ( 'NONE', #5676 ) ;
#5329 = VECTOR ( 'NONE', #8951, 39.37007874015748100 ) ;
#5330 = CARTESIAN_POINT ( 'NONE',  ( 0.3106733131607025700, 0.6721259842519686800, -0.3222775818124640800 ) ) ;
#5331 =( NAMED_UNIT ( * ) SI_UNIT ( $, .STERADIAN. ) SOLID_ANGLE_UNIT ( ) );
#5332 = CARTESIAN_POINT ( 'NONE',  ( 0.3081889763779469500, 0.6654050914126514700, -0.3349999999999999100 ) ) ;
#5333 = EDGE_CURVE ( 'NONE', #8841, #7548, #7324, .T. ) ;
#5334 = EDGE_CURVE ( 'NONE', #8077, #4619, #8647, .T. ) ;
#5335 = DIRECTION ( 'NONE',  ( 3.454814795174053600E-015, 1.000000000000000000, -0.0000000000000000000 ) ) ;
#5336 = VERTEX_POINT ( 'NONE', #8724 ) ;
#5337 = LINE ( 'NONE', #4877, #9255 ) ;
#5338 = CARTESIAN_POINT ( 'NONE',  ( -0.2755905511811045400, 0.6701574803149588100, 0.3271259842519668700 ) ) ;
#5339 = CARTESIAN_POINT ( 'NONE',  ( 0.3126315874602379500, 0.6665471498093932200, -0.3343574244550614500 ) ) ;
#5340 = CARTESIAN_POINT ( 'NONE',  ( -0.3101574803149604900, 0.6721259842519686800, -0.3230102407095411000 ) ) ;
#5341 = FILL_AREA_STYLE ('',( #9015 ) ) ;
#5342 = AXIS2_PLACEMENT_3D ( 'NONE', #9567, #5669, #4163 ) ;
#5343 = ADVANCED_FACE ( 'NONE', ( #2149 ), #1700, .F. ) ;
#5344 = LINE ( 'NONE', #8332, #563 ) ;
#5345 = CARTESIAN_POINT ( 'NONE',  ( -0.3121259842519705800, -1.058591097544902100E-015, -0.3133464566929130000 ) ) ;
#5346 = CARTESIAN_POINT ( 'NONE',  ( -0.3121259842519702500, 0.07086614173228339400, -0.1775196850393696300 ) ) ;
#5347 = ORIENTED_EDGE ( 'NONE', *, *, #6047, .T. ) ;
#5348 = CARTESIAN_POINT ( 'NONE',  ( -0.3081889763779516200, 0.6654050914126516900, -0.3271259842519684800 ) ) ;
#5349 = DIRECTION ( 'NONE',  ( -1.000000000000000000, 0.0000000000000000000, 0.0000000000000000000 ) ) ;
#5350 = EDGE_CURVE ( 'NONE', #9317, #5385, #8408, .T. ) ;
#5351 = CARTESIAN_POINT ( 'NONE',  ( -0.3081889763779520100, 0.007874015748031541100, 0.3349999999999954700 ) ) ;
#5352 = DIRECTION ( 'NONE',  ( 0.0000000000000000000, -1.000000000000000000, 0.0000000000000000000 ) ) ;
#5353 = LINE ( 'NONE', #3311, #2196 ) ;
#5354 = ADVANCED_FACE ( 'NONE', ( #3188 ), #3310, .F. ) ;
#5355 = EDGE_CURVE ( 'NONE', #7702, #9579, #3651, .T. ) ;
#5356 = CARTESIAN_POINT ( 'NONE',  ( -0.3101574803149607700, 0.6721259842519686800, -0.3230102407095411000 ) ) ;
#5357 = CARTESIAN_POINT ( 'NONE',  ( -0.06699999999999953200, -0.1250000000000002500, -0.1900000000000004700 ) ) ;
#5358 = DIRECTION ( 'NONE',  ( -3.454814795174053600E-015, -1.000000000000000000, 5.421010862427524100E-016 ) ) ;
#5359 = AXIS2_PLACEMENT_3D ( 'NONE', #8440, #3073, #3842 ) ;
#5360 = ADVANCED_FACE ( 'NONE', ( #6829 ), #7693, .F. ) ;
#5361 = DIRECTION ( 'NONE',  ( 0.0000000000000000000, 0.0000000000000000000, 1.000000000000000000 ) ) ;
#5362 = VERTEX_POINT ( 'NONE', #1262 ) ;
#5363 = CARTESIAN_POINT ( 'NONE',  ( -0.3121259842519713000, -0.1649999999999989500, -0.09559574050686713000 ) ) ;
#5364 = DIRECTION ( 'NONE',  ( 0.0000000000000000000, -1.000000000000000000, 0.0000000000000000000 ) ) ;
#5365 = AXIS2_PLACEMENT_3D ( 'NONE', #4100, #7115, #8751 ) ;
#5366 = CARTESIAN_POINT ( 'NONE',  ( -0.3081889763779517800, 0.01574803149606303400, 0.3349999999999983500 ) ) ;
#5367 = DIRECTION ( 'NONE',  ( -1.000000000000000000, 0.0000000000000000000, 0.0000000000000000000 ) ) ;
#5368 = FACE_OUTER_BOUND ( 'NONE', #5492, .T. ) ;
#5369 = ORIENTED_EDGE ( 'NONE', *, *, #1979, .F. ) ;
#5370 = VECTOR ( 'NONE', #7316, 39.37007874015748100 ) ;
#5371 = PLANE ( 'NONE',  #532 ) ;
#5372 = VECTOR ( 'NONE', #7996, 39.37007874015748100 ) ;
#5373 = CARTESIAN_POINT ( 'NONE',  ( -0.06699999999999942100, -0.1603553390593276400, -0.1740000000000004600 ) ) ;
#5374 = ORIENTED_EDGE ( 'NONE', *, *, #1685, .F. ) ;
#5375 = DIRECTION ( 'NONE',  ( 1.000000000000000000, 0.0000000000000000000, 0.0000000000000000000 ) ) ;
#5376 = DIRECTION ( 'NONE',  ( 3.400677691960634400E-015, -1.000000000000000000, 0.0000000000000000000 ) ) ;
#5377 = LINE ( 'NONE', #5304, #8234 ) ;
#5378 = EDGE_CURVE ( 'NONE', #2340, #2444, #4820, .T. ) ;
#5379 = ORIENTED_EDGE ( 'NONE', *, *, #4183, .T. ) ;
#5380 = EDGE_LOOP ( 'NONE', ( #5994, #6941, #3632, #8107 ) ) ;
#5381 = EDGE_LOOP ( 'NONE', ( #7393, #3360, #8516, #2381 ) ) ;
#5382 = ORIENTED_EDGE ( 'NONE', *, *, #53, .T. ) ;
#5383 = VECTOR ( 'NONE', #9196, 39.37007874015748900 ) ;
#5384 = CARTESIAN_POINT ( 'NONE',  ( -0.3147956584452604200, 0.6800000000000001600, 0.3293732138850200000 ) ) ;
#5385 = VERTEX_POINT ( 'NONE', #4966 ) ;
#5386 = CIRCLE ( 'NONE', #6019, 0.003937007874015724600 ) ;
#5387 = ORIENTED_EDGE ( 'NONE', *, *, #7128, .F. ) ;
#5388 = LINE ( 'NONE', #3289, #1442 ) ;
#5389 = CARTESIAN_POINT ( 'NONE',  ( 0.3121259842519705200, 0.05511811023621934100, -0.1135433070866137500 ) ) ;
#5390 = ORIENTED_EDGE ( 'NONE', *, *, #1609, .F. ) ;
#5391 = ORIENTED_EDGE ( 'NONE', *, *, #676, .F. ) ;
#5392 = ORIENTED_EDGE ( 'NONE', *, *, #7966, .T. ) ;
#5393 = EDGE_LOOP ( 'NONE', ( #896, #6456, #1276 ) ) ;
#5394 = CARTESIAN_POINT ( 'NONE',  ( 0.3121259842519706900, 0.02362204724409336400, -0.03972440944882241200 ) ) ;
#5395 = AXIS2_PLACEMENT_3D ( 'NONE', #5960, #3758, #2983 ) ;
#5396 = LINE ( 'NONE', #5884, #2244 ) ;
#5397 = VERTEX_POINT ( 'NONE', #2599 ) ;
#5398 = LINE ( 'NONE', #9588, #8957 ) ;
#5399 = EDGE_LOOP ( 'NONE', ( #8606, #6930, #2403, #8158 ) ) ;
#5400 = CARTESIAN_POINT ( 'NONE',  ( 0.2228081619892131900, 0.5249121648799671700, 0.06102362204724409700 ) ) ;
#5401 = EDGE_CURVE ( 'NONE', #1241, #8132, #1928, .T. ) ;
#5402 = CARTESIAN_POINT ( 'NONE',  ( 0.3059794747857383900, 0.6704184896728915300, 0.3350000000000001900 ) ) ;
#5403 = FACE_OUTER_BOUND ( 'NONE', #463, .T. ) ;
#5404 = EDGE_CURVE ( 'NONE', #2754, #3956, #5423, .T. ) ;
#5405 = FACE_OUTER_BOUND ( 'NONE', #877, .T. ) ;
#5406 = DIRECTION ( 'NONE',  ( 0.0000000000000000000, 1.000000000000000000, 0.0000000000000000000 ) ) ;
#5407 = ORIENTED_EDGE ( 'NONE', *, *, #5785, .F. ) ;
#5408 = ORIENTED_EDGE ( 'NONE', *, *, #3954, .T. ) ;
#5409 = VERTEX_POINT ( 'NONE', #8129 ) ;
#5410 = CARTESIAN_POINT ( 'NONE',  ( -0.2364999999999996300, -0.1250000000000008000, 0.2174999999999995300 ) ) ;
#5411 = VECTOR ( 'NONE', #6418, 39.37007874015748100 ) ;
#5412 = CARTESIAN_POINT ( 'NONE',  ( -0.3121259842519683600, 0.6711881865661384300, -0.3215462856484539400 ) ) ;
#5413 = DIRECTION ( 'NONE',  ( -0.7071067811865531200, 0.7071067811865416900, 0.0000000000000000000 ) ) ;
#5414 = EDGE_CURVE ( 'NONE', #8365, #6198, #64, .T. ) ;
#5415 = CARTESIAN_POINT ( 'NONE',  ( -0.1330000000000000300, 0.009842519685038918900, -0.2740000000000004700 ) ) ;
#5416 = ADVANCED_FACE ( 'NONE', ( #8637 ), #8887, .F. ) ;
#5417 = MECHANICAL_DESIGN_GEOMETRIC_PRESENTATION_REPRESENTATION (  '', ( #8157 ), #1430 ) ;
#5418 = EDGE_LOOP ( 'NONE', ( #5949, #4262, #1553, #5503 ) ) ;
#5419 = DIRECTION ( 'NONE',  ( -1.270549420881443900E-016, -2.087764443346750700E-016, -1.000000000000000000 ) ) ;
#5420 = DIRECTION ( 'NONE',  ( -0.7071067811865486800, 0.7071067811865463500, -2.112567254190740400E-015 ) ) ;
#5421 = ORIENTED_EDGE ( 'NONE', *, *, #7967, .F. ) ;
#5422 = ORIENTED_EDGE ( 'NONE', *, *, #2161, .T. ) ;
#5423 = LINE ( 'NONE', #3588, #2384 ) ;
#5424 = EDGE_LOOP ( 'NONE', ( #5074, #7425, #3562, #6314 ) ) ;
#5425 = CARTESIAN_POINT ( 'NONE',  ( -0.2018897637795313600, 0.5591058788142250200, -0.3271259842519704300 ) ) ;
#5426 = CARTESIAN_POINT ( 'NONE',  ( 0.2615000000000005100, -0.1249999999999991100, 0.2424999999999996000 ) ) ;
#5427 = CARTESIAN_POINT ( 'NONE',  ( 0.1800000000000004700, -0.1249999999999993600, 0.06799999999999951900 ) ) ;
#5428 = DIRECTION ( 'NONE',  ( -3.400677691960634000E-015, 1.000000000000000000, -0.0000000000000000000 ) ) ;
#5429 = DIRECTION ( 'NONE',  ( 3.400677691960634400E-015, -1.000000000000000000, -1.126006764857040700E-045 ) ) ;
#5430 = LINE ( 'NONE', #2492, #2499 ) ;
#5431 = VERTEX_POINT ( 'NONE', #4990 ) ;
#5432 = LINE ( 'NONE', #1401, #9223 ) ;
#5433 = AXIS2_PLACEMENT_3D ( 'NONE', #3989, #202, #4717 ) ;
#5434 = EDGE_CURVE ( 'NONE', #5362, #153, #1593, .T. ) ;
#5435 = ORIENTED_EDGE ( 'NONE', *, *, #5950, .F. ) ;
#5436 = CIRCLE ( 'NONE', #7694, 0.007874015748031482100 ) ;
#5437 = CARTESIAN_POINT ( 'NONE',  ( -0.3121259842519705800, 0.009842519685031900200, 0.3133464566929117800 ) ) ;
#5438 = DIRECTION ( 'NONE',  ( 0.0000000000000000000, -1.000000000000000000, 0.0000000000000000000 ) ) ;
#5439 = AXIS2_PLACEMENT_3D ( 'NONE', #4128, #4849, #9432 ) ;
#5440 = EDGE_CURVE ( 'NONE', #5749, #9076, #6122, .T. ) ;
#5441 = ORIENTED_EDGE ( 'NONE', *, *, #276, .T. ) ;
#5442 = FACE_OUTER_BOUND ( 'NONE', #7109, .T. ) ;
#5443 = ORIENTED_EDGE ( 'NONE', *, *, #2020, .F. ) ;
#5444 = CARTESIAN_POINT ( 'NONE',  ( -0.3121259842519711300, -0.1256299212598414600, -0.06531496062992479800 ) ) ;
#5445 = PRESENTATION_STYLE_ASSIGNMENT (( #928 ) ) ;
#5446 = CARTESIAN_POINT ( 'NONE',  ( -0.2614999999999995100, -0.1603553390593282800, 0.2174999999999995300 ) ) ;
#5447 = DIRECTION ( 'NONE',  ( 0.0000000000000000000, 0.0000000000000000000, 1.000000000000000000 ) ) ;
#5448 = ORIENTED_EDGE ( 'NONE', *, *, #5907, .F. ) ;
#5449 = FACE_OUTER_BOUND ( 'NONE', #1011, .T. ) ;
#5450 = DIRECTION ( 'NONE',  ( 0.0000000000000000000, 1.000000000000000000, 0.0000000000000000000 ) ) ;
#5451 = CARTESIAN_POINT ( 'NONE',  ( -0.3200000000000020600, 0.05511811023622152600, 0.1630314960629886400 ) ) ;
#5452 = CARTESIAN_POINT ( 'NONE',  ( -0.3200000000000021700, 0.01574803149606405700, -0.03972440944882241200 ) ) ;
#5453 = AXIS2_PLACEMENT_3D ( 'NONE', #2469, #6888, #2507 ) ;
#5454 = CARTESIAN_POINT ( 'NONE',  ( 0.3081889763779550000, 0.02165354330708764400, 0.3231889763779511900 ) ) ;
#5455 = DIRECTION ( 'NONE',  ( -3.400677691960634400E-015, 1.000000000000000000, -5.137242217450112900E-048 ) ) ;
#5456 = STYLED_ITEM ( 'NONE', ( #4360 ), #7732 ) ;
#5457 = ORIENTED_EDGE ( 'NONE', *, *, #206, .F. ) ;
#5458 = VECTOR ( 'NONE', #7963, 39.37007874015748100 ) ;
#5459 = CARTESIAN_POINT ( 'NONE',  ( -0.3121259842519713000, -0.1649999999999989500, -0.09559574050686713000 ) ) ;
#5460 = EDGE_CURVE ( 'NONE', #6109, #7692, #5061, .T. ) ;
#5461 = DIRECTION ( 'NONE',  ( -1.000000000000000000, 3.454814795174077700E-015, -3.717264591378872800E-015 ) ) ;
#5462 = CARTESIAN_POINT ( 'NONE',  ( -0.3101574803149606000, 0.6800000000000003800, 0.3231889763779529600 ) ) ;
#5463 = ADVANCED_FACE ( 'NONE', ( #641 ), #6591, .T. ) ;
#5464 = CARTESIAN_POINT ( 'NONE',  ( 0.3200994094488203200, 0.07874015748031271100, -0.3349999999999995800 ) ) ;
#5465 = CARTESIAN_POINT ( 'NONE',  ( -0.2573001884328043300, 0.6799999999999999400, 0.2739763779527555900 ) ) ;
#5466 = LINE ( 'NONE', #8913, #5225 ) ;
#5467 = EDGE_LOOP ( 'NONE', ( #1353, #7138, #1130, #5421 ) ) ;
#5468 = CARTESIAN_POINT ( 'NONE',  ( -0.1102362204724409300, 0.6793245162391586800, 0.3271259842519687600 ) ) ;
#5469 = DIRECTION ( 'NONE',  ( 0.0000000000000000000, 4.218116895464020600E-045, -1.000000000000000000 ) ) ;
#5470 = AXIS2_PLACEMENT_3D ( 'NONE', #205, #6137, #5352 ) ;
#5471 = CARTESIAN_POINT ( 'NONE',  ( -0.3054050914126509900, 0.6681889763779532700, 0.3271259842519686500 ) ) ;
#5472 = DIRECTION ( 'NONE',  ( 1.000000000000000000, 3.400677691960634400E-015, 1.751623080406021300E-046 ) ) ;
#5473 = B_SPLINE_CURVE_WITH_KNOTS ( 'NONE', 3,
 ( #9647, #6558, #5138, #4279 ),
 .UNSPECIFIED., .F., .F.,
 ( 4, 4 ),
 ( 0.0000000000000000000, 1.000000000000000000 ),
 .UNSPECIFIED. ) ;
#5474 = DIRECTION ( 'NONE',  ( -0.1736481776669270600, 0.9848077530122085800, -0.0000000000000000000 ) ) ;
#5475 = EDGE_CURVE ( 'NONE', #854, #9199, #4935, .T. ) ;
#5476 = DIRECTION ( 'NONE',  ( 0.7071067811865412400, -0.7071067811865536800, -1.855800306174364200E-016 ) ) ;
#5477 = COLOUR_RGB ( '',0.7921568627450980000, 0.8196078431372548800, 0.9333333333333333500 ) ;
#5478 = EDGE_CURVE ( 'NONE', #5882, #4693, #2616, .T. ) ;
#5479 = DIRECTION ( 'NONE',  ( 0.0000000000000000000, 1.000000000000000000, -5.421010862427524100E-016 ) ) ;
#5480 = EDGE_CURVE ( 'NONE', #1691, #5951, #9566, .T. ) ;
#5481 = DIRECTION ( 'NONE',  ( -1.000000000000000000, 0.0000000000000000000, 0.0000000000000000000 ) ) ;
#5482 = CARTESIAN_POINT ( 'NONE',  ( 0.2517653116130454400, 0.6721259842519686800, 0.06102362204724409700 ) ) ;
#5483 = EDGE_CURVE ( 'NONE', #2674, #2026, #6354, .T. ) ;
#5484 = EDGE_CURVE ( 'NONE', #9329, #4548, #4352, .T. ) ;
#5485 = PLANE ( 'NONE',  #4065 ) ;
#5486 = ORIENTED_EDGE ( 'NONE', *, *, #5460, .F. ) ;
#5487 = FACE_OUTER_BOUND ( 'NONE', #4017, .T. ) ;
#5488 = CARTESIAN_POINT ( 'NONE',  ( -0.3099217144102480200, 0.6800000000000003800, 0.3231889763779529600 ) ) ;
#5489 = AXIS2_PLACEMENT_3D ( 'NONE', #3002, #9217, #9311 ) ;
#5490 = PLANE ( 'NONE',  #7214 ) ;
#5491 = DIRECTION ( 'NONE',  ( -3.454814795174053600E-015, 1.000000000000000000, -5.421010862427524100E-016 ) ) ;
#5492 = EDGE_LOOP ( 'NONE', ( #3417, #6747, #9212, #1259 ) ) ;
#5493 = ORIENTED_EDGE ( 'NONE', *, *, #2939, .F. ) ;
#5494 = DIRECTION ( 'NONE',  ( 1.000000000000000000, 0.0000000000000000000, 0.0000000000000000000 ) ) ;
#5495 = CARTESIAN_POINT ( 'NONE',  ( 0.1830000000000000000, 0.009842519685039994400, -0.2740000000000004700 ) ) ;
#5496 = FACE_OUTER_BOUND ( 'NONE', #373, .T. ) ;
#5497 = LINE ( 'NONE', #7844, #5009 ) ;
#5498 = ORIENTED_EDGE ( 'NONE', *, *, #1504, .F. ) ;
#5499 = LINE ( 'NONE', #4034, #9419 ) ;
#5500 = FILL_AREA_STYLE ('',( #295 ) ) ;
#5501 = ORIENTED_EDGE ( 'NONE', *, *, #5541, .T. ) ;
#5502 = ORIENTED_EDGE ( 'NONE', *, *, #4470, .F. ) ;
#5503 = ORIENTED_EDGE ( 'NONE', *, *, #1425, .T. ) ;
#5504 = EDGE_LOOP ( 'NONE', ( #8518, #6712, #8604, #4933 ) ) ;
#5505 = CARTESIAN_POINT ( 'NONE',  ( -0.2615000000000000700, 0.009842519685038483500, 0.2424999999999995200 ) ) ;
#5506 = LINE ( 'NONE', #8981, #9306 ) ;
#5507 = ORIENTED_EDGE ( 'NONE', *, *, #3229, .T. ) ;
#5508 = ADVANCED_FACE ( 'NONE', ( #5301 ), #9452, .F. ) ;
#5509 = ORIENTED_EDGE ( 'NONE', *, *, #9618, .T. ) ;
#5510 = LINE ( 'NONE', #9359, #3503 ) ;
#5511 = ORIENTED_EDGE ( 'NONE', *, *, #8576, .T. ) ;
#5512 = DIRECTION ( 'NONE',  ( 0.0000000000000000000, 1.000000000000000000, 0.0000000000000000000 ) ) ;
#5513 = FACE_OUTER_BOUND ( 'NONE', #899, .T. ) ;
#5514 = EDGE_CURVE ( 'NONE', #8015, #4842, #1359, .T. ) ;
#5516 = EDGE_CURVE ( 'NONE', #7751, #1198, #7443, .T. ) ;
#5515 = DIRECTION ( 'NONE',  ( -3.468166398206581500E-015, 1.000000000000000000, 6.160400376486734600E-047 ) ) ;
#5517 = ORIENTED_EDGE ( 'NONE', *, *, #7454, .T. ) ;
#5518 = DIRECTION ( 'NONE',  ( 3.454814795174053600E-015, -1.000000000000000000, 0.0000000000000000000 ) ) ;
#5519 = DIRECTION ( 'NONE',  ( 0.0000000000000000000, -1.000000000000000000, 2.087764443346751700E-016 ) ) ;
#5520 = CARTESIAN_POINT ( 'NONE',  ( 0.3071149738966094700, 0.6745144169278315400, 0.3331633977070583800 ) ) ;
#5521 = FACE_OUTER_BOUND ( 'NONE', #7783, .T. ) ;
#5522 = ORIENTED_EDGE ( 'NONE', *, *, #713, .F. ) ;
#5523 = VERTEX_POINT ( 'NONE', #2770 ) ;
#5524 = CONICAL_SURFACE ( 'NONE', #2366, 0.06000000000000001200, 0.7853981633974517200 ) ;
#5525 = VERTEX_POINT ( 'NONE', #9536 ) ;
#5526 = CARTESIAN_POINT ( 'NONE',  ( 0.2618110236220472200, 0.6721259842519685700, -0.001968503937007842300 ) ) ;
#5527 = LINE ( 'NONE', #8336, #3988 ) ;
#5528 = CARTESIAN_POINT ( 'NONE',  ( -1.248692419008931200, -0.1250000000000042500, 0.2561023622047228200 ) ) ;
#5529 = EDGE_CURVE ( 'NONE', #5328, #1770, #3419, .T. ) ;
#5530 = LINE ( 'NONE', #5802, #9554 ) ;
#5531 = FILL_AREA_STYLE_COLOUR ( '', #3756 ) ;
#5532 = ORIENTED_EDGE ( 'NONE', *, *, #5294, .F. ) ;
#5533 = ORIENTED_EDGE ( 'NONE', *, *, #3998, .F. ) ;
#5534 = FACE_OUTER_BOUND ( 'NONE', #4287, .T. ) ;
#5535 = MANIFOLD_SOLID_BREP ( 'Edge-Flange3', #4307 ) ;
#5536 = CARTESIAN_POINT ( 'NONE',  ( 0.3054050914126513700, 0.6681889763779536000, 0.3349999999999999600 ) ) ;
#5537 = ORIENTED_EDGE ( 'NONE', *, *, #7339, .T. ) ;
#5538 = DIRECTION ( 'NONE',  ( 3.400677691960634400E-015, -1.000000000000000000, 0.0000000000000000000 ) ) ;
#5539 = DIRECTION ( 'NONE',  ( 0.0000000000000000000, -8.199511390123964100E-046, 1.000000000000000000 ) ) ;
#5540 = CARTESIAN_POINT ( 'NONE',  ( 0.3099217144102475200, 0.6800000000000003800, 0.3231889763779529600 ) ) ;
#5541 = EDGE_CURVE ( 'NONE', #1997, #2919, #6820, .T. ) ;
#5542 = ORIENTED_EDGE ( 'NONE', *, *, #9603, .F. ) ;
#5543 = CARTESIAN_POINT ( 'NONE',  ( 0.3089748484444493900, 0.6800000000000003800, 0.3271959195966516200 ) ) ;
#5544 = DIRECTION ( 'NONE',  ( 0.0000000000000000000, 1.000000000000000000, 0.0000000000000000000 ) ) ;
#5545 = EDGE_CURVE ( 'NONE', #9678, #1116, #5047, .T. ) ;
#5546 = ORIENTED_EDGE ( 'NONE', *, *, #3191, .T. ) ;
#5547 = LINE ( 'NONE', #939, #3540 ) ;
#5548 = ORIENTED_EDGE ( 'NONE', *, *, #805, .F. ) ;
#5549 = COLOUR_RGB ( '',0.7921568627450980000, 0.8196078431372548800, 0.9333333333333333500 ) ;
#5550 = CARTESIAN_POINT ( 'NONE',  ( -0.3081889763779434600, 0.6654050914126516900, 0.3350000000000001900 ) ) ;
#5551 = ORIENTED_EDGE ( 'NONE', *, *, #224, .F. ) ;
#5552 = DIRECTION ( 'NONE',  ( -0.7071067811865432400, -0.7071067811865517900, 1.476272395410646100E-016 ) ) ;
#5553 = LINE ( 'NONE', #4518, #3549 ) ;
#5554 = CARTESIAN_POINT ( 'NONE',  ( 0.3080618398624079800, 0.6778982845064631700, -0.3310174633725180300 ) ) ;
#5555 = ORIENTED_EDGE ( 'NONE', *, *, #484, .T. ) ;
#5556 = VECTOR ( 'NONE', #2526, 39.37007874015748100 ) ;
#5557 = DIRECTION ( 'NONE',  ( 0.0000000000000000000, 1.000000000000000000, 0.0000000000000000000 ) ) ;
#5558 = DIRECTION ( 'NONE',  ( 0.1736481776669270600, 0.9848077530122085800, 0.0000000000000000000 ) ) ;
#5559 = CARTESIAN_POINT ( 'NONE',  ( -1.248692419008931200, -0.1250000000000042700, 0.2561023622047228200 ) ) ;
#5560 = AXIS2_PLACEMENT_3D ( 'NONE', #6562, #1427, #9562 ) ;
#5561 = EDGE_CURVE ( 'NONE', #5784, #2975, #8517, .T. ) ;
#5562 = CARTESIAN_POINT ( 'NONE',  ( 0.3101574803149606000, 0.6721259842519686800, -0.3231889763779528000 ) ) ;
#5563 = VERTEX_POINT ( 'NONE', #4400 ) ;
#5564 = ADVANCED_FACE ( 'NONE', ( #2267 ), #6765, .F. ) ;
#5565 = LINE ( 'NONE', #3506, #5682 ) ;
#5566 = ORIENTED_EDGE ( 'NONE', *, *, #1580, .F. ) ;
#5567 = DIRECTION ( 'NONE',  ( -0.0000000000000000000, -1.000000000000000000, -0.0000000000000000000 ) ) ;
#5568 = CARTESIAN_POINT ( 'NONE',  ( 0.3200000000000020600, 0.05511811023622152600, -0.1046850393700783500 ) ) ;
#5569 = DIRECTION ( 'NONE',  ( -0.0000000000000000000, 2.716889285699967600E-045, 1.000000000000000000 ) ) ;
#5570 = VERTEX_POINT ( 'NONE', #6741 ) ;
#5571 = DIRECTION ( 'NONE',  ( 1.000000000000000000, 3.252606517456513300E-015, -1.355252715606880500E-016 ) ) ;
#5572 = PLANE ( 'NONE',  #1128 ) ;
#5573 = AXIS2_PLACEMENT_3D ( 'NONE', #4371, #9720, #2194 ) ;
#5574 = ORIENTED_EDGE ( 'NONE', *, *, #3248, .T. ) ;
#5575 = CARTESIAN_POINT ( 'NONE',  ( -0.1648756526312368200, 0.6701574803149592500, 0.2083070866141737700 ) ) ;
#5576 = LINE ( 'NONE', #1360, #1391 ) ;
#5577 = CARTESIAN_POINT ( 'NONE',  ( 0.3081889763779569500, 0.01574803149606399500, 0.3349999999999989700 ) ) ;
#5578 = CARTESIAN_POINT ( 'NONE',  ( -0.2573001884328043300, 0.6721259842519685700, 0.2739763779527555900 ) ) ;
#5579 = DIRECTION ( 'NONE',  ( 0.0000000000000000000, -1.000000000000000000, 0.0000000000000000000 ) ) ;
#5580 = VECTOR ( 'NONE', #6624, 39.37007874015748100 ) ;
#5581 = B_SPLINE_CURVE_WITH_KNOTS ( 'NONE', 3,
 ( #3262, #1001, #8568, #5471 ),
 .UNSPECIFIED., .F., .F.,
 ( 4, 4 ),
 ( 0.0000000000000000000, 1.000000000000000000 ),
 .UNSPECIFIED. ) ;
#5582 = CARTESIAN_POINT ( 'NONE',  ( -0.1813919424826505000, 0.1813919424826518600, -0.3271259842519698100 ) ) ;
#5583 = CARTESIAN_POINT ( 'NONE',  ( -0.1669999999999995700, -0.1250000000000005800, -0.1900000000000004700 ) ) ;
#5584 = CARTESIAN_POINT ( 'NONE',  ( -0.08300000000000003200, 0.009842519685039088900, -0.1740000000000004900 ) ) ;
#5585 =( GEOMETRIC_REPRESENTATION_CONTEXT ( 3 ) GLOBAL_UNCERTAINTY_ASSIGNED_CONTEXT ( ( #7055 ) ) GLOBAL_UNIT_ASSIGNED_CONTEXT ( ( #4285, #9599, #5191 ) ) REPRESENTATION_CONTEXT ( 'NONE', 'WORKASPACE' ) );
#5586 = DIRECTION ( 'NONE',  ( -1.000000000000000000, 3.454814795174053600E-015, -0.0000000000000000000 ) ) ;
#5587 = EDGE_CURVE ( 'NONE', #8694, #2795, #8039, .T. ) ;
#5588 = LINE ( 'NONE', #2617, #6634 ) ;
#5589 = CARTESIAN_POINT ( 'NONE',  ( 0.08267716535432978500, 0.2764566929133852600, 0.2399521717798882800 ) ) ;
#5590 = CARTESIAN_POINT ( 'NONE',  ( -0.2651652498911323800, 0.6799999999999999400, 0.2743517874051790700 ) ) ;
#5591 = CARTESIAN_POINT ( 'NONE',  ( 0.3121259842519685800, 0.6701574803149607000, 0.3230102407095411000 ) ) ;
#5592 = ORIENTED_EDGE ( 'NONE', *, *, #8304, .F. ) ;
#5593 = CARTESIAN_POINT ( 'NONE',  ( -0.2755905511811045400, 0.6701574803149588100, -0.1460236220472434000 ) ) ;
#5594 = CARTESIAN_POINT ( 'NONE',  ( -0.3121259842519705200, 1.092739197465705300E-015, -0.1224015748031491900 ) ) ;
#5595 = DIRECTION ( 'NONE',  ( -3.400677691960634400E-015, 1.000000000000000000, -5.673458669708795000E-046 ) ) ;
#5596 = DIRECTION ( 'NONE',  ( -1.000000000000000000, 3.454814795174053600E-015, 0.0000000000000000000 ) ) ;
#5597 = B_SPLINE_SURFACE_WITH_KNOTS ( 'NONE', 1, 3, ( 
 ( #4770, #6193, #336, #5550 ),
 ( #4045, #1169, #2643, #9367 ) ),
 .UNSPECIFIED., .F., .F., .F.,
 ( 2, 2 ),
 ( 4, 4 ),
 ( 0.0000000000000000000, 1.000000000000000000 ),
 ( 0.0000000000000000000, 1.000000000000000000 ),
 .UNSPECIFIED. ) ;
#5598 = ORIENTED_EDGE ( 'NONE', *, *, #8573, .T. ) ;
#5599 = CARTESIAN_POINT ( 'NONE',  ( 0.3200000000000000100, 0.6701574803149607000, 0.3230102407095411500 ) ) ;
#5600 = CARTESIAN_POINT ( 'NONE',  ( -0.1102362204724409300, 0.6721259842519685700, 0.2897244094488185500 ) ) ;
#5601 = CARTESIAN_POINT ( 'NONE',  ( -0.08267716535433165800, 0.2764566929133847100, 0.2399521717798882800 ) ) ;
#5602 = ADVANCED_FACE ( 'NONE', ( #2491 ), #1443, .F. ) ;
#5603 = CARTESIAN_POINT ( 'NONE',  ( -0.2362204724409458800, 0.2764566929133842100, -0.01771653543307075100 ) ) ;
#5604 = VECTOR ( 'NONE', #4397, 39.37007874015748100 ) ;
#5605 = ORIENTED_EDGE ( 'NONE', *, *, #1813, .T. ) ;
#5606 = ORIENTED_EDGE ( 'NONE', *, *, #2300, .F. ) ;
#5607 = FACE_OUTER_BOUND ( 'NONE', #3548, .T. ) ;
#5608 = VECTOR ( 'NONE', #3658, 39.37007874015748100 ) ;
#5609 = CARTESIAN_POINT ( 'NONE',  ( -0.3121259842519696900, 0.6699217144102476200, -0.3231889763779527400 ) ) ;
#5610 = EDGE_CURVE ( 'NONE', #3399, #9174, #517, .T. ) ;
#5611 = ORIENTED_EDGE ( 'NONE', *, *, #3807, .F. ) ;
#5612 = VECTOR ( 'NONE', #120, 39.37007874015748100 ) ;
#5613 = CARTESIAN_POINT ( 'NONE',  ( 0.08267716535432978500, 0.2764566929133852600, 0.2399521717798882800 ) ) ;
#5614 = DIRECTION ( 'NONE',  ( 3.414809992080327900E-015, -1.000000000000000000, 5.786762220443203700E-046 ) ) ;
#5615 = ORIENTED_EDGE ( 'NONE', *, *, #2217, .F. ) ;
#5616 = ORIENTED_EDGE ( 'NONE', *, *, #2768, .F. ) ;
#5617 = VERTEX_POINT ( 'NONE', #704 ) ;
#5618 = ORIENTED_EDGE ( 'NONE', *, *, #5099, .T. ) ;
#5619 = AXIS2_PLACEMENT_3D ( 'NONE', #6502, #8867, #4979 ) ;
#5620 = EDGE_CURVE ( 'NONE', #3215, #4898, #1585, .T. ) ;
#5621 = ORIENTED_EDGE ( 'NONE', *, *, #1877, .T. ) ;
#5622 = ORIENTED_EDGE ( 'NONE', *, *, #3816, .T. ) ;
#5623 = DIRECTION ( 'NONE',  ( 1.000000000000000000, 0.0000000000000000000, 0.0000000000000000000 ) ) ;
#5624 = EDGE_CURVE ( 'NONE', #9641, #4796, #5883, .T. ) ;
#5625 = DIRECTION ( 'NONE',  ( -3.400677691960634400E-015, 1.000000000000000000, 5.885724984357243300E-047 ) ) ;
#5626 = LINE ( 'NONE', #2024, #2682 ) ;
#5627 = CARTESIAN_POINT ( 'NONE',  ( 0.0000000000000000000, 0.6701574803149605900, 0.0000000000000000000 ) ) ;
#5628 = CARTESIAN_POINT ( 'NONE',  ( -0.3101574803149606000, 0.6800000000000001600, -0.3230102407095410400 ) ) ;
#5629 = ORIENTED_EDGE ( 'NONE', *, *, #3959, .F. ) ;
#5630 = ORIENTED_EDGE ( 'NONE', *, *, #8975, .T. ) ;
#5631 = EDGE_LOOP ( 'NONE', ( #6926, #1821, #4253, #8485 ) ) ;
#5632 = VECTOR ( 'NONE', #1526, 39.37007874015748100 ) ;
#5633 = ORIENTED_EDGE ( 'NONE', *, *, #615, .T. ) ;
#5634 = LINE ( 'NONE', #7485, #5152 ) ;
#5635 = VERTEX_POINT ( 'NONE', #7491 ) ;
#5636 = AXIS2_PLACEMENT_3D ( 'NONE', #2424, #6955, #9175 ) ;
#5637 = PLANE ( 'NONE',  #7871 ) ;
#5638 = CARTESIAN_POINT ( 'NONE',  ( -0.1364999999999995700, -0.1250000000000004700, 0.2174999999999995300 ) ) ;
#5639 = VERTEX_POINT ( 'NONE', #1529 ) ;
#5640 = CARTESIAN_POINT ( 'NONE',  ( 0.1574803149606287000, -1.157362956383303900E-015, 0.3271259842519679800 ) ) ;
#5641 = FACE_OUTER_BOUND ( 'NONE', #7776, .T. ) ;
#5642 = ORIENTED_EDGE ( 'NONE', *, *, #5076, .T. ) ;
#5643 = ORIENTED_EDGE ( 'NONE', *, *, #297, .T. ) ;
#5644 = PRESENTATION_STYLE_ASSIGNMENT (( #8493 ) ) ;
#5645 = ORIENTED_EDGE ( 'NONE', *, *, #4961, .F. ) ;
#5646 = ORIENTED_EDGE ( 'NONE', *, *, #9471, .F. ) ;
#5647 = EDGE_CURVE ( 'NONE', #1085, #5146, #6345, .T. ) ;
#5648 = B_SPLINE_CURVE_WITH_KNOTS ( 'NONE', 3,
 ( #4658, #214, #4035, #5488 ),
 .UNSPECIFIED., .F., .F.,
 ( 4, 4 ),
 ( 0.0000000000000000000, 1.000000000000000000 ),
 .UNSPECIFIED. ) ;
#5649 = CARTESIAN_POINT ( 'NONE',  ( -0.3121259842519694700, 0.6699217144102483900, 0.3231889763779530200 ) ) ;
#5650 = FACE_OUTER_BOUND ( 'NONE', #4351, .T. ) ;
#5651 = CARTESIAN_POINT ( 'NONE',  ( 0.08267716535432978500, 0.2764566929133853700, 0.3231889763779511900 ) ) ;
#5652 = ORIENTED_EDGE ( 'NONE', *, *, #1861, .T. ) ;
#5653 = CARTESIAN_POINT ( 'NONE',  ( -0.1669999999999995700, -0.1250000000000005800, -0.1900000000000004700 ) ) ;
#5654 = EDGE_LOOP ( 'NONE', ( #2782, #4428, #5067, #9215 ) ) ;
#5656 = ORIENTED_EDGE ( 'NONE', *, *, #5706, .F. ) ;
#5655 = DIRECTION ( 'NONE',  ( -1.000000000000000000, -0.0000000000000000000, 1.100992305138869600E-016 ) ) ;
#5657 = VECTOR ( 'NONE', #6480, 39.37007874015748100 ) ;
#5658 = EDGE_LOOP ( 'NONE', ( #8351, #5408, #272, #8636 ) ) ;
#5659 = DIRECTION ( 'NONE',  ( -0.0000000000000000000, 1.000000000000000000, -0.0000000000000000000 ) ) ;
#5660 = DIRECTION ( 'NONE',  ( 1.000000000000000000, 0.0000000000000000000, 0.0000000000000000000 ) ) ;
#5661 = VERTEX_POINT ( 'NONE', #5926 ) ;
#5662 = ADVANCED_FACE ( 'NONE', ( #6003 ), #8299, .F. ) ;
#5663 = AXIS2_PLACEMENT_3D ( 'NONE', #5819, #2832, #566 ) ;
#5664 = CARTESIAN_POINT ( 'NONE',  ( -0.3200000000000002300, 0.6701574803149605900, 0.1791338582677165500 ) ) ;
#5665 = CARTESIAN_POINT ( 'NONE',  ( 0.1648756526312323600, 0.6701574803149603600, 0.2083070866141737700 ) ) ;
#5666 = CIRCLE ( 'NONE', #4631, 0.007874015748031482100 ) ;
#5667 = PLANE ( 'NONE',  #9426 ) ;
#5668 = ORIENTED_EDGE ( 'NONE', *, *, #4239, .F. ) ;
#5669 = DIRECTION ( 'NONE',  ( 1.000000000000000000, -3.454814795174053200E-015, 0.0000000000000000000 ) ) ;
#5670 = VECTOR ( 'NONE', #5270, 39.37007874015748900 ) ;
#5671 = EDGE_CURVE ( 'NONE', #3675, #359, #9331, .T. ) ;
#5672 = VERTEX_POINT ( 'NONE', #4507 ) ;
#5673 = CARTESIAN_POINT ( 'NONE',  ( -0.3200000000000021200, 0.03937007874015851400, -0.1224015748031491900 ) ) ;
#5674 = VECTOR ( 'NONE', #5595, 39.37007874015748100 ) ;
#5675 = ADVANCED_FACE ( 'NONE', ( #5534 ), #8406, .F. ) ;
#5676 = CARTESIAN_POINT ( 'NONE',  ( 0.06699999999999999000, 0.009842519685039600700, -0.2900000000000004800 ) ) ;
#5677 = DIRECTION ( 'NONE',  ( -1.000000000000000000, 3.454814795174053600E-015, -0.0000000000000000000 ) ) ;
#5678 = EDGE_CURVE ( 'NONE', #4499, #3418, #5292, .T. ) ;
#5679 = PLANE ( 'NONE',  #4349 ) ;
#5680 = CARTESIAN_POINT ( 'NONE',  ( -0.2249999999999985600, -0.4197056274847724100, 0.06799999999999951900 ) ) ;
#5682 = VECTOR ( 'NONE', #5753, 39.37007874015748100 ) ;
#5681 = CARTESIAN_POINT ( 'NONE',  ( -0.08267716535433287900, 0.6307874015748022900, 0.3231889763779511900 ) ) ;
#5683 = EDGE_CURVE ( 'NONE', #6104, #3823, #7076, .T. ) ;
#5684 = ORIENTED_EDGE ( 'NONE', *, *, #3816, .F. ) ;
#5685 = LINE ( 'NONE', #8271, #199 ) ;
#5686 = CARTESIAN_POINT ( 'NONE',  ( 0.3200000000000000100, 0.6747956584452605700, 0.3293732138850195600 ) ) ;
#5687 = AXIS2_PLACEMENT_3D ( 'NONE', #3335, #5569, #6402 ) ;
#5688 = FACE_OUTER_BOUND ( 'NONE', #4225, .T. ) ;
#5689 = CARTESIAN_POINT ( 'NONE',  ( 0.3089748484444494500, 0.6800000000000002700, -0.3271959195966514500 ) ) ;
#5690 = DIRECTION ( 'NONE',  ( 0.0000000000000000000, 1.000000000000000000, 0.0000000000000000000 ) ) ;
#5691 = DIRECTION ( 'NONE',  ( 0.0000000000000000000, 1.000000000000000000, 0.0000000000000000000 ) ) ;
#5692 = AXIS2_PLACEMENT_3D ( 'NONE', #1751, #281, #1057 ) ;
#5693 = DIRECTION ( 'NONE',  ( -0.7071067811865412400, 0.7071067811865536800, 2.442922969411198700E-015 ) ) ;
#5694 = VERTEX_POINT ( 'NONE', #6875 ) ;
#5695 = ORIENTED_EDGE ( 'NONE', *, *, #6651, .F. ) ;
#5696 = CARTESIAN_POINT ( 'NONE',  ( 0.3200000000000000100, 0.6701574803149607000, 0.3230102407095411500 ) ) ;
#5697 = CARTESIAN_POINT ( 'NONE',  ( 0.2618110236220472200, 0.6721259842519685700, -0.001968503937007842300 ) ) ;
#5698 = VECTOR ( 'NONE', #4521, 39.37007874015748100 ) ;
#5699 = CARTESIAN_POINT ( 'NONE',  ( -0.2618110236220472200, 0.6721259842519685700, -0.1326771653543307400 ) ) ;
#5700 = EDGE_LOOP ( 'NONE', ( #4692, #5845, #8949, #6676 ) ) ;
#5701 = CARTESIAN_POINT ( 'NONE',  ( -0.3199999999999998400, 0.6727409429929004400, 0.3222763607591335200 ) ) ;
#5702 = AXIS2_PLACEMENT_3D ( 'NONE', #1741, #962, #2408 ) ;
#5703 = VECTOR ( 'NONE', #4170, 39.37007874015748100 ) ;
#5704 = EDGE_CURVE ( 'NONE', #2120, #8252, #7312, .T. ) ;
#5705 = CARTESIAN_POINT ( 'NONE',  ( -0.1670000000000000100, 0.009842519685038807900, -0.1900000000000004700 ) ) ;
#5706 = EDGE_CURVE ( 'NONE', #5431, #2136, #7918, .T. ) ;
#5707 = ADVANCED_FACE ( 'NONE', ( #6469 ), #9115, .F. ) ;
#5708 = DIRECTION ( 'NONE',  ( 1.000000000000000000, -0.0000000000000000000, -0.0000000000000000000 ) ) ;
#5709 = CARTESIAN_POINT ( 'NONE',  ( 0.2227566796224045600, 0.01574803149605937300, 0.3349999999999957500 ) ) ;
#5710 = B_SPLINE_CURVE_WITH_KNOTS ( 'NONE', 3,
 ( #694, #8115, #1400, #2092 ),
 .UNSPECIFIED., .F., .F.,
 ( 4, 4 ),
 ( 0.0000000000000000000, 1.000000000000000000 ),
 .UNSPECIFIED. ) ;
#5711 = DIRECTION ( 'NONE',  ( 1.000000000000000000, 3.400677691960634000E-015, 2.134256245050203500E-015 ) ) ;
#5712 = DIRECTION ( 'NONE',  ( 0.0000000000000000000, 0.0000000000000000000, 1.000000000000000000 ) ) ;
#5713 = CARTESIAN_POINT ( 'NONE',  ( -0.1670000000000000100, 0.009842519685038807900, -0.1740000000000004600 ) ) ;
#5714 = EDGE_CURVE ( 'NONE', #3233, #7665, #3063, .T. ) ;
#5715 = ADVANCED_FACE ( 'NONE', ( #4810 ), #8148, .F. ) ;
#5716 = CARTESIAN_POINT ( 'NONE',  ( -0.3101574803149605400, 0.6799999999999999400, 0.06102362204724409700 ) ) ;
#5717 = CARTESIAN_POINT ( 'NONE',  ( 0.2362204724409439300, 0.2764566929133857600, 0.1689370078740164700 ) ) ;
#5718 = EDGE_CURVE ( 'NONE', #644, #5132, #3367, .T. ) ;
#5719 = CARTESIAN_POINT ( 'NONE',  ( 0.3189392411772614700, 0.6752951442791669300, 0.3219122744137258900 ) ) ;
#5720 = CARTESIAN_POINT ( 'NONE',  ( -1.248692419008934400, 0.6701574803149555900, 0.3231889763779511900 ) ) ;
#5721 = DIRECTION ( 'NONE',  ( -1.000000000000000000, -3.400677691960634000E-015, 0.0000000000000000000 ) ) ;
#5722 = ORIENTED_EDGE ( 'NONE', *, *, #4622, .F. ) ;
#5723 = VECTOR ( 'NONE', #6045, 39.37007874015748100 ) ;
#5724 = CARTESIAN_POINT ( 'NONE',  ( -0.1255055738910780500, 0.2764566929133845400, 0.1689370078740165000 ) ) ;
#5725 = EDGE_CURVE ( 'NONE', #9687, #603, #284, .T. ) ;
#5726 = CARTESIAN_POINT ( 'NONE',  ( -0.3189392411772623000, 0.6752951442791653700, 0.3219122744137266100 ) ) ;
#5727 = MECHANICAL_DESIGN_GEOMETRIC_PRESENTATION_REPRESENTATION (  '', ( #180 ), #7969 ) ;
#5728 = LINE ( 'NONE', #6404, #9512 ) ;
#5729 = VERTEX_POINT ( 'NONE', #7675 ) ;
#5730 = VECTOR ( 'NONE', #8813, 39.37007874015748100 ) ;
#5731 = DIRECTION ( 'NONE',  ( 4.161908562736412700E-032, -1.204669080539449300E-017, -1.000000000000000000 ) ) ;
#5732 = CARTESIAN_POINT ( 'NONE',  ( 0.2250000000000014200, -0.4197056274847709200, 0.06799999999999951900 ) ) ;
#5733 = DIRECTION ( 'NONE',  ( -3.491481338843170400E-015, 6.946296134017125800E-015, -1.000000000000000000 ) ) ;
#5734 = FACE_OUTER_BOUND ( 'NONE', #4610, .T. ) ;
#5735 = FACE_OUTER_BOUND ( 'NONE', #9214, .T. ) ;
#5736 = CARTESIAN_POINT ( 'NONE',  ( -0.3071149738966091900, 0.6702974565612458400, 0.3265137834876548100 ) ) ;
#5737 = ORIENTED_EDGE ( 'NONE', *, *, #7230, .T. ) ;
#5738 = VECTOR ( 'NONE', #8669, 39.37007874015748100 ) ;
#5739 = VERTEX_POINT ( 'NONE', #6119 ) ;
#5740 = CARTESIAN_POINT ( 'NONE',  ( 0.3081889763779550000, 0.02165354330708757500, 0.3231889763779511900 ) ) ;
#5741 = AXIS2_PLACEMENT_3D ( 'NONE', #9683, #3083, #2214 ) ;
#5742 = EDGE_LOOP ( 'NONE', ( #7884, #7048, #2266, #7103 ) ) ;
#5743 = ORIENTED_EDGE ( 'NONE', *, *, #9413, .T. ) ;
#5744 = ORIENTED_EDGE ( 'NONE', *, *, #733, .F. ) ;
#5745 = DIRECTION ( 'NONE',  ( 0.0000000000000000000, -1.000000000000000000, 0.0000000000000000000 ) ) ;
#5746 = EDGE_CURVE ( 'NONE', #5146, #5794, #6111, .T. ) ;
#5747 =( NAMED_UNIT ( * ) SI_UNIT ( $, .STERADIAN. ) SOLID_ANGLE_UNIT ( ) );
#5748 = LINE ( 'NONE', #3470, #260 ) ;
#5749 = VERTEX_POINT ( 'NONE', #2362 ) ;
#5750 = FACE_OUTER_BOUND ( 'NONE', #1372, .T. ) ;
#5751 = DIRECTION ( 'NONE',  ( 3.400677691960634400E-015, -1.000000000000000000, -4.004738936455458800E-046 ) ) ;
#5752 = ORIENTED_EDGE ( 'NONE', *, *, #5624, .F. ) ;
#5753 = DIRECTION ( 'NONE',  ( 3.454814795174053600E-015, -1.000000000000000000, 0.0000000000000000000 ) ) ;
#5754 = VECTOR ( 'NONE', #4633, 39.37007874015748100 ) ;
#5755 = DIRECTION ( 'NONE',  ( -3.400677691960634400E-015, 1.000000000000000000, 0.0000000000000000000 ) ) ;
#5756 = CARTESIAN_POINT ( 'NONE',  ( -0.2305625537452148900, 0.5262794733655334900, 0.06102362204724408300 ) ) ;
#5757 = AXIS2_PLACEMENT_3D ( 'NONE', #9689, #942, #1627 ) ;
#5758 = ADVANCED_FACE ( 'NONE', ( #4227 ), #3786, .F. ) ;
#5759 = VERTEX_POINT ( 'NONE', #3839 ) ;
#5760 = VERTEX_POINT ( 'NONE', #890 ) ;
#5761 = CARTESIAN_POINT ( 'NONE',  ( -0.2228081619892131900, 0.5249121648799671700, 0.06102362204724408300 ) ) ;
#5762 = FACE_OUTER_BOUND ( 'NONE', #6361, .T. ) ;
#5763 = DIRECTION ( 'NONE',  ( -1.000000000000000000, -3.400677691960634400E-015, -5.473822126268817900E-048 ) ) ;
#5764 = ORIENTED_EDGE ( 'NONE', *, *, #9456, .T. ) ;
#5765 = ORIENTED_EDGE ( 'NONE', *, *, #1734, .F. ) ;
#5766 = CARTESIAN_POINT ( 'NONE',  ( 0.3121259842519711300, -0.1256299212598414600, -0.06531496062992479800 ) ) ;
#5767 = ORIENTED_EDGE ( 'NONE', *, *, #6843, .T. ) ;
#5768 = DIRECTION ( 'NONE',  ( 6.527062002113305800E-031, -1.889265384422574500E-016, 1.000000000000000000 ) ) ;
#5769 = LINE ( 'NONE', #959, #8844 ) ;
#5770 = CARTESIAN_POINT ( 'NONE',  ( -0.3111850131078018300, 0.6719138324874208700, 0.3219122744137265000 ) ) ;
#5771 = ORIENTED_EDGE ( 'NONE', *, *, #8510, .F. ) ;
#5772 = ORIENTED_EDGE ( 'NONE', *, *, #8765, .T. ) ;
#5773 = ORIENTED_EDGE ( 'NONE', *, *, #661, .F. ) ;
#5774 = LINE ( 'NONE', #7569, #7562 ) ;
#5775 = ORIENTED_EDGE ( 'NONE', *, *, #5828, .T. ) ;
#5776 = ADVANCED_FACE ( 'NONE', ( #59 ), #7627, .F. ) ;
#5777 = DIRECTION ( 'NONE',  ( 7.212839487712661500E-031, 2.087764443346746500E-016, 1.000000000000000000 ) ) ;
#5778 = CARTESIAN_POINT ( 'NONE',  ( 0.3200000000000020600, 0.05511811023621931300, 0.1630314960629886400 ) ) ;
#5779 = CARTESIAN_POINT ( 'NONE',  ( 0.3121259842519705200, 0.07086614173228124300, -0.1775196850393696300 ) ) ;
#5780 = CARTESIAN_POINT ( 'NONE',  ( -0.3081889763779498400, 1.005043008091647500, 0.3271259842519693700 ) ) ;
#5781 = AXIS2_PLACEMENT_3D ( 'NONE', #6894, #2415, #3905 ) ;
#5782 = LINE ( 'NONE', #6435, #2968 ) ;
#5783 = EDGE_CURVE ( 'NONE', #6580, #7175, #1120, .T. ) ;
#5784 = VERTEX_POINT ( 'NONE', #8454 ) ;
#5785 = EDGE_CURVE ( 'NONE', #4796, #4784, #5774, .T. ) ;
#5786 = LINE ( 'NONE', #325, #892 ) ;
#5787 = VERTEX_POINT ( 'NONE', #3168 ) ;
#5788 = LINE ( 'NONE', #7587, #3313 ) ;
#5789 = DIRECTION ( 'NONE',  ( 0.0000000000000000000, 0.0000000000000000000, 1.000000000000000000 ) ) ;
#5790 = CARTESIAN_POINT ( 'NONE',  ( -0.3089306608660197200, 0.6659717786694915300, -0.3271259842519689300 ) ) ;
#5791 = ORIENTED_EDGE ( 'NONE', *, *, #4812, .F. ) ;
#5792 = VERTEX_POINT ( 'NONE', #7600 ) ;
#5793 = FACE_OUTER_BOUND ( 'NONE', #4186, .T. ) ;
#5794 = VERTEX_POINT ( 'NONE', #5593 ) ;
#5795 = EDGE_LOOP ( 'NONE', ( #5509, #881, #9349, #5260, #6993, #8893, #1466, #6434, #1321, #7650, #5975, #8602, #2580, #318, #8700, #3410 ) ) ;
#5796 = FACE_OUTER_BOUND ( 'NONE', #7544, .T. ) ;
#5797 = PLANE ( 'NONE',  #687 ) ;
#5798 = AXIS2_PLACEMENT_3D ( 'NONE', #195, #6956, #996 ) ;
#5799 = DIRECTION ( 'NONE',  ( -4.336808689942013800E-015, -1.000000000000000000, -0.0000000000000000000 ) ) ;
#5800 = DIRECTION ( 'NONE',  ( -0.0000000000000000000, 0.0000000000000000000, -1.000000000000000000 ) ) ;
#5801 = EDGE_CURVE ( 'NONE', #306, #3745, #4123, .T. ) ;
#5802 = CARTESIAN_POINT ( 'NONE',  ( -1.248692419008931900, -4.234364390179608300E-015, -0.2916929133858263100 ) ) ;
#5803 = VERTEX_POINT ( 'NONE', #9143 ) ;
#5804 = LINE ( 'NONE', #5838, #3789 ) ;
#5805 = ORIENTED_EDGE ( 'NONE', *, *, #8045, .T. ) ;
#5806 = CARTESIAN_POINT ( 'NONE',  ( 0.2517653116130454400, 0.6800000000000001600, 0.005905511811023648000 ) ) ;
#5807 = EDGE_CURVE ( 'NONE', #5078, #2935, #2606, .T. ) ;
#5808 = ADVANCED_FACE ( 'NONE', ( #3529 ), #3230, .T. ) ;
#5809 = DIRECTION ( 'NONE',  ( 0.0000000000000000000, 0.0000000000000000000, 1.000000000000000000 ) ) ;
#5810 = EDGE_CURVE ( 'NONE', #4116, #9070, #8850, .T. ) ;
#5811 = EDGE_LOOP ( 'NONE', ( #2292, #250, #5772, #9667 ) ) ;
#5812 = FACE_OUTER_BOUND ( 'NONE', #1951, .T. ) ;
#5813 = CARTESIAN_POINT ( 'NONE',  ( 0.3081889763779528400, 0.6654050914126516900, 0.3297506561679789900 ) ) ;
#5814 = DIRECTION ( 'NONE',  ( 1.000000000000000000, 3.400677691960634400E-015, 2.134256245050208600E-015 ) ) ;
#5815 = VECTOR ( 'NONE', #8564, 39.37007874015748100 ) ;
#5816 = DIRECTION ( 'NONE',  ( -1.000000000000000000, -3.454814795174053200E-015, 0.0000000000000000000 ) ) ;
#5817 = ADVANCED_FACE ( 'NONE', ( #2373 ), #5490, .F. ) ;
#5818 = CARTESIAN_POINT ( 'NONE',  ( -0.1102362204724409600, 0.6721259842519691200, 0.3231889763779529600 ) ) ;
#5819 = CARTESIAN_POINT ( 'NONE',  ( -1.248692419008931900, -4.234364390179608300E-015, 0.3072834645669275700 ) ) ;
#5820 = DIRECTION ( 'NONE',  ( 1.000000000000000000, 0.0000000000000000000, 0.0000000000000000000 ) ) ;
#5821 = CARTESIAN_POINT ( 'NONE',  ( -0.2362204724409470400, 0.6307874015748017300, 0.1689370078740163900 ) ) ;
#5822 = PLANE ( 'NONE',  #8683 ) ;
#5823 = CARTESIAN_POINT ( 'NONE',  ( 0.1991058788142258700, 0.5618897637795282600, 0.3271259842519688200 ) ) ;
#5824 = FACE_OUTER_BOUND ( 'NONE', #6189, .T. ) ;
#5825 = B_SPLINE_SURFACE_WITH_KNOTS ( 'NONE', 1, 3, ( 
 ( #8445, #5543, #2655, #3361 ),
 ( #7843, #3402, #7909, #4145 ) ),
 .UNSPECIFIED., .F., .F., .F.,
 ( 2, 2 ),
 ( 4, 4 ),
 ( 0.0000000000000000000, 1.000000000000000000 ),
 ( 0.0000000000000000000, 1.000000000000000000 ),
 .UNSPECIFIED. ) ;
#5826 = CARTESIAN_POINT ( 'NONE',  ( -0.3101574803149604900, 0.6701574803149607000, 0.1791338582677164900 ) ) ;
#5827 = MANIFOLD_SOLID_BREP ( 'Boss-Extrude3[12]', #6466 ) ;
#5828 = EDGE_CURVE ( 'NONE', #9534, #7989, #4103, .T. ) ;
#5829 = DIRECTION ( 'NONE',  ( 0.0000000000000000000, -1.000000000000000000, 3.542423484451824700E-015 ) ) ;
#5830 = CARTESIAN_POINT ( 'NONE',  ( -0.3081889763779523400, 0.6662204724409429600, 0.3231889763779511900 ) ) ;
#5831 = EDGE_CURVE ( 'NONE', #8145, #2054, #5036, .T. ) ;
#5832 = DIRECTION ( 'NONE',  ( 0.0000000000000000000, 2.255523494348928900E-045, 1.000000000000000000 ) ) ;
#5833 = DIRECTION ( 'NONE',  ( -3.400677691960634000E-015, 1.000000000000000000, -5.137242217450206500E-048 ) ) ;
#5834 = ORIENTED_EDGE ( 'NONE', *, *, #980, .T. ) ;
#5835 = CARTESIAN_POINT ( 'NONE',  ( 0.3121259842519711300, -0.1256299212598414600, -0.1046850393700783100 ) ) ;
#5836 = CARTESIAN_POINT ( 'NONE',  ( -0.3101574803149608800, 0.5618897637795270400, -0.3349999999999999100 ) ) ;
#5837 = LINE ( 'NONE', #9661, #5604 ) ;
#5838 = CARTESIAN_POINT ( 'NONE',  ( -0.2228081619892131900, 0.5249121648799671700, 0.005905511811023646300 ) ) ;
#5839 = ORIENTED_EDGE ( 'NONE', *, *, #8260, .T. ) ;
#5840 = CARTESIAN_POINT ( 'NONE',  ( -0.3081889763779516200, 0.6654050914126516900, -0.3271259842519684800 ) ) ;
#5841 = ORIENTED_EDGE ( 'NONE', *, *, #1589, .F. ) ;
#5842 = FACE_OUTER_BOUND ( 'NONE', #2576, .T. ) ;
#5843 = ADVANCED_FACE ( 'NONE', ( #3638 ), #3939, .F. ) ;
#5844 = LINE ( 'NONE', #6640, #5608 ) ;
#5845 = ORIENTED_EDGE ( 'NONE', *, *, #1800, .T. ) ;
#5846 = EDGE_CURVE ( 'NONE', #5336, #2212, #8618, .T. ) ;
#5847 = DIRECTION ( 'NONE',  ( 0.0000000000000000000, 0.9743700647852350200, -0.2249510543438658400 ) ) ;
#5848 = VECTOR ( 'NONE', #7572, 39.37007874015748100 ) ;
#5849 = PLANE ( 'NONE',  #8792 ) ;
#5850 = EDGE_LOOP ( 'NONE', ( #5859, #7651, #8250, #35 ) ) ;
#5851 = EDGE_LOOP ( 'NONE', ( #7477, #6570, #9557, #8884 ) ) ;
#5852 = ORIENTED_EDGE ( 'NONE', *, *, #416, .T. ) ;
#5853 = ORIENTED_EDGE ( 'NONE', *, *, #1984, .T. ) ;
#5854 = EDGE_CURVE ( 'NONE', #4928, #9552, #8737, .T. ) ;
#5855 = LENGTH_MEASURE_WITH_UNIT ( LENGTH_MEASURE( 0.02539999999999999900 ), #131 );
#5856 = VERTEX_POINT ( 'NONE', #2583 ) ;
#5857 = FACE_OUTER_BOUND ( 'NONE', #2639, .T. ) ;
#5858 = VERTEX_POINT ( 'NONE', #3253 ) ;
#5859 = ORIENTED_EDGE ( 'NONE', *, *, #8726, .F. ) ;
#5860 = LINE ( 'NONE', #425, #487 ) ;
#5861 = ADVANCED_FACE ( 'NONE', ( #2705 ), #9309, .F. ) ;
#5862 = DIRECTION ( 'NONE',  ( 0.0000000000000000000, -1.000000000000000000, 3.469446951953613800E-015 ) ) ;
#5863 = CARTESIAN_POINT ( 'NONE',  ( 0.1102362204724409000, 0.6721259842519691200, 0.3231889763779529600 ) ) ;
#5864 = CARTESIAN_POINT ( 'NONE',  ( 0.01699999999999998400, 0.009842519685039430700, -0.1740000000000004900 ) ) ;
#5865 = ORIENTED_EDGE ( 'NONE', *, *, #774, .F. ) ;
#5866 = ORIENTED_EDGE ( 'NONE', *, *, #8974, .T. ) ;
#5867 = VERTEX_POINT ( 'NONE', #343 ) ;
#5868 = DIRECTION ( 'NONE',  ( 1.000000000000000000, 0.0000000000000000000, 4.336808689941968800E-015 ) ) ;
#5869 = ORIENTED_EDGE ( 'NONE', *, *, #6806, .T. ) ;
#5870 = PLANE ( 'NONE',  #2409 ) ;
#5871 = AXIS2_PLACEMENT_3D ( 'NONE', #7688, #5275, #6134 ) ;
#5872 = CIRCLE ( 'NONE', #8, 0.008858267716535422500 ) ;
#5873 = VERTEX_POINT ( 'NONE', #9345 ) ;
#5874 = FACE_OUTER_BOUND ( 'NONE', #3907, .T. ) ;
#5875 = ORIENTED_EDGE ( 'NONE', *, *, #7326, .F. ) ;
#5876 = LENGTH_MEASURE_WITH_UNIT ( LENGTH_MEASURE( 0.02539999999999999900 ), #7317 );
#5877 = AXIS2_PLACEMENT_3D ( 'NONE', #7893, #1915, #7137 ) ;
#5878 = CARTESIAN_POINT ( 'NONE',  ( -0.3101574803149606000, 0.6800000000000001600, 0.3230102407095416500 ) ) ;
#5879 = ORIENTED_EDGE ( 'NONE', *, *, #7988, .T. ) ;
#5880 = VECTOR ( 'NONE', #9499, 39.37007874015748100 ) ;
#5881 = EDGE_LOOP ( 'NONE', ( #6343, #7596, #4587 ) ) ;
#5882 = VERTEX_POINT ( 'NONE', #8585 ) ;
#5883 = LINE ( 'NONE', #5897, #7803 ) ;
#5884 = CARTESIAN_POINT ( 'NONE',  ( 0.1102362204724409200, 0.6793245162391586800, 0.3271259842519688200 ) ) ;
#5885 = LINE ( 'NONE', #5651, #1468 ) ;
#5886 = CARTESIAN_POINT ( 'NONE',  ( 0.3200000000000020600, 0.02362204724409333900, 0.1453149606299177500 ) ) ;
#5887 = ORIENTED_EDGE ( 'NONE', *, *, #6729, .T. ) ;
#5888 = ORIENTED_EDGE ( 'NONE', *, *, #7476, .F. ) ;
#5889 = EDGE_LOOP ( 'NONE', ( #4900, #365, #5616, #3332, #9234 ) ) ;
#5890 = COLOUR_RGB ( '',0.7921568627450980000, 0.8196078431372548800, 0.9333333333333333500 ) ;
#5891 = DIRECTION ( 'NONE',  ( 3.454814795174053200E-015, 1.000000000000000000, -0.0000000000000000000 ) ) ;
#5892 = EDGE_CURVE ( 'NONE', #598, #7399, #5166, .T. ) ;
#5893 = EDGE_LOOP ( 'NONE', ( #865, #9518, #1376, #7824 ) ) ;
#5894 = CARTESIAN_POINT ( 'NONE',  ( 0.1968503937007874100, 0.6721259842519685700, 0.005905511811023646300 ) ) ;
#5895 = FACE_OUTER_BOUND ( 'NONE', #4696, .T. ) ;
#5896 = FACE_OUTER_BOUND ( 'NONE', #3017, .T. ) ;
#5897 = CARTESIAN_POINT ( 'NONE',  ( 0.2052389610770355400, 0.6245520545984129000, 0.06102362204724409700 ) ) ;
#5898 = VERTEX_POINT ( 'NONE', #8625 ) ;
#5899 = VECTOR ( 'NONE', #4461, 39.37007874015748100 ) ;
#5900 = CARTESIAN_POINT ( 'NONE',  ( -0.3081889763779602200, -3.269490752763191800E-016, -0.3271259842519680400 ) ) ;
#5901 = DIRECTION ( 'NONE',  ( 3.454814795174053200E-015, 1.000000000000000000, -0.0000000000000000000 ) ) ;
#5902 = ADVANCED_FACE ( 'NONE', ( #6942 ), #3452, .F. ) ;
#5904 = LENGTH_MEASURE_WITH_UNIT ( LENGTH_MEASURE( 0.02539999999999999900 ), #9197 );
#5903 = CARTESIAN_POINT ( 'NONE',  ( -0.3071149738966094700, 0.6745144169278312100, -0.3331633977070582700 ) ) ;
#5905 = ORIENTED_EDGE ( 'NONE', *, *, #1922, .F. ) ;
#5906 = VECTOR ( 'NONE', #8711, 39.37007874015748100 ) ;
#5907 = EDGE_CURVE ( 'NONE', #3637, #2111, #8267, .T. ) ;
#5908 = DIRECTION ( 'NONE',  ( 0.0000000000000000000, 0.0000000000000000000, 1.000000000000000000 ) ) ;
#5909 = DIRECTION ( 'NONE',  ( -3.454814795174053600E-015, 1.000000000000000000, 2.168404344971014000E-015 ) ) ;
#5910 = FACE_OUTER_BOUND ( 'NONE', #4075, .T. ) ;
#5911 = PLANE ( 'NONE',  #7159 ) ;
#5912 = EDGE_CURVE ( 'NONE', #1571, #5167, #2257, .T. ) ;
#5913 = ORIENTED_EDGE ( 'NONE', *, *, #9576, .T. ) ;
#5914 = VECTOR ( 'NONE', #792, 39.37007874015748100 ) ;
#5915 = DIRECTION ( 'NONE',  ( 0.0000000000000000000, 0.0000000000000000000, 1.000000000000000000 ) ) ;
#5916 = EDGE_CURVE ( 'NONE', #8077, #6809, #9385, .T. ) ;
#5917 = ORIENTED_EDGE ( 'NONE', *, *, #4016, .T. ) ;
#5918 = DIRECTION ( 'NONE',  ( 3.400677691960634000E-015, -1.000000000000000000, -0.0000000000000000000 ) ) ;
#5919 = PLANE ( 'NONE',  #7927 ) ;
#5920 = AXIS2_PLACEMENT_3D ( 'NONE', #6513, #7277, #4960 ) ;
#5921 = CARTESIAN_POINT ( 'NONE',  ( -0.3121259842519694700, 0.6689861342390355200, 0.3245087043922666400 ) ) ;
#5922 = VECTOR ( 'NONE', #3694, 39.37007874015748100 ) ;
#5923 = DIRECTION ( 'NONE',  ( -1.000000000000000000, 0.0000000000000000000, 0.0000000000000000000 ) ) ;
#5924 = CARTESIAN_POINT ( 'NONE',  ( -0.3081889763779538400, 0.01574803149606298800, 0.3349999999999957500 ) ) ;
#5925 = LINE ( 'NONE', #9131, #1166 ) ;
#5926 = CARTESIAN_POINT ( 'NONE',  ( 0.1653543307086602600, 0.5591058788142251300, 0.3349999999999989700 ) ) ;
#5927 = DIRECTION ( 'NONE',  ( 0.0000000000000000000, -2.980685259443202000E-045, -1.000000000000000000 ) ) ;
#5928 = CARTESIAN_POINT ( 'NONE',  ( 0.2519685039370079800, 0.6465354330708685800, 0.1689370078740163900 ) ) ;
#5929 = CARTESIAN_POINT ( 'NONE',  ( 0.1574803149606287000, 0.5591058788142251300, 0.3349999999999995200 ) ) ;
#5930 = EDGE_CURVE ( 'NONE', #3637, #5856, #1464, .T. ) ;
#5931 = ADVANCED_FACE ( 'NONE', ( #4926 ), #7550, .T. ) ;
#5932 = VECTOR ( 'NONE', #7100, 39.37007874015748100 ) ;
#5933 = PLANE ( 'NONE',  #3499 ) ;
#5934 = EDGE_CURVE ( 'NONE', #5882, #6819, #6693, .T. ) ;
#5935 = DIRECTION ( 'NONE',  ( -1.000000000000000000, 6.909629590348118300E-015, 1.183291357831517800E-029 ) ) ;
#5936 = CARTESIAN_POINT ( 'NONE',  ( -0.1649999999999996200, -0.1100000000000004700, 0.06799999999999953300 ) ) ;
#5937 = PLANE ( 'NONE',  #132 ) ;
#5938 = CARTESIAN_POINT ( 'NONE',  ( 0.06700000000000046200, -0.1249999999999997800, -0.2740000000000004700 ) ) ;
#5939 = ADVANCED_FACE ( 'NONE', ( #749 ), #1176, .F. ) ;
#5940 = EDGE_CURVE ( 'NONE', #5867, #4109, #4866, .T. ) ;
#5941 = DIRECTION ( 'NONE',  ( -0.0000000000000000000, -0.0000000000000000000, 1.000000000000000000 ) ) ;
#5942 = CARTESIAN_POINT ( 'NONE',  ( 0.3121259842519707500, 0.009842519685040438500, 0.2561023622047227700 ) ) ;
#5943 = DIRECTION ( 'NONE',  ( 1.000000000000000000, 0.0000000000000000000, 0.0000000000000000000 ) ) ;
#5944 = DIRECTION ( 'NONE',  ( 0.0000000000000000000, 0.0000000000000000000, -1.000000000000000000 ) ) ;
#5945 = VERTEX_POINT ( 'NONE', #7182 ) ;
#5946 = CARTESIAN_POINT ( 'NONE',  ( -0.1669999999999995700, -0.1250000000000005800, -0.1740000000000004600 ) ) ;
#5947 = PRESENTATION_LAYER_ASSIGNMENT (  '', '', ( #5456 ) ) ;
#5948 = ADVANCED_FACE ( 'NONE', ( #7185 ), #1206, .F. ) ;
#5949 = ORIENTED_EDGE ( 'NONE', *, *, #1749, .T. ) ;
#5950 = EDGE_CURVE ( 'NONE', #3745, #5867, #4945, .T. ) ;
#5951 = VERTEX_POINT ( 'NONE', #1283 ) ;
#5952 = CIRCLE ( 'NONE', #8897, 0.007874015748031497700 ) ;
#5953 =( CONVERSION_BASED_UNIT ( 'INCH', #411 ) LENGTH_UNIT ( ) NAMED_UNIT ( #2957 ) );
#5954 = CARTESIAN_POINT ( 'NONE',  ( -0.2018897637795226700, 0.5591058788142252400, 0.3350000000000001900 ) ) ;
#5955 = DIRECTION ( 'NONE',  ( 1.000000000000000000, 0.0000000000000000000, 0.0000000000000000000 ) ) ;
#5956 = ORIENTED_EDGE ( 'NONE', *, *, #6575, .F. ) ;
#5957 = FACE_OUTER_BOUND ( 'NONE', #7634, .T. ) ;
#5958 = ORIENTED_EDGE ( 'NONE', *, *, #3392, .T. ) ;
#5959 = VECTOR ( 'NONE', #4132, 39.37007874015748100 ) ;
#5960 = CARTESIAN_POINT ( 'NONE',  ( 0.3081889763779540600, 0.07874015748031271100, -0.3231889763779527400 ) ) ;
#5961 = VECTOR ( 'NONE', #5908, 39.37007874015748100 ) ;
#5962 = ORIENTED_EDGE ( 'NONE', *, *, #7027, .T. ) ;
#5963 = VECTOR ( 'NONE', #9631, 39.37007874015748100 ) ;
#5964 = CARTESIAN_POINT ( 'NONE',  ( -1.248692419008931200, -0.1250000000000042500, 0.2561023622047228200 ) ) ;
#5965 = ORIENTED_EDGE ( 'NONE', *, *, #8042, .F. ) ;
#5966 = DIRECTION ( 'NONE',  ( 0.04767700045778141400, 0.0000000000000000000, -0.9988628052076765600 ) ) ;
#5967 = LINE ( 'NONE', #1982, #6921 ) ;
#5968 = CARTESIAN_POINT ( 'NONE',  ( -0.3121259842519705200, 0.05511811023622149900, -0.06531496062992475600 ) ) ;
#5969 = ORIENTED_EDGE ( 'NONE', *, *, #5440, .T. ) ;
#5970 = ORIENTED_EDGE ( 'NONE', *, *, #8940, .F. ) ;
#5971 = ORIENTED_EDGE ( 'NONE', *, *, #6059, .F. ) ;
#5972 = ORIENTED_EDGE ( 'NONE', *, *, #6892, .T. ) ;
#5973 = EDGE_CURVE ( 'NONE', #8977, #1218, #1233, .T. ) ;
#5974 = VECTOR ( 'NONE', #3064, 39.37007874015748100 ) ;
#5975 = ORIENTED_EDGE ( 'NONE', *, *, #5647, .T. ) ;
#5976 = LINE ( 'NONE', #7955, #3863 ) ;
#5977 = SURFACE_STYLE_USAGE ( .BOTH. , #5153 ) ;
#5978 = DIRECTION ( 'NONE',  ( -7.771642307371902400E-016, -0.2249510543438658400, -0.9743700647852350200 ) ) ;
#5979 = ORIENTED_EDGE ( 'NONE', *, *, #2161, .F. ) ;
#5980 = ADVANCED_FACE ( 'NONE', ( #4801 ), #4983, .T. ) ;
#5981 = CARTESIAN_POINT ( 'NONE',  ( 0.2052389610770356000, 0.6245520545984129000, 0.005905511811023646300 ) ) ;
#5982 = B_SPLINE_SURFACE_WITH_KNOTS ( 'NONE', 1, 3, ( 
 ( #7849, #9420, #3348, #8609 ),
 ( #5649, #1191, #4080, #1897 ) ),
 .UNSPECIFIED., .F., .F., .F.,
 ( 2, 2 ),
 ( 4, 4 ),
 ( 0.0000000000000000000, 1.000000000000000000 ),
 ( 0.0000000000000000000, 1.000000000000000000 ),
 .UNSPECIFIED. ) ;
#5983 = LINE ( 'NONE', #9107, #376 ) ;
#5984 = EDGE_CURVE ( 'NONE', #6737, #758, #4219, .T. ) ;
#5985 = CARTESIAN_POINT ( 'NONE',  ( 0.3065471498093914600, 0.6726315874602429900, 0.3343574244550602300 ) ) ;
#5986 = ORIENTED_EDGE ( 'NONE', *, *, #4293, .F. ) ;
#5987 = ORIENTED_EDGE ( 'NONE', *, *, #3825, .T. ) ;
#5988 = EDGE_CURVE ( 'NONE', #3415, #2795, #505, .T. ) ;
#5989 = EDGE_CURVE ( 'NONE', #8059, #4314, #3984, .T. ) ;
#5990 = LINE ( 'NONE', #8434, #3980 ) ;
#5991 = EDGE_LOOP ( 'NONE', ( #4734, #3972, #8026, #9565 ) ) ;
#5992 = ORIENTED_EDGE ( 'NONE', *, *, #536, .T. ) ;
#5993 = VECTOR ( 'NONE', #4331, 39.37007874015748100 ) ;
#5994 = ORIENTED_EDGE ( 'NONE', *, *, #6664, .T. ) ;
#5995 = ORIENTED_EDGE ( 'NONE', *, *, #4266, .T. ) ;
#5996 = CARTESIAN_POINT ( 'NONE',  ( 0.1830000000000000000, 0.009842519685039994400, -0.2740000000000004700 ) ) ;
#5997 = CARTESIAN_POINT ( 'NONE',  ( 0.1574803149606287000, 0.5591058788142251300, 0.3271259842519679800 ) ) ;
#5998 = LINE ( 'NONE', #5410, #1684 ) ;
#5999 = ADVANCED_FACE ( 'NONE', ( #7685 ), #3646, .F. ) ;
#6000 = ORIENTED_EDGE ( 'NONE', *, *, #2436, .F. ) ;
#6001 = ORIENTED_EDGE ( 'NONE', *, *, #7373, .T. ) ;
#6002 = VERTEX_POINT ( 'NONE', #5886 ) ;
#6003 = FACE_OUTER_BOUND ( 'NONE', #7570, .T. ) ;
#6004 = VERTEX_POINT ( 'NONE', #2076 ) ;
#6005 = AXIS2_PLACEMENT_3D ( 'NONE', #9519, #9474, #5623 ) ;
#6006 = CARTESIAN_POINT ( 'NONE',  ( 0.03300000000000046000, -0.1249999999999999000, -0.1740000000000004600 ) ) ;
#6007 = DIRECTION ( 'NONE',  ( -0.0000000000000000000, -0.0000000000000000000, 1.000000000000000000 ) ) ;
#6008 = ADVANCED_FACE ( 'NONE', ( #6457 ), #5524, .T. ) ;
#6009 = LINE ( 'NONE', #1207, #9221 ) ;
#6010 = ORIENTED_EDGE ( 'NONE', *, *, #8330, .F. ) ;
#6011 = SURFACE_STYLE_FILL_AREA ( #943 ) ;
#6012 = CARTESIAN_POINT ( 'NONE',  ( -0.06699999999999942100, -0.1603553390593276400, -0.1900000000000004700 ) ) ;
#6013 = AXIS2_PLACEMENT_3D ( 'NONE', #2078, #7357, #5062 ) ;
#6014 = ORIENTED_EDGE ( 'NONE', *, *, #7032, .F. ) ;
#6015 = VECTOR ( 'NONE', #596, 39.37007874015748100 ) ;
#6016 = PLANE ( 'NONE',  #4353 ) ;
#6017 = CARTESIAN_POINT ( 'NONE',  ( 0.0000000000000000000, 0.6701574803149605900, 0.0000000000000000000 ) ) ;
#6018 = DIRECTION ( 'NONE',  ( -1.000000000000000000, 0.0000000000000000000, 0.0000000000000000000 ) ) ;
#6019 = AXIS2_PLACEMENT_3D ( 'NONE', #6041, #1588, #6781 ) ;
#6020 = DIRECTION ( 'NONE',  ( 0.0000000000000000000, -7.954849691074412900E-047, 1.000000000000000000 ) ) ;
#6021 =( LENGTH_UNIT ( ) NAMED_UNIT ( * ) SI_UNIT ( $, .METRE. ) );
#6022 = EDGE_CURVE ( 'NONE', #3564, #4142, #3409, .T. ) ;
#6023 = ORIENTED_EDGE ( 'NONE', *, *, #238, .T. ) ;
#6024 = EDGE_CURVE ( 'NONE', #8503, #8500, #5710, .T. ) ;
#6025 = DIRECTION ( 'NONE',  ( 3.400677691960634000E-015, -1.000000000000000000, -0.0000000000000000000 ) ) ;
#6026 = ORIENTED_EDGE ( 'NONE', *, *, #9034, .T. ) ;
#6027 = SURFACE_STYLE_FILL_AREA ( #9346 ) ;
#6028 = ORIENTED_EDGE ( 'NONE', *, *, #9506, .F. ) ;
#6029 = ORIENTED_EDGE ( 'NONE', *, *, #2528, .F. ) ;
#6030 = FACE_OUTER_BOUND ( 'NONE', #2008, .T. ) ;
#6031 = SURFACE_STYLE_USAGE ( .BOTH. , #9039 ) ;
#6032 = DIRECTION ( 'NONE',  ( -4.268512490100417200E-015, 1.030197060489429400E-033, 1.000000000000000000 ) ) ;
#6033 = CARTESIAN_POINT ( 'NONE',  ( -0.08267716535433287900, 0.6307874015748022900, 0.2399521717798882300 ) ) ;
#6034 = LINE ( 'NONE', #8830, #1835 ) ;
#6035 = STYLED_ITEM ( 'NONE', ( #7029 ), #211 ) ;
#6036 = ORIENTED_EDGE ( 'NONE', *, *, #206, .T. ) ;
#6037 = EDGE_LOOP ( 'NONE', ( #8435, #3439, #7166, #8728 ) ) ;
#6038 = DIRECTION ( 'NONE',  ( 2.134256245050203900E-015, 7.259128223861635600E-030, -1.000000000000000000 ) ) ;
#6039 = PLANE ( 'NONE',  #1456 ) ;
#6040 = CARTESIAN_POINT ( 'NONE',  ( -0.3081889763779468400, 0.6654050914126516900, -0.3349999999999999600 ) ) ;
#6041 = CARTESIAN_POINT ( 'NONE',  ( -0.3081889763779546200, 0.02165354330708556300, 0.3231889763779511900 ) ) ;
#6042 = VERTEX_POINT ( 'NONE', #6533 ) ;
#6043 = LINE ( 'NONE', #3350, #1843 ) ;
#6044 = DIRECTION ( 'NONE',  ( 0.0000000000000000000, 0.0000000000000000000, -1.000000000000000000 ) ) ;
#6045 = DIRECTION ( 'NONE',  ( 0.0000000000000000000, 0.0000000000000000000, 1.000000000000000000 ) ) ;
#6046 = ADVANCED_FACE ( 'NONE', ( #7430 ), #1572, .T. ) ;
#6047 = EDGE_CURVE ( 'NONE', #4070, #8997, #8970, .T. ) ;
#6048 = DIRECTION ( 'NONE',  ( -3.400677691960634400E-015, 1.000000000000000000, -5.673458669708795000E-046 ) ) ;
#6049 = CARTESIAN_POINT ( 'NONE',  ( -0.3121259842519704700, 0.02165354330708556300, 0.3133464566929117800 ) ) ;
#6050 = CARTESIAN_POINT ( 'NONE',  ( -0.3054050914126515400, 0.6681889763779523800, -0.3271259842519679300 ) ) ;
#6051 = LINE ( 'NONE', #8363, #8899 ) ;
#6052 = CARTESIAN_POINT ( 'NONE',  ( 0.2018897637795223900, 0.5591058788142252400, -0.3349999999999999100 ) ) ;
#6053 = ADVANCED_FACE ( 'NONE', ( #8505 ), #5919, .T. ) ;
#6054 = CARTESIAN_POINT ( 'NONE',  ( 0.1653543307086601500, 0.07874015748031323900, -0.3349999999999995800 ) ) ;
#6055 = DIRECTION ( 'NONE',  ( -3.717264591378884600E-015, 3.454814795174027600E-015, 1.000000000000000000 ) ) ;
#6056 = AXIS2_PLACEMENT_3D ( 'NONE', #8328, #1660, #4612 ) ;
#6057 = DIRECTION ( 'NONE',  ( -7.099813968557893200E-031, 2.087764443346746500E-016, 1.000000000000000000 ) ) ;
#6058 = CARTESIAN_POINT ( 'NONE',  ( -0.3080618398624078200, 0.6778982845064636100, 0.3310174633725183100 ) ) ;
#6059 = EDGE_CURVE ( 'NONE', #2120, #4220, #7235, .T. ) ;
#6060 = CARTESIAN_POINT ( 'NONE',  ( -0.2249999999999996200, -0.1100000000000007400, 0.06799999999999951900 ) ) ;
#6061 = AXIS2_PLACEMENT_3D ( 'NONE', #1475, #12, #6734 ) ;
#6062 = DIRECTION ( 'NONE',  ( 1.000000000000000000, 0.0000000000000000000, 1.314184451497581500E-016 ) ) ;
#6063 = EDGE_CURVE ( 'NONE', #8236, #1858, #8772, .T. ) ;
#6064 = PLANE ( 'NONE',  #6704 ) ;
#6065 = CARTESIAN_POINT ( 'NONE',  ( -0.2018897637795313800, 0.5591058788142250200, -0.3350000000000019600 ) ) ;
#6066 = CARTESIAN_POINT ( 'NONE',  ( 0.3121259842519706900, 0.02165354330708767900, 0.3133464566929117800 ) ) ;
#6067 = ORIENTED_EDGE ( 'NONE', *, *, #4719, .T. ) ;
#6068 = ORIENTED_EDGE ( 'NONE', *, *, #7240, .F. ) ;
#6069 = CARTESIAN_POINT ( 'NONE',  ( -0.3121259842519681900, 0.6747956584452606800, 0.3293732138850200000 ) ) ;
#6070 = SURFACE_SIDE_STYLE ('',( #6011 ) ) ;
#6071 = DIRECTION ( 'NONE',  ( 0.0000000000000000000, -1.000000000000000000, -3.717264591378872800E-015 ) ) ;
#6072 = CARTESIAN_POINT ( 'NONE',  ( 0.3121259842519685800, 0.6706733131607026700, -0.3222775818124640800 ) ) ;
#6073 = ORIENTED_EDGE ( 'NONE', *, *, #4776, .T. ) ;
#6074 = LINE ( 'NONE', #9395, #5959 ) ;
#6075 = LINE ( 'NONE', #2426, #2328 ) ;
#6076 = DIRECTION ( 'NONE',  ( 0.0000000000000000000, 1.000000000000000000, 0.0000000000000000000 ) ) ;
#6077 = CYLINDRICAL_SURFACE ( 'NONE', #8392, 0.001968503937007862300 ) ;
#6078 = AXIS2_PLACEMENT_3D ( 'NONE', #5243, #2166, #672 ) ;
#6079 = VERTEX_POINT ( 'NONE', #4284 ) ;
#6080 = LINE ( 'NONE', #6991, #4305 ) ;
#6081 = EDGE_CURVE ( 'NONE', #7152, #8499, #7302, .T. ) ;
#6082 = ADVANCED_FACE ( 'NONE', ( #9075 ), #5797, .T. ) ;
#6083 = ORIENTED_EDGE ( 'NONE', *, *, #2969, .F. ) ;
#6084 = ORIENTED_EDGE ( 'NONE', *, *, #814, .T. ) ;
#6085 = EDGE_LOOP ( 'NONE', ( #8713, #6459, #6438, #1892 ) ) ;
#6086 = SURFACE_SIDE_STYLE ('',( #9473 ) ) ;
#6087 = ORIENTED_EDGE ( 'NONE', *, *, #3056, .T. ) ;
#6088 = DIRECTION ( 'NONE',  ( -3.400677691960634400E-015, 1.000000000000000000, 6.347727701402936100E-047 ) ) ;
#6089 = VERTEX_POINT ( 'NONE', #2165 ) ;
#6090 = FACE_BOUND ( 'NONE', #7294, .T. ) ;
#6091 = ORIENTED_EDGE ( 'NONE', *, *, #337, .F. ) ;
#6092 = SURFACE_STYLE_FILL_AREA ( #4567 ) ;
#6093 = CARTESIAN_POINT ( 'NONE',  ( -0.3081889763779556700, 0.6654050914126516900, -0.3350000000000019100 ) ) ;
#6094 = ORIENTED_EDGE ( 'NONE', *, *, #6751, .T. ) ;
#6095 = ORIENTED_EDGE ( 'NONE', *, *, #5561, .T. ) ;
#6096 = ORIENTED_EDGE ( 'NONE', *, *, #9619, .F. ) ;
#6097 = CARTESIAN_POINT ( 'NONE',  ( 0.3081889763779573400, -2.048885995248197400E-016, 0.3349999999999978000 ) ) ;
#6098 = AXIS2_PLACEMENT_3D ( 'NONE', #6220, #9254, #4712 ) ;
#6099 = DIRECTION ( 'NONE',  ( -0.9988628052076765600, 0.0000000000000000000, 0.04767700045778141400 ) ) ;
#6100 = VECTOR ( 'NONE', #8325, 39.37007874015748100 ) ;
#6101 = ADVANCED_FACE ( 'NONE', ( #6223 ), #9657, .F. ) ;
#6102 = ORIENTED_EDGE ( 'NONE', *, *, #1084, .T. ) ;
#6103 = VECTOR ( 'NONE', #2661, 39.37007874015748100 ) ;
#6104 = VERTEX_POINT ( 'NONE', #3603 ) ;
#6105 = CONICAL_SURFACE ( 'NONE', #4004, 0.06000000000000001200, 0.7853981633974517200 ) ;
#6106 = DIRECTION ( 'NONE',  ( 6.527062002113305800E-031, -1.889265384422574500E-016, -1.000000000000000000 ) ) ;
#6107 = VERTEX_POINT ( 'NONE', #7508 ) ;
#6108 = LINE ( 'NONE', #3680, #8847 ) ;
#6109 = VERTEX_POINT ( 'NONE', #5942 ) ;
#6110 = VERTEX_POINT ( 'NONE', #2992 ) ;
#6112 = DIRECTION ( 'NONE',  ( 0.0000000000000000000, -1.000000000000000000, 0.0000000000000000000 ) ) ;
#6111 = LINE ( 'NONE', #5338, #883 ) ;
#6113 = SURFACE_SIDE_STYLE ('',( #3241 ) ) ;
#6114 = CARTESIAN_POINT ( 'NONE',  ( -0.1169999999999995600, -0.1250000000000004200, -0.2740000000000004700 ) ) ;
#6115 = VECTOR ( 'NONE', #9610, 39.37007874015748100 ) ;
#6116 = DIRECTION ( 'NONE',  ( -1.000000000000000000, -3.334775382890939900E-015, -2.134256245050201500E-015 ) ) ;
#6117 = EDGE_CURVE ( 'NONE', #4294, #3299, #9322, .T. ) ;
#6118 = ORIENTED_EDGE ( 'NONE', *, *, #5160, .T. ) ;
#6119 = CARTESIAN_POINT ( 'NONE',  ( -0.3145144169278268300, 0.6671149738966100100, -0.3331633977070616000 ) ) ;
#6120 = CARTESIAN_POINT ( 'NONE',  ( -0.3121259842519705200, 0.0000000000000000000, -0.3231889763779504700 ) ) ;
#6121 = ORIENTED_EDGE ( 'NONE', *, *, #1840, .T. ) ;
#6122 = LINE ( 'NONE', #9572, #1013 ) ;
#6123 =( LENGTH_UNIT ( ) NAMED_UNIT ( * ) SI_UNIT ( $, .METRE. ) );
#6124 = ORIENTED_EDGE ( 'NONE', *, *, #6288, .F. ) ;
#6125 = EDGE_CURVE ( 'NONE', #9119, #500, #154, .T. ) ;
#6126 = FACE_OUTER_BOUND ( 'NONE', #8623, .T. ) ;
#6127 = CARTESIAN_POINT ( 'NONE',  ( -0.2573001884328043300, 0.6721259842519685700, 0.2818503937007870700 ) ) ;
#6128 = EDGE_CURVE ( 'NONE', #7195, #7282, #6445, .T. ) ;
#6129 = VECTOR ( 'NONE', #1058, 39.37007874015748100 ) ;
#6130 = ORIENTED_EDGE ( 'NONE', *, *, #7851, .T. ) ;
#6131 = CARTESIAN_POINT ( 'NONE',  ( -0.1329999999999994500, -0.1603553390593278300, -0.2740000000000004700 ) ) ;
#6132 = CARTESIAN_POINT ( 'NONE',  ( -0.3200000000000020100, 0.07874015748031493200, -0.3231889763779527400 ) ) ;
#6133 = LINE ( 'NONE', #8016, #2631 ) ;
#6134 = DIRECTION ( 'NONE',  ( -1.000000000000000000, -4.553079989440437500E-015, 0.0000000000000000000 ) ) ;
#6135 = ORIENTED_EDGE ( 'NONE', *, *, #7261, .F. ) ;
#6136 = CARTESIAN_POINT ( 'NONE',  ( -0.3080505540678221700, 0.6714119681968003800, 0.3258069979148141600 ) ) ;
#6137 = DIRECTION ( 'NONE',  ( -1.000000000000000000, -3.454814795174053200E-015, 0.0000000000000000000 ) ) ;
#6138 = CARTESIAN_POINT ( 'NONE',  ( -0.3111850131078016700, 0.6719138324874208700, -0.3219122744137258300 ) ) ;
#6139 = LINE ( 'NONE', #9099, #4133 ) ;
#6140 = DIRECTION ( 'NONE',  ( 0.0000000000000000000, -4.218116895464020600E-045, 1.000000000000000000 ) ) ;
#6141 = AXIS2_PLACEMENT_3D ( 'NONE', #555, #4991, #8725 ) ;
#6142 = ORIENTED_EDGE ( 'NONE', *, *, #2743, .T. ) ;
#6143 = VECTOR ( 'NONE', #1410, 39.37007874015748100 ) ;
#6144 = PLANE ( 'NONE',  #3328 ) ;
#6145 = EDGE_CURVE ( 'NONE', #6859, #2444, #2596, .T. ) ;
#6146 = DIRECTION ( 'NONE',  ( -1.000000000000000000, 3.454814795174053600E-015, 0.0000000000000000000 ) ) ;
#6147 = ORIENTED_EDGE ( 'NONE', *, *, #2064, .T. ) ;
#6148 = ADVANCED_FACE ( 'NONE', ( #4578 ), #6016, .F. ) ;
#6149 = VECTOR ( 'NONE', #3374, 39.37007874015748100 ) ;
#6150 = CARTESIAN_POINT ( 'NONE',  ( 0.2018897637795229700, 0.5591058788142251300, 0.3271259842519674300 ) ) ;
#6151 = CARTESIAN_POINT ( 'NONE',  ( 0.2755905511810998700, 0.6701574803149607000, 0.3271259842519668700 ) ) ;
#6152 = CARTESIAN_POINT ( 'NONE',  ( -0.3099217144102473500, 0.6800000000000001600, -0.3231889763779528000 ) ) ;
#6153 = CARTESIAN_POINT ( 'NONE',  ( -0.1615000000000000300, 0.009842519685038823500, 0.2174999999999995300 ) ) ;
#6154 = AXIS2_PLACEMENT_3D ( 'NONE', #6727, #9334, #108 ) ;
#6155 = CARTESIAN_POINT ( 'NONE',  ( 0.1653543307086602600, 0.5591058788142251300, 0.3271259842519674300 ) ) ;
#6156 = VECTOR ( 'NONE', #7434, 39.37007874015748900 ) ;
#6157 = DIRECTION ( 'NONE',  ( 1.000000000000000000, 3.400677691960634400E-015, 0.0000000000000000000 ) ) ;
#6158 = EDGE_CURVE ( 'NONE', #427, #9156, #2360, .T. ) ;
#6159 = DIRECTION ( 'NONE',  ( 0.0000000000000000000, 1.000000000000000000, 0.0000000000000000000 ) ) ;
#6160 = SPHERICAL_SURFACE ( 'NONE', #3967, 0.003937007874015748000 ) ;
#6161 = CARTESIAN_POINT ( 'NONE',  ( 0.1255055738910761700, 0.2764566929133853700, 0.1689370078740165000 ) ) ;
#6162 = EDGE_CURVE ( 'NONE', #1439, #4769, #3166, .T. ) ;
#6163 = CARTESIAN_POINT ( 'NONE',  ( 0.3101574803149606000, 0.6721259842519689000, -0.3230102407095416000 ) ) ;
#6164 = EDGE_CURVE ( 'NONE', #4819, #9329, #4207, .T. ) ;
#6165 = CARTESIAN_POINT ( 'NONE',  ( -0.3199999999999998400, 0.6701574803149607000, -0.3230102407095410400 ) ) ;
#6166 = EDGE_CURVE ( 'NONE', #8929, #2245, #8720, .T. ) ;
#6167 = DIRECTION ( 'NONE',  ( -1.000000000000000000, -3.400677691960634000E-015, -8.758115402030106700E-047 ) ) ;
#6168 = DIRECTION ( 'NONE',  ( -0.0000000000000000000, -1.000000000000000000, -0.0000000000000000000 ) ) ;
#6169 = AXIS2_PLACEMENT_3D ( 'NONE', #8545, #9361, #1801 ) ;
#6170 = DIRECTION ( 'NONE',  ( 3.468166398206581500E-015, -1.000000000000000000, -2.678254010891202700E-048 ) ) ;
#6171 = CARTESIAN_POINT ( 'NONE',  ( -1.248692419008931200, -0.1250000000000042500, 0.2561023622047228800 ) ) ;
#6172 = DIRECTION ( 'NONE',  ( -3.400677691960634000E-015, 1.000000000000000000, 1.889265384422574300E-016 ) ) ;
#6173 = DIRECTION ( 'NONE',  ( -1.000000000000000000, 3.454814795174053200E-015, 0.0000000000000000000 ) ) ;
#6174 = AXIS2_PLACEMENT_3D ( 'NONE', #6376, #5763, #7983 ) ;
#6175 = CARTESIAN_POINT ( 'NONE',  ( -0.01699999999999955700, -0.1250000000000000600, -0.2740000000000004700 ) ) ;
#6176 = DIRECTION ( 'NONE',  ( -1.000000000000000000, 0.0000000000000000000, 0.0000000000000000000 ) ) ;
#6177 = LINE ( 'NONE', #3678, #4173 ) ;
#6178 = DIRECTION ( 'NONE',  ( 0.0000000000000000000, 0.0000000000000000000, 1.000000000000000000 ) ) ;
#6179 = ORIENTED_EDGE ( 'NONE', *, *, #8074, .F. ) ;
#6180 = ORIENTED_EDGE ( 'NONE', *, *, #3723, .T. ) ;
#6181 = LINE ( 'NONE', #3999, #9040 ) ;
#6182 = AXIS2_PLACEMENT_3D ( 'NONE', #5680, #8099, #8075 ) ;
#6183 = CARTESIAN_POINT ( 'NONE',  ( 0.3101574803149606000, 0.6800000000000003800, -0.3230102407095414300 ) ) ;
#6184 = PLANE ( 'NONE',  #6636 ) ;
#6185 = EDGE_LOOP ( 'NONE', ( #7589, #4010, #8462, #4206 ) ) ;
#6186 = ADVANCED_FACE ( 'NONE', ( #5874 ), #9719, .T. ) ;
#6187 = LINE ( 'NONE', #3173, #3604 ) ;
#6188 = CARTESIAN_POINT ( 'NONE',  ( 0.3054050914126513700, 0.6681889763779533800, 0.3271259842519682600 ) ) ;
#6189 = EDGE_LOOP ( 'NONE', ( #2904, #7689, #4226, #3647 ) ) ;
#6190 = EDGE_CURVE ( 'NONE', #771, #4973, #9659, .T. ) ;
#6191 = ORIENTED_EDGE ( 'NONE', *, *, #4086, .F. ) ;
#6192 = FACE_OUTER_BOUND ( 'NONE', #367, .T. ) ;
#6194 = EDGE_CURVE ( 'NONE', #985, #5132, #5634, .T. ) ;
#6193 = CARTESIAN_POINT ( 'NONE',  ( -0.3126315874602351200, 0.6665471498093917800, 0.3343574244550633300 ) ) ;
#6195 = ORIENTED_EDGE ( 'NONE', *, *, #8873, .F. ) ;
#6196 = LINE ( 'NONE', #1132, #1656 ) ;
#6197 = CARTESIAN_POINT ( 'NONE',  ( 0.08267716535432857700, 0.6307874015748028400, 0.3231889763779511900 ) ) ;
#6198 = VERTEX_POINT ( 'NONE', #9030 ) ;
#6199 = VECTOR ( 'NONE', #4818, 39.37007874015748100 ) ;
#6200 = EDGE_LOOP ( 'NONE', ( #1335, #5865, #1199, #9658, #8746, #1483 ) ) ;
#6201 = ORIENTED_EDGE ( 'NONE', *, *, #1653, .F. ) ;
#6202 = ORIENTED_EDGE ( 'NONE', *, *, #1730, .T. ) ;
#6203 = VERTEX_POINT ( 'NONE', #3801 ) ;
#6204 = CARTESIAN_POINT ( 'NONE',  ( -0.2362204724409458800, 0.2764566929133842100, 0.08464566929133871000 ) ) ;
#6205 = AXIS2_PLACEMENT_3D ( 'NONE', #3136, #101, #859 ) ;
#6206 = FACE_OUTER_BOUND ( 'NONE', #4681, .T. ) ;
#6207 = EDGE_LOOP ( 'NONE', ( #735, #6264, #4425, #9228 ) ) ;
#6208 = VECTOR ( 'NONE', #6701, 39.37007874015748100 ) ;
#6209 = ORIENTED_EDGE ( 'NONE', *, *, #1355, .F. ) ;
#6210 = CARTESIAN_POINT ( 'NONE',  ( -0.1181102362204724500, 0.6799999999999999400, 0.2897244094488185500 ) ) ;
#6211 = EDGE_CURVE ( 'NONE', #7702, #8175, #34, .T. ) ;
#6212 = CARTESIAN_POINT ( 'NONE',  ( 0.1615000000000006200, -0.1603553390593268300, 0.2174999999999995500 ) ) ;
#6213 = LINE ( 'NONE', #4604, #5754 ) ;
#6214 = CARTESIAN_POINT ( 'NONE',  ( -0.3089748484444491100, 0.6800000000000001600, -0.3271959195966517300 ) ) ;
#6215 = DIRECTION ( 'NONE',  ( 0.0000000000000000000, 0.0000000000000000000, 1.000000000000000000 ) ) ;
#6216 = EDGE_LOOP ( 'NONE', ( #2219, #6420, #8486, #7179 ) ) ;
#6217 = ORIENTED_EDGE ( 'NONE', *, *, #7203, .T. ) ;
#6218 = EDGE_CURVE ( 'NONE', #5131, #6079, #7778, .T. ) ;
#6219 = VECTOR ( 'NONE', #5296, 39.37007874015748100 ) ;
#6220 = CARTESIAN_POINT ( 'NONE',  ( 0.3081889763779528400, 0.6701574803149605900, -0.3231889763779528000 ) ) ;
#6221 = VERTEX_POINT ( 'NONE', #5323 ) ;
#6222 = ORIENTED_EDGE ( 'NONE', *, *, #1074, .T. ) ;
#6223 = FACE_OUTER_BOUND ( 'NONE', #6657, .T. ) ;
#6224 = EDGE_LOOP ( 'NONE', ( #3080, #7311, #384, #4505 ) ) ;
#6225 = LINE ( 'NONE', #1746, #6461 ) ;
#6226 = CARTESIAN_POINT ( 'NONE',  ( 0.3101574803149606000, 0.6800000000000003800, 0.3230102407095412600 ) ) ;
#6227 = EDGE_CURVE ( 'NONE', #1698, #4699, #386, .T. ) ;
#6228 = DIRECTION ( 'NONE',  ( -1.000000000000000000, 0.0000000000000000000, 0.0000000000000000000 ) ) ;
#6229 = EDGE_LOOP ( 'NONE', ( #5264, #7984, #4924, #2459 ) ) ;
#6230 = VERTEX_POINT ( 'NONE', #5285 ) ;
#6231 = ORIENTED_EDGE ( 'NONE', *, *, #7708, .T. ) ;
#6232 = VECTOR ( 'NONE', #4530, 39.37007874015748100 ) ;
#6233 = ORIENTED_EDGE ( 'NONE', *, *, #5157, .T. ) ;
#6234 = CARTESIAN_POINT ( 'NONE',  ( 0.3121259842519707500, 1.058591097544902100E-015, 0.2561023622047228200 ) ) ;
#6235 = CARTESIAN_POINT ( 'NONE',  ( 0.2018897637795229500, 0.5591058788142251300, -0.3271259842519685400 ) ) ;
#6236 = VERTEX_POINT ( 'NONE', #4525 ) ;
#6237 = CIRCLE ( 'NONE', #8003, 0.003937007874015724600 ) ;
#6238 = DIRECTION ( 'NONE',  ( -1.000000000000000000, -3.400677691960634000E-015, 0.0000000000000000000 ) ) ;
#6239 = CARTESIAN_POINT ( 'NONE',  ( -0.3065471498093913500, 0.6726315874602426500, -0.3343574244550598900 ) ) ;
#6240 = EDGE_CURVE ( 'NONE', #3965, #721, #9509, .T. ) ;
#6241 = DIRECTION ( 'NONE',  ( -4.553079989440435900E-015, 1.000000000000000000, -0.0000000000000000000 ) ) ;
#6242 = EDGE_LOOP ( 'NONE', ( #5888, #316, #1566, #9540 ) ) ;
#6243 = ADVANCED_FACE ( 'NONE', ( #5750 ), #3445, .F. ) ;
#6244 = VECTOR ( 'NONE', #6606, 39.37007874015748900 ) ;
#6245 = CARTESIAN_POINT ( 'NONE',  ( -0.2362204724409458500, 0.2764566929133841500, 0.1689370078740164700 ) ) ;
#6246 = DIRECTION ( 'NONE',  ( -1.000000000000000000, 0.0000000000000000000, 0.0000000000000000000 ) ) ;
#6248 = DIRECTION ( 'NONE',  ( 0.0000000000000000000, 0.0000000000000000000, 1.000000000000000000 ) ) ;
#6247 = VECTOR ( 'NONE', #638, 39.37007874015748100 ) ;
#6249 = DIRECTION ( 'NONE',  ( 3.454814795174053600E-015, -1.000000000000000000, 0.0000000000000000000 ) ) ;
#6250 = AXIS2_PLACEMENT_3D ( 'NONE', #778, #5978, #4564 ) ;
#6251 = ORIENTED_EDGE ( 'NONE', *, *, #1457, .T. ) ;
#6252 = VECTOR ( 'NONE', #209, 39.37007874015748100 ) ;
#6253 = ORIENTED_EDGE ( 'NONE', *, *, #8819, .F. ) ;
#6254 = DIRECTION ( 'NONE',  ( 0.04767700045778141400, 0.0000000000000000000, 0.9988628052076765600 ) ) ;
#6255 = FACE_OUTER_BOUND ( 'NONE', #3990, .T. ) ;
#6256 = EDGE_CURVE ( 'NONE', #6110, #256, #1452, .T. ) ;
#6257 = DIRECTION ( 'NONE',  ( 3.454814795174053600E-015, 1.000000000000000000, -5.421010862427524100E-016 ) ) ;
#6258 = DIRECTION ( 'NONE',  ( 0.5773502691896282800, -0.5773502691896224000, -0.5773502691896264000 ) ) ;
#6259 = ORIENTED_EDGE ( 'NONE', *, *, #3937, .F. ) ;
#6260 = CARTESIAN_POINT ( 'NONE',  ( -0.3121259842519713000, -0.1649999999999989500, -0.07440425949313597700 ) ) ;
#6261 = EDGE_LOOP ( 'NONE', ( #2254, #6507, #740, #5316 ) ) ;
#6262 = VECTOR ( 'NONE', #7622, 39.37007874015748100 ) ;
#6263 = CARTESIAN_POINT ( 'NONE',  ( -0.3200000000000008900, 0.6689748484444497700, 0.3271959195966548900 ) ) ;
#6264 = ORIENTED_EDGE ( 'NONE', *, *, #4192, .T. ) ;
#6265 = CARTESIAN_POINT ( 'NONE',  ( -1.248692419008934400, 0.6662204724409398500, 0.3271259842519668700 ) ) ;
#6266 = ORIENTED_EDGE ( 'NONE', *, *, #6758, .T. ) ;
#6267 = B_SPLINE_CURVE_WITH_KNOTS ( 'NONE', 3,
 ( #408, #6370, #1911, #4185 ),
 .UNSPECIFIED., .F., .F.,
 ( 4, 4 ),
 ( 0.0000000000000000000, 1.000000000000000000 ),
 .UNSPECIFIED. ) ;
#6268 = CARTESIAN_POINT ( 'NONE',  ( 0.3102974565612440800, 0.6671149738966095600, -0.3265137834876562000 ) ) ;
#6269 = CARTESIAN_POINT ( 'NONE',  ( 0.3121259842519688000, 0.6701574803149607000, -0.3230102407095416500 ) ) ;
#6270 = DIRECTION ( 'NONE',  ( 0.0000000000000000000, 0.0000000000000000000, -1.000000000000000000 ) ) ;
#6271 = AXIS2_PLACEMENT_3D ( 'NONE', #3321, #7035, #5519 ) ;
#6272 = ORIENTED_EDGE ( 'NONE', *, *, #661, .T. ) ;
#6273 = VECTOR ( 'NONE', #9498, 39.37007874015748100 ) ;
#6274 = CARTESIAN_POINT ( 'NONE',  ( 0.2228081619892131900, 0.5249121648799671700, 0.005905511811023646300 ) ) ;
#6275 = EDGE_CURVE ( 'NONE', #6079, #2830, #1219, .T. ) ;
#6276 = EDGE_CURVE ( 'NONE', #1488, #490, #6572, .T. ) ;
#6277 = DIRECTION ( 'NONE',  ( 0.0000000000000000000, 1.000000000000000000, 0.0000000000000000000 ) ) ;
#6278 = DIRECTION ( 'NONE',  ( 0.0000000000000000000, 0.0000000000000000000, 1.000000000000000000 ) ) ;
#6279 = DIRECTION ( 'NONE',  ( 3.454814795174053600E-015, 1.000000000000000000, -0.0000000000000000000 ) ) ;
#6280 = CARTESIAN_POINT ( 'NONE',  ( -0.3121259842519713000, -0.1649999999999989500, -0.07440425949313597700 ) ) ;
#6281 = LINE ( 'NONE', #1416, #6873 ) ;
#6282 = CARTESIAN_POINT ( 'NONE',  ( 0.3145144169278284400, 0.6671149738966100100, 0.3331633977070607200 ) ) ;
#6283 = DIRECTION ( 'NONE',  ( 0.0000000000000000000, 0.0000000000000000000, 1.000000000000000000 ) ) ;
#6284 = AXIS2_PLACEMENT_3D ( 'NONE', #2508, #3276, #2470 ) ;
#6285 = CARTESIAN_POINT ( 'NONE',  ( -0.3199999999999997800, 0.6701574803149607000, 0.3350000000000001900 ) ) ;
#6286 = AXIS2_PLACEMENT_3D ( 'NONE', #1640, #1667, #9219 ) ;
#6287 = PLANE ( 'NONE',  #142 ) ;
#6288 = EDGE_CURVE ( 'NONE', #5272, #5951, #8385, .T. ) ;
#6289 = ADVANCED_FACE ( 'NONE', ( #262 ), #4224, .F. ) ;
#6290 = EDGE_CURVE ( 'NONE', #2110, #9108, #619, .T. ) ;
#6291 = EDGE_CURVE ( 'NONE', #9636, #5251, #3759, .T. ) ;
#6292 = DIRECTION ( 'NONE',  ( 1.000000000000000000, 0.0000000000000000000, 0.0000000000000000000 ) ) ;
#6293 = ORIENTED_EDGE ( 'NONE', *, *, #2064, .F. ) ;
#6294 = DIRECTION ( 'NONE',  ( 3.454814795174053600E-015, 1.000000000000000000, -0.0000000000000000000 ) ) ;
#6295 = PLANE ( 'NONE',  #3357 ) ;
#6296 = AXIS2_PLACEMENT_3D ( 'NONE', #3928, #5419, #9195 ) ;
#6297 = LINE ( 'NONE', #9476, #7262 ) ;
#6298 = CARTESIAN_POINT ( 'NONE',  ( -0.03299999999999945300, -0.1603553390593275300, -0.2740000000000004700 ) ) ;
#6299 = DIRECTION ( 'NONE',  ( -1.021710149214978100E-030, 2.957351434994952800E-016, -1.000000000000000000 ) ) ;
#6300 = VERTEX_POINT ( 'NONE', #5653 ) ;
#6301 = FACE_OUTER_BOUND ( 'NONE', #847, .T. ) ;
#6302 = DIRECTION ( 'NONE',  ( 1.000000000000000000, 3.414809992080327900E-015, 0.0000000000000000000 ) ) ;
#6303 = CARTESIAN_POINT ( 'NONE',  ( 0.3121259842519707500, 1.092739197465705300E-015, 0.2811417322834610700 ) ) ;
#6304 = VECTOR ( 'NONE', #300, 39.37007874015748100 ) ;
#6305 = LINE ( 'NONE', #4072, #8591 ) ;
#6306 = ORIENTED_EDGE ( 'NONE', *, *, #7516, .F. ) ;
#6307 = CARTESIAN_POINT ( 'NONE',  ( 0.2697101235488635900, 0.6721259842519685700, 0.1791338582677165200 ) ) ;
#6308 = LINE ( 'NONE', #223, #5612 ) ;
#6309 = AXIS2_PLACEMENT_3D ( 'NONE', #8186, #3640, #4389 ) ;
#6310 = ORIENTED_EDGE ( 'NONE', *, *, #3284, .T. ) ;
#6311 = CARTESIAN_POINT ( 'NONE',  ( -0.3101574803149606000, 0.6800000000000001600, -0.3350000000000000200 ) ) ;
#6312 = ORIENTED_EDGE ( 'NONE', *, *, #9100, .F. ) ;
#6313 = EDGE_LOOP ( 'NONE', ( #6940, #396, #1864, #4714 ) ) ;
#6314 = ORIENTED_EDGE ( 'NONE', *, *, #8224, .T. ) ;
#6315 = PLANE ( 'NONE',  #7696 ) ;
#6316 = LINE ( 'NONE', #1517, #8703 ) ;
#6317 = ORIENTED_EDGE ( 'NONE', *, *, #228, .F. ) ;
#6318 = AXIS2_PLACEMENT_3D ( 'NONE', #790, #23, #3787 ) ;
#6319 = ORIENTED_EDGE ( 'NONE', *, *, #9726, .T. ) ;
#6320 = EDGE_CURVE ( 'NONE', #3780, #1218, #6680, .T. ) ;
#6321 = B_SPLINE_CURVE_WITH_KNOTS ( 'NONE', 3,
 ( #3903, #6136, #1743, #6970 ),
 .UNSPECIFIED., .F., .F.,
 ( 4, 4 ),
 ( 0.0000000000000000000, 1.000000000000000000 ),
 .UNSPECIFIED. ) ;
#6322 = EDGE_CURVE ( 'NONE', #3220, #8874, #8014, .T. ) ;
#6323 = VERTEX_POINT ( 'NONE', #6500 ) ;
#6324 = ORIENTED_EDGE ( 'NONE', *, *, #4141, .F. ) ;
#6325 = VERTEX_POINT ( 'NONE', #4871 ) ;
#6326 = VERTEX_POINT ( 'NONE', #6421 ) ;
#6327 = DIRECTION ( 'NONE',  ( 0.0000000000000000000, 1.000000000000000000, 0.0000000000000000000 ) ) ;
#6328 = VECTOR ( 'NONE', #3250, 39.37007874015748100 ) ;
#6329 = ORIENTED_EDGE ( 'NONE', *, *, #1287, .F. ) ;
#6330 = ORIENTED_EDGE ( 'NONE', *, *, #2693, .T. ) ;
#6331 = VECTOR ( 'NONE', #4180, 39.37007874015748100 ) ;
#6332 = ORIENTED_EDGE ( 'NONE', *, *, #6477, .F. ) ;
#6333 = DIRECTION ( 'NONE',  ( -0.0000000000000000000, -0.0000000000000000000, 1.000000000000000000 ) ) ;
#6334 = CIRCLE ( 'NONE', #7952, 0.007874015748031499400 ) ;
#6335 = CARTESIAN_POINT ( 'NONE',  ( 0.2697101235488635900, 0.6721259842519685700, 0.1791338582677165500 ) ) ;
#6336 = CARTESIAN_POINT ( 'NONE',  ( 0.3119138324874207700, 0.6711850131078019900, 0.3219122744137258900 ) ) ;
#6337 = AXIS2_PLACEMENT_3D ( 'NONE', #818, #6677, #4403 ) ;
#6338 = ADVANCED_FACE ( 'NONE', ( #4334 ), #6932, .F. ) ;
#6339 = ORIENTED_EDGE ( 'NONE', *, *, #6276, .T. ) ;
#6340 = AXIS2_PLACEMENT_3D ( 'NONE', #7831, #3354, #3294 ) ;
#6341 = LINE ( 'NONE', #6514, #9665 ) ;
#6342 =( NAMED_UNIT ( * ) SI_UNIT ( $, .STERADIAN. ) SOLID_ANGLE_UNIT ( ) );
#6343 = ORIENTED_EDGE ( 'NONE', *, *, #1181, .T. ) ;
#6344 = ORIENTED_EDGE ( 'NONE', *, *, #6125, .T. ) ;
#6345 = LINE ( 'NONE', #2272, #6581 ) ;
#6346 = DIRECTION ( 'NONE',  ( 0.0000000000000000000, 1.000000000000000000, 0.0000000000000000000 ) ) ;
#6347 = DIRECTION ( 'NONE',  ( 3.454814795174053600E-015, 1.000000000000000000, 0.0000000000000000000 ) ) ;
#6348 = CARTESIAN_POINT ( 'NONE',  ( -0.3121259842519713000, -0.1649999999999989500, -0.09559574050686713000 ) ) ;
#6349 = VECTOR ( 'NONE', #1052, 39.37007874015748100 ) ;
#6350 = EDGE_CURVE ( 'NONE', #1649, #3844, #2467, .T. ) ;
#6351 = DIRECTION ( 'NONE',  ( 0.0000000000000000000, 0.0000000000000000000, 1.000000000000000000 ) ) ;
#6352 = ORIENTED_EDGE ( 'NONE', *, *, #8112, .T. ) ;
#6353 = ORIENTED_EDGE ( 'NONE', *, *, #6405, .F. ) ;
#6354 = LINE ( 'NONE', #4295, #2948 ) ;
#6355 = DIRECTION ( 'NONE',  ( -1.000000000000000000, -3.400677691960634000E-015, 0.0000000000000000000 ) ) ;
#6356 = EDGE_CURVE ( 'NONE', #7282, #1085, #5976, .T. ) ;
#6357 = CARTESIAN_POINT ( 'NONE',  ( 0.3054050914126509900, 0.6681889763779532700, -0.3271259842519685400 ) ) ;
#6358 = ORIENTED_EDGE ( 'NONE', *, *, #9004, .F. ) ;
#6359 = FACE_OUTER_BOUND ( 'NONE', #8162, .T. ) ;
#6360 = LINE ( 'NONE', #8300, #4001 ) ;
#6361 = EDGE_LOOP ( 'NONE', ( #9691, #1228, #9206, #922 ) ) ;
#6362 = LINE ( 'NONE', #2993, #5899 ) ;
#6363 = DIRECTION ( 'NONE',  ( 0.5773502691896288400, -0.5773502691896220700, -0.5773502691896264000 ) ) ;
#6364 = LINE ( 'NONE', #4257, #3781 ) ;
#6365 = CARTESIAN_POINT ( 'NONE',  ( 0.3099217144102479100, 0.6800000000000001600, -0.3231889763779524100 ) ) ;
#6366 = AXIS2_PLACEMENT_3D ( 'NONE', #6879, #9043, #5364 ) ;
#6367 = ORIENTED_EDGE ( 'NONE', *, *, #4393, .F. ) ;
#6368 = VECTOR ( 'NONE', #7897, 39.37007874015748100 ) ;
#6369 = CARTESIAN_POINT ( 'NONE',  ( -0.1170000000000000200, 0.009842519685038977900, -0.2740000000000004700 ) ) ;
#6370 = CARTESIAN_POINT ( 'NONE',  ( 0.3059717786694909300, 0.6689306608660209300, -0.3271259842519685400 ) ) ;
#6371 = AXIS2_PLACEMENT_3D ( 'NONE', #2318, #3810, #4637 ) ;
#6372 = CARTESIAN_POINT ( 'NONE',  ( 0.3152951442791655000, 0.6789392411772624500, 0.3219122744137258900 ) ) ;
#6373 = VECTOR ( 'NONE', #9232, 39.37007874015748100 ) ;
#6374 = EDGE_LOOP ( 'NONE', ( #5382, #919, #90, #8554 ) ) ;
#6375 = LINE ( 'NONE', #8303, #1725 ) ;
#6376 = CARTESIAN_POINT ( 'NONE',  ( -0.1669999999999994500, -0.1603553390593279700, -0.1740000000000004600 ) ) ;
#6377 = CARTESIAN_POINT ( 'NONE',  ( 0.1830000000000004400, -0.1249999999999993900, -0.2740000000000004700 ) ) ;
#6378 = CARTESIAN_POINT ( 'NONE',  ( -1.429097928556663500E-015, 0.2764566929133845400, -1.017539442517347100E-015 ) ) ;
#6379 = PLANE ( 'NONE',  #6635 ) ;
#6380 = DIRECTION ( 'NONE',  ( -1.000000000000000000, 3.454814795174053600E-015, -0.0000000000000000000 ) ) ;
#6381 = AXIS2_PLACEMENT_3D ( 'NONE', #2225, #5155, #3605 ) ;
#6382 = DIRECTION ( 'NONE',  ( -3.400677691960634400E-015, 1.000000000000000000, -6.547132841465570100E-047 ) ) ;
#6383 = LINE ( 'NONE', #8968, #5922 ) ;
#6384 = CARTESIAN_POINT ( 'NONE',  ( 0.3081889763779529500, 0.6654050914126516900, 0.3271259842519685900 ) ) ;
#6385 = DIRECTION ( 'NONE',  ( -0.7071067811865537900, 0.7071067811865412400, 7.380623231575679300E-015 ) ) ;
#6386 = ADVANCED_FACE ( 'NONE', ( #1682 ), #9389, .F. ) ;
#6387 = DIRECTION ( 'NONE',  ( -1.000000000000000000, 3.454814795174053600E-015, -0.0000000000000000000 ) ) ;
#6388 = VECTOR ( 'NONE', #867, 39.37007874015748900 ) ;
#6389 = B_SPLINE_CURVE_WITH_KNOTS ( 'NONE', 3,
 ( #5288, #8256, #2264, #6050 ),
 .UNSPECIFIED., .F., .F.,
 ( 4, 4 ),
 ( 0.0000000000000000000, 1.000000000000000000 ),
 .UNSPECIFIED. ) ;
#6390 = CARTESIAN_POINT ( 'NONE',  ( 0.3071149738966094700, 0.6702974565612460600, 0.3265137834876547500 ) ) ;
#6391 = PLANE ( 'NONE',  #1769 ) ;
#6392 = CARTESIAN_POINT ( 'NONE',  ( 0.3071149738966094700, 0.6702974565612460600, 0.3265137834876547500 ) ) ;
#6393 = AXIS2_PLACEMENT_3D ( 'NONE', #8960, #38, #5232 ) ;
#6394 = EDGE_CURVE ( 'NONE', #891, #9187, #4090, .T. ) ;
#6395 = FACE_OUTER_BOUND ( 'NONE', #1913, .T. ) ;
#6396 = ORIENTED_EDGE ( 'NONE', *, *, #7747, .F. ) ;
#6397 = ADVANCED_FACE ( 'NONE', ( #1906 ), #3416, .F. ) ;
#6398 = DIRECTION ( 'NONE',  ( 1.000000000000000000, 3.400677691960634400E-015, -3.503246160812042700E-046 ) ) ;
#6399 = EDGE_CURVE ( 'NONE', #1203, #2110, #5398, .T. ) ;
#6400 = CARTESIAN_POINT ( 'NONE',  ( 0.2519685039370092600, 0.2764566929133857600, -0.01771653543307081400 ) ) ;
#6401 = DIRECTION ( 'NONE',  ( 0.0000000000000000000, 1.000000000000000000, 0.0000000000000000000 ) ) ;
#6402 = DIRECTION ( 'NONE',  ( 1.000000000000000000, 0.0000000000000000000, 0.0000000000000000000 ) ) ;
#6403 = DIRECTION ( 'NONE',  ( -1.000000000000000000, 0.0000000000000000000, 0.0000000000000000000 ) ) ;
#6404 = CARTESIAN_POINT ( 'NONE',  ( 0.3121259842519704700, 0.07874015748031273900, 0.0000000000000000000 ) ) ;
#6405 = EDGE_CURVE ( 'NONE', #3727, #9119, #3971, .T. ) ;
#6406 = CARTESIAN_POINT ( 'NONE',  ( -0.06699999999999942100, -0.1603553390593276400, -0.1900000000000004700 ) ) ;
#6407 = CARTESIAN_POINT ( 'NONE',  ( 0.1830000000000005200, -0.1249999999999993900, -0.2900000000000004800 ) ) ;
#6408 = DIRECTION ( 'NONE',  ( -1.000000000000000000, -3.414809992080328300E-015, 0.0000000000000000000 ) ) ;
#6409 = CARTESIAN_POINT ( 'NONE',  ( 0.3200000000000021200, 0.01574803149606184700, -0.03972440944882241200 ) ) ;
#6410 = DIRECTION ( 'NONE',  ( -1.000000000000000000, -3.454814795174053200E-015, 0.0000000000000000000 ) ) ;
#6411 = DIRECTION ( 'NONE',  ( -3.400677691960634400E-015, 1.000000000000000000, 5.885724984357243300E-047 ) ) ;
#6412 = LINE ( 'NONE', #5114, #8225 ) ;
#6413 = VERTEX_POINT ( 'NONE', #8103 ) ;
#6414 = VERTEX_POINT ( 'NONE', #4255 ) ;
#6415 = VECTOR ( 'NONE', #6698, 39.37007874015748100 ) ;
#6416 = DIRECTION ( 'NONE',  ( -0.7071067811865463500, -0.7071067811865487900, 0.0000000000000000000 ) ) ;
#6417 = AXIS2_PLACEMENT_3D ( 'NONE', #4068, #1161, #1222 ) ;
#6418 = DIRECTION ( 'NONE',  ( -1.000000000000000000, 3.454814795174053600E-015, -0.0000000000000000000 ) ) ;
#6419 = EDGE_CURVE ( 'NONE', #7908, #9641, #737, .T. ) ;
#6420 = ORIENTED_EDGE ( 'NONE', *, *, #5120, .F. ) ;
#6421 = CARTESIAN_POINT ( 'NONE',  ( -0.3121259842519705800, 0.009842519685038320400, -0.2916929133858263100 ) ) ;
#6422 = LINE ( 'NONE', #3075, #2672 ) ;
#6423 = CARTESIAN_POINT ( 'NONE',  ( 0.3200000000000020600, 0.05511811023622152600, -0.1046850393700783500 ) ) ;
#6424 = ORIENTED_EDGE ( 'NONE', *, *, #3512, .F. ) ;
#6425 = DIRECTION ( 'NONE',  ( -1.000000000000000000, 0.0000000000000000000, 0.0000000000000000000 ) ) ;
#6426 = CARTESIAN_POINT ( 'NONE',  ( 0.3200000000000022800, 1.088216861427410400E-015, 0.0000000000000000000 ) ) ;
#6427 = ORIENTED_EDGE ( 'NONE', *, *, #5040, .F. ) ;
#6428 = CARTESIAN_POINT ( 'NONE',  ( 0.3200000000000000100, 0.6727409429929012100, 0.3222763607591326900 ) ) ;
#6429 = AXIS2_PLACEMENT_3D ( 'NONE', #3468, #8781, #7263 ) ;
#6430 = VECTOR ( 'NONE', #6971, 39.37007874015748100 ) ;
#6431 = ADVANCED_FACE ( 'NONE', ( #3731 ), #4356, .F. ) ;
#6432 = ORIENTED_EDGE ( 'NONE', *, *, #3995, .F. ) ;
#6433 = LINE ( 'NONE', #9379, #4789 ) ;
#6434 = ORIENTED_EDGE ( 'NONE', *, *, #3779, .T. ) ;
#6435 = CARTESIAN_POINT ( 'NONE',  ( 0.1102362204724409200, 0.6799999999999999400, 0.2511614173228347600 ) ) ;
#6436 = LINE ( 'NONE', #8769, #2122 ) ;
#6437 = EDGE_CURVE ( 'NONE', #485, #3381, #2014, .T. ) ;
#6438 = ORIENTED_EDGE ( 'NONE', *, *, #3825, .F. ) ;
#6439 = ORIENTED_EDGE ( 'NONE', *, *, #2653, .T. ) ;
#6440 = ORIENTED_EDGE ( 'NONE', *, *, #1595, .T. ) ;
#6441 = VERTEX_POINT ( 'NONE', #3541 ) ;
#6442 = FACE_OUTER_BOUND ( 'NONE', #9548, .T. ) ;
#6443 = PLANE ( 'NONE',  #1971 ) ;
#6444 = ORIENTED_EDGE ( 'NONE', *, *, #2841, .T. ) ;
#6445 = LINE ( 'NONE', #2922, #6208 ) ;
#6446 = CLOSED_SHELL ( 'NONE', ( #7567, #4721, #6243, #1980, #6728, #3719 ) ) ;
#6447 = DIMENSIONAL_EXPONENTS ( 1.000000000000000000, 0.0000000000000000000, 0.0000000000000000000, 0.0000000000000000000, 0.0000000000000000000, 0.0000000000000000000, 0.0000000000000000000 ) ;
#6448 = DIRECTION ( 'NONE',  ( 1.000000000000000000, 3.468166398206581100E-015, -5.473822126268816700E-048 ) ) ;
#6449 = DIRECTION ( 'NONE',  ( -1.000000000000000000, 0.0000000000000000000, 0.0000000000000000000 ) ) ;
#6450 = ORIENTED_EDGE ( 'NONE', *, *, #577, .T. ) ;
#6451 = DIRECTION ( 'NONE',  ( -1.000000000000000000, -3.454814795174053200E-015, 0.0000000000000000000 ) ) ;
#6452 = ORIENTED_EDGE ( 'NONE', *, *, #95, .F. ) ;
#6453 = EDGE_LOOP ( 'NONE', ( #856, #9179, #8736, #7444 ) ) ;
#6454 = FACE_OUTER_BOUND ( 'NONE', #9438, .T. ) ;
#6455 = VERTEX_POINT ( 'NONE', #5042 ) ;
#6456 = ORIENTED_EDGE ( 'NONE', *, *, #6320, .T. ) ;
#6457 = FACE_OUTER_BOUND ( 'NONE', #5175, .T. ) ;
#6458 = ORIENTED_EDGE ( 'NONE', *, *, #1943, .F. ) ;
#6459 = ORIENTED_EDGE ( 'NONE', *, *, #6666, .T. ) ;
#6460 = EDGE_CURVE ( 'NONE', #4308, #1696, #1783, .T. ) ;
#6461 = VECTOR ( 'NONE', #5455, 39.37007874015748100 ) ;
#6462 = CARTESIAN_POINT ( 'NONE',  ( -0.3065405905235227300, 0.6726315907076687600, 0.3343574223956523600 ) ) ;
#6463 = CARTESIAN_POINT ( 'NONE',  ( -0.2365000000000000700, 0.009842519685038568500, 0.2424999999999995200 ) ) ;
#6464 = EDGE_LOOP ( 'NONE', ( #6427, #6367, #4921, #2842 ) ) ;
#6465 = B_SPLINE_SURFACE_WITH_KNOTS ( 'NONE', 1, 3, ( 
 ( #9581, #7437, #2084, #6523 ),
 ( #7297, #1389, #8953, #8892 ) ),
 .UNSPECIFIED., .F., .F., .F.,
 ( 2, 2 ),
 ( 4, 4 ),
 ( 0.0000000000000000000, 1.000000000000000000 ),
 ( 0.0000000000000000000, 1.000000000000000000 ),
 .UNSPECIFIED. ) ;
#6466 = CLOSED_SHELL ( 'NONE', ( #2520, #3814, #2053, #5843, #6487, #6586 ) ) ;
#6468 = ORIENTED_EDGE ( 'NONE', *, *, #876, .T. ) ;
#6467 = CARTESIAN_POINT ( 'NONE',  ( -0.3121259842519683000, 0.6701574803149607000, -0.3230102407095410400 ) ) ;
#6469 = FACE_OUTER_BOUND ( 'NONE', #6229, .T. ) ;
#6470 = VERTEX_POINT ( 'NONE', #1394 ) ;
#6471 = SURFACE_STYLE_USAGE ( .BOTH. , #6529 ) ;
#6472 = CARTESIAN_POINT ( 'NONE',  ( -0.3101574803149604900, 0.6701574803149607000, 0.06102362204724406900 ) ) ;
#6473 = DIRECTION ( 'NONE',  ( 1.000000000000000000, 3.468166398206581500E-015, 0.0000000000000000000 ) ) ;
#6474 = VECTOR ( 'NONE', #6870, 39.37007874015748900 ) ;
#6475 = ORIENTED_EDGE ( 'NONE', *, *, #7305, .T. ) ;
#6476 = FACE_OUTER_BOUND ( 'NONE', #7144, .T. ) ;
#6477 = EDGE_CURVE ( 'NONE', #6002, #9076, #494, .T. ) ;
#6478 = ORIENTED_EDGE ( 'NONE', *, *, #8197, .F. ) ;
#6479 = LINE ( 'NONE', #631, #2505 ) ;
#6480 = DIRECTION ( 'NONE',  ( 0.0000000000000000000, 2.159095364386093200E-045, 1.000000000000000000 ) ) ;
#6481 = EDGE_CURVE ( 'NONE', #9377, #458, #5473, .T. ) ;
#6482 = VECTOR ( 'NONE', #6401, 39.37007874015748100 ) ;
#6483 = CARTESIAN_POINT ( 'NONE',  ( -0.2614999999999995100, -0.1603553390593282800, 0.2424999999999995200 ) ) ;
#6484 = EDGE_CURVE ( 'NONE', #4238, #9636, #5210, .T. ) ;
#6485 = DIRECTION ( 'NONE',  ( 0.0000000000000000000, 1.000000000000000000, 0.0000000000000000000 ) ) ;
#6486 = CARTESIAN_POINT ( 'NONE',  ( -0.1615000000000000300, 0.009842519685038823500, 0.2174999999999995300 ) ) ;
#6487 = ADVANCED_FACE ( 'NONE', ( #4909 ), #5104, .F. ) ;
#6488 = ORIENTED_EDGE ( 'NONE', *, *, #2300, .T. ) ;
#6489 = CARTESIAN_POINT ( 'NONE',  ( 0.1365000000000004800, -0.1249999999999995400, 0.2174999999999995500 ) ) ;
#6490 = FACE_OUTER_BOUND ( 'NONE', #8241, .T. ) ;
#6491 = EDGE_CURVE ( 'NONE', #2975, #359, #4315, .T. ) ;
#6492 = EDGE_CURVE ( 'NONE', #6042, #5212, #7579, .T. ) ;
#6493 = ORIENTED_EDGE ( 'NONE', *, *, #2017, .T. ) ;
#6494 = LINE ( 'NONE', #5954, #5329 ) ;
#6495 = DIRECTION ( 'NONE',  ( 1.000000000000000000, 3.400677691960634000E-015, -0.0000000000000000000 ) ) ;
#6496 = PLANE ( 'NONE',  #1150 ) ;
#6497 = ORIENTED_EDGE ( 'NONE', *, *, #6981, .F. ) ;
#6498 = AXIS2_PLACEMENT_3D ( 'NONE', #7847, #8571, #2559 ) ;
#6499 = FACE_OUTER_BOUND ( 'NONE', #2344, .T. ) ;
#6500 = CARTESIAN_POINT ( 'NONE',  ( -0.3200000000000000600, 0.6701574803149607000, 0.3230102407095417600 ) ) ;
#6501 = ORIENTED_EDGE ( 'NONE', *, *, #2271, .T. ) ;
#6502 = CARTESIAN_POINT ( 'NONE',  ( -0.2228081619892131900, 0.5249121648799671700, 0.06102362204724408300 ) ) ;
#6503 = ADVANCED_FACE ( 'NONE', ( #2581 ), #5911, .T. ) ;
#6504 = DIRECTION ( 'NONE',  ( 1.000000000000000000, -3.454814795174053600E-015, -3.717264591378872800E-015 ) ) ;
#6505 = ORIENTED_EDGE ( 'NONE', *, *, #254, .F. ) ;
#6506 = CARTESIAN_POINT ( 'NONE',  ( -0.3121259842519705200, 0.05511811023622149900, -0.1046850393700783500 ) ) ;
#6507 = ORIENTED_EDGE ( 'NONE', *, *, #9611, .F. ) ;
#6508 = CARTESIAN_POINT ( 'NONE',  ( -0.1991058788142257300, 0.5618897637795282600, 0.3271259842519688200 ) ) ;
#6509 = DIRECTION ( 'NONE',  ( 0.0000000000000000000, 0.0000000000000000000, -1.000000000000000000 ) ) ;
#6510 = DIRECTION ( 'NONE',  ( 0.0000000000000000000, 1.000000000000000000, 0.0000000000000000000 ) ) ;
#6511 = VECTOR ( 'NONE', #7933, 39.37007874015748100 ) ;
#6512 = DIRECTION ( 'NONE',  ( -3.400677691960634400E-015, 1.000000000000000000, -2.087764443346746700E-016 ) ) ;
#6513 = CARTESIAN_POINT ( 'NONE',  ( 0.3138504258964480700, 0.05393047823959145500, 0.0000000000000000000 ) ) ;
#6514 = CARTESIAN_POINT ( 'NONE',  ( 0.0000000000000000000, 0.5618897637795282600, 0.3271259842519688200 ) ) ;
#6515 = PRESENTATION_LAYER_ASSIGNMENT (  '', '', ( #4498 ) ) ;
#6516 = LINE ( 'NONE', #6687, #1630 ) ;
#6517 = EDGE_CURVE ( 'NONE', #7296, #4559, #4076, .T. ) ;
#6518 = CARTESIAN_POINT ( 'NONE',  ( -0.2364999999999994900, -0.1603553390593282200, 0.2174999999999995300 ) ) ;
#6519 = CARTESIAN_POINT ( 'NONE',  ( 0.3121259842519696300, 0.6689765846953346100, -0.3245221749645741900 ) ) ;
#6520 = EDGE_CURVE ( 'NONE', #2148, #6109, #7656, .T. ) ;
#6521 = CARTESIAN_POINT ( 'NONE',  ( 0.3081889763779480700, 0.6654050914126514700, -0.3349999999999999100 ) ) ;
#6522 = CARTESIAN_POINT ( 'NONE',  ( 0.3121259842519685800, 0.6747956584452606800, -0.3293732138850198900 ) ) ;
#6523 = CARTESIAN_POINT ( 'NONE',  ( 0.3071149738966091900, 0.6745144169278312100, -0.3331633977070582700 ) ) ;
#6524 = CARTESIAN_POINT ( 'NONE',  ( -0.3121259842519713000, -0.1649999999999989500, -0.09559574050686713000 ) ) ;
#6525 = DIRECTION ( 'NONE',  ( -3.745717706462900700E-030, -1.084202172485541900E-015, 1.000000000000000000 ) ) ;
#6526 = AXIS2_PLACEMENT_3D ( 'NONE', #5077, #8047, #658 ) ;
#6527 = DIRECTION ( 'NONE',  ( 0.0000000000000000000, -2.716889285699967600E-045, -1.000000000000000000 ) ) ;
#6528 = AXIS2_PLACEMENT_3D ( 'NONE', #1075, #3251, #1819 ) ;
#6529 = SURFACE_SIDE_STYLE ('',( #9514 ) ) ;
#6530 = ADVANCED_FACE ( 'NONE', ( #8705 ), #766, .T. ) ;
#6531 = EDGE_CURVE ( 'NONE', #7758, #3040, #6663, .T. ) ;
#6532 = CARTESIAN_POINT ( 'NONE',  ( -0.3101574803149604900, 0.6681889763779523800, -0.3271259842519679300 ) ) ;
#6533 = CARTESIAN_POINT ( 'NONE',  ( 0.3101574803149606000, 0.6721259842519689000, -0.3230102407095416000 ) ) ;
#6534 = LINE ( 'NONE', #6506, #7752 ) ;
#6535 = ORIENTED_EDGE ( 'NONE', *, *, #8903, .F. ) ;
#6536 = EDGE_CURVE ( 'NONE', #8252, #721, #6997, .T. ) ;
#6537 = DIRECTION ( 'NONE',  ( -3.400677691960634000E-015, 1.000000000000000000, 1.126006764857041500E-045 ) ) ;
#6538 = VECTOR ( 'NONE', #6380, 39.37007874015748100 ) ;
#6539 = ORIENTED_EDGE ( 'NONE', *, *, #1221, .T. ) ;
#6540 = ADVANCED_FACE ( 'NONE', ( #3613 ), #6064, .F. ) ;
#6541 = ORIENTED_EDGE ( 'NONE', *, *, #8458, .T. ) ;
#6542 = FACE_OUTER_BOUND ( 'NONE', #2369, .T. ) ;
#6543 = VECTOR ( 'NONE', #1792, 39.37007874015748100 ) ;
#6544 = VECTOR ( 'NONE', #2676, 39.37007874015748100 ) ;
#6545 = ORIENTED_EDGE ( 'NONE', *, *, #2017, .F. ) ;
#6546 = FACE_OUTER_BOUND ( 'NONE', #1763, .T. ) ;
#6547 = ORIENTED_EDGE ( 'NONE', *, *, #4582, .F. ) ;
#6548 = MANIFOLD_SOLID_BREP ( 'Boss-Extrude3[5]', #7880 ) ;
#6549 = STYLED_ITEM ( 'NONE', ( #9216 ), #5535 ) ;
#6550 = ORIENTED_EDGE ( 'NONE', *, *, #6275, .F. ) ;
#6551 = VERTEX_POINT ( 'NONE', #1619 ) ;
#6552 = ORIENTED_EDGE ( 'NONE', *, *, #2205, .T. ) ;
#6553 = CARTESIAN_POINT ( 'NONE',  ( 0.2018897637795229700, 0.5591058788142251300, 0.3349999999999989700 ) ) ;
#6554 = EDGE_CURVE ( 'NONE', #490, #9070, #2345, .T. ) ;
#6555 = LINE ( 'NONE', #3776, #4442 ) ;
#6556 = VERTEX_POINT ( 'NONE', #3692 ) ;
#6557 = VECTOR ( 'NONE', #7447, 39.37007874015748100 ) ;
#6558 = CARTESIAN_POINT ( 'NONE',  ( 0.3099217144102474100, 0.6773753280839898100, 0.3231889763779528500 ) ) ;
#6559 = VERTEX_POINT ( 'NONE', #7545 ) ;
#6560 = DIRECTION ( 'NONE',  ( 0.0000000000000000000, 0.0000000000000000000, 1.000000000000000000 ) ) ;
#6561 = FACE_OUTER_BOUND ( 'NONE', #1009, .T. ) ;
#6562 = CARTESIAN_POINT ( 'NONE',  ( 0.2573001884328043300, 0.6721259842519685700, 0.2818503937007870700 ) ) ;
#6563 = PLANE ( 'NONE',  #5663 ) ;
#6564 = EDGE_LOOP ( 'NONE', ( #1693, #8961, #8349, #6853 ) ) ;
#6565 = ORIENTED_EDGE ( 'NONE', *, *, #1074, .F. ) ;
#6566 = ORIENTED_EDGE ( 'NONE', *, *, #8401, .F. ) ;
#6567 = EDGE_CURVE ( 'NONE', #1103, #8706, #372, .T. ) ;
#6568 = DIRECTION ( 'NONE',  ( 0.0000000000000000000, 0.0000000000000000000, -1.000000000000000000 ) ) ;
#6569 = FACE_OUTER_BOUND ( 'NONE', #5393, .T. ) ;
#6570 = ORIENTED_EDGE ( 'NONE', *, *, #8034, .T. ) ;
#6571 = ORIENTED_EDGE ( 'NONE', *, *, #7944, .F. ) ;
#6572 = LINE ( 'NONE', #1907, #2246 ) ;
#6573 = ORIENTED_EDGE ( 'NONE', *, *, #3593, .F. ) ;
#6574 = CARTESIAN_POINT ( 'NONE',  ( 0.3200000000000000100, 0.6701574803149607000, -0.3230102407095416500 ) ) ;
#6575 = EDGE_CURVE ( 'NONE', #6556, #4309, #8605, .T. ) ;
#6576 = DIRECTION ( 'NONE',  ( -1.000000000000000000, 0.0000000000000000000, 0.0000000000000000000 ) ) ;
#6577 = ORIENTED_EDGE ( 'NONE', *, *, #9093, .F. ) ;
#6578 = LINE ( 'NONE', #9531, #1804 ) ;
#6579 = ORIENTED_EDGE ( 'NONE', *, *, #8576, .F. ) ;
#6580 = VERTEX_POINT ( 'NONE', #3716 ) ;
#6581 = VECTOR ( 'NONE', #7525, 39.37007874015748100 ) ;
#6582 = CARTESIAN_POINT ( 'NONE',  ( -3.414809992080329000E-017, 0.009842519685039369900, 0.0000000000000000000 ) ) ;
#6583 = DIRECTION ( 'NONE',  ( -3.084327436331662100E-016, 2.087764443346736400E-016, 1.000000000000000000 ) ) ;
#6584 = CARTESIAN_POINT ( 'NONE',  ( 0.1991058788142258700, 0.5618897637795270400, -0.3349999999999999100 ) ) ;
#6585 = LINE ( 'NONE', #8773, #1357 ) ;
#6586 = ADVANCED_FACE ( 'NONE', ( #1329 ), #4547, .F. ) ;
#6587 = DIRECTION ( 'NONE',  ( 1.000000000000000000, 3.454814795174053600E-015, 0.0000000000000000000 ) ) ;
#6588 = ORIENTED_EDGE ( 'NONE', *, *, #4968, .T. ) ;
#6589 = ORIENTED_EDGE ( 'NONE', *, *, #6590, .F. ) ;
#6590 = EDGE_CURVE ( 'NONE', #302, #5694, #5386, .T. ) ;
#6591 = CYLINDRICAL_SURFACE ( 'NONE', #6744, 0.003937007874015724600 ) ;
#6592 = CARTESIAN_POINT ( 'NONE',  ( 0.3200994094488202600, 0.05511811023621931300, 0.1541732283464531900 ) ) ;
#6593 = ORIENTED_EDGE ( 'NONE', *, *, #3149, .F. ) ;
#6594 = CYLINDRICAL_SURFACE ( 'NONE', #187, 0.003937007874015724600 ) ;
#6595 = B_SPLINE_SURFACE_WITH_KNOTS ( 'NONE', 1, 3, ( 
 ( #3592, #5128, #1317, #5903 ),
 ( #556, #7336, #2817, #5098 ) ),
 .UNSPECIFIED., .F., .F., .F.,
 ( 2, 2 ),
 ( 4, 4 ),
 ( 0.0000000000000000000, 1.000000000000000000 ),
 ( 0.0000000000000000000, 1.000000000000000000 ),
 .UNSPECIFIED. ) ;
#6596 = DIRECTION ( 'NONE',  ( 1.000000000000000000, -0.0000000000000000000, -0.0000000000000000000 ) ) ;
#6597 = ADVANCED_FACE ( 'NONE', ( #3384, #6090, #5023 ), #3761, .F. ) ;
#6598 = ORIENTED_EDGE ( 'NONE', *, *, #5231, .F. ) ;
#6599 = VECTOR ( 'NONE', #2389, 39.37007874015748100 ) ;
#6600 = DIRECTION ( 'NONE',  ( 2.134256245050201500E-015, 7.273739572836320000E-030, -1.000000000000000000 ) ) ;
#6601 = CARTESIAN_POINT ( 'NONE',  ( -0.1102362204724409600, 0.6681889763779533800, 0.3231889763779529600 ) ) ;
#6602 = EDGE_LOOP ( 'NONE', ( #8821, #7659, #5308, #6432 ) ) ;
#6603 = CARTESIAN_POINT ( 'NONE',  ( 0.2250000000000003700, -0.1099999999999992400, 0.06799999999999951900 ) ) ;
#6604 = AXIS2_PLACEMENT_3D ( 'NONE', #810, #2296, #6872 ) ;
#6605 = CARTESIAN_POINT ( 'NONE',  ( -0.3114119681967996200, 0.6680505540678224300, 0.3258069979148159300 ) ) ;
#6606 = DIRECTION ( 'NONE',  ( 0.9848077530122085800, 0.1736481776669271400, 0.0000000000000000000 ) ) ;
#6607 = CARTESIAN_POINT ( 'NONE',  ( 0.3121259842519688000, 0.6747956584452606800, -0.3293732138850198900 ) ) ;
#6608 = CARTESIAN_POINT ( 'NONE',  ( 0.3054050914126513700, 0.6681889763779533800, 0.3350000000000001900 ) ) ;
#6609 = VERTEX_POINT ( 'NONE', #9051 ) ;
#6610 = VECTOR ( 'NONE', #1718, 39.37007874015748100 ) ;
#6611 = ORIENTED_EDGE ( 'NONE', *, *, #7517, .T. ) ;
#6612 = LINE ( 'NONE', #6814, #1947 ) ;
#6613 = DIRECTION ( 'NONE',  ( -3.400677691960634400E-015, 1.000000000000000000, -9.538179791247316900E-046 ) ) ;
#6614 = PLANE ( 'NONE',  #3123 ) ;
#6615 = AXIS2_PLACEMENT_3D ( 'NONE', #5446, #961, #7067 ) ;
#6616 = CARTESIAN_POINT ( 'NONE',  ( 0.2573001884328043300, 0.6721259842519685700, 0.2739763779527555900 ) ) ;
#6617 = EDGE_CURVE ( 'NONE', #2011, #4245, #2116, .T. ) ;
#6618 = ORIENTED_EDGE ( 'NONE', *, *, #5940, .F. ) ;
#6619 = VECTOR ( 'NONE', #6140, 39.37007874015748100 ) ;
#6620 = DIRECTION ( 'NONE',  ( -3.589083053745131100E-015, -3.535716378941755400E-015, -1.000000000000000000 ) ) ;
#6621 = AXIS2_PLACEMENT_3D ( 'NONE', #911, #6106, #5241 ) ;
#6622 = EDGE_CURVE ( 'NONE', #306, #9156, #1097, .T. ) ;
#6623 = CARTESIAN_POINT ( 'NONE',  ( 0.1169999999999999800, 0.009842519685039763700, -0.1740000000000004900 ) ) ;
#6624 = DIRECTION ( 'NONE',  ( 0.7071067811865459100, 0.7071067811865491300, 8.659560562354952600E-017 ) ) ;
#6625 = LINE ( 'NONE', #1647, #5698 ) ;
#6626 = DIRECTION ( 'NONE',  ( -1.000000000000000000, -3.400677691960634000E-015, 0.0000000000000000000 ) ) ;
#6627 = DIRECTION ( 'NONE',  ( -1.000000000000000000, 3.454814795174053600E-015, 0.0000000000000000000 ) ) ;
#6628 = CARTESIAN_POINT ( 'NONE',  ( 0.3200000000000021200, 0.02362204724409333900, 0.1374409448818862700 ) ) ;
#6629 = ADVANCED_FACE ( 'NONE', ( #140 ), #8478, .F. ) ;
#6630 = CARTESIAN_POINT ( 'NONE',  ( -0.1255055738910780500, 0.2764566929133845400, 0.1689370078740165000 ) ) ;
#6631 = CARTESIAN_POINT ( 'NONE',  ( 0.3200994094488202000, 0.03937007874015635600, 0.2811417322834610700 ) ) ;
#6632 = DIRECTION ( 'NONE',  ( -0.7071067811865412400, -0.7071067811865536800, -1.855800306174364200E-016 ) ) ;
#6633 = DIRECTION ( 'NONE',  ( 6.919777677515237500E-015, 1.000000000000000000, -3.454814795174053600E-015 ) ) ;
#6634 = VECTOR ( 'NONE', #6238, 39.37007874015748100 ) ;
#6635 = AXIS2_PLACEMENT_3D ( 'NONE', #1209, #1158, #6302 ) ;
#6636 = AXIS2_PLACEMENT_3D ( 'NONE', #6966, #8512, #2533 ) ;
#6637 = B_SPLINE_SURFACE_WITH_KNOTS ( 'NONE', 1, 3, ( 
 ( #6815, #6058, #2323, #3707 ),
 ( #67, #7605, #4535, #30 ) ),
 .UNSPECIFIED., .F., .F., .F.,
 ( 2, 2 ),
 ( 4, 4 ),
 ( 0.0000000000000000000, 1.000000000000000000 ),
 ( 0.0000000000000000000, 1.000000000000000000 ),
 .UNSPECIFIED. ) ;
#6638 = EDGE_CURVE ( 'NONE', #8820, #1899, #1669, .T. ) ;
#6639 = CARTESIAN_POINT ( 'NONE',  ( -0.3121259842519702500, 0.07086614173228339400, -0.1853937007874011700 ) ) ;
#6640 = CARTESIAN_POINT ( 'NONE',  ( -0.2615000000000000700, 0.009842519685038483500, 0.2424999999999995200 ) ) ;
#6641 = DIRECTION ( 'NONE',  ( -1.000000000000000000, -3.400677691960634000E-015, 0.0000000000000000000 ) ) ;
#6642 = CARTESIAN_POINT ( 'NONE',  ( -2.322070794614623800E-015, -1.092739197465705300E-015, -0.3271259842519673700 ) ) ;
#6643 = AXIS2_PLACEMENT_3D ( 'NONE', #1518, #4391, #9027 ) ;
#6644 = LINE ( 'NONE', #2840, #2211 ) ;
#6645 = CARTESIAN_POINT ( 'NONE',  ( 0.3200000000000020600, 0.03937007874015635600, 0.2811417322834610700 ) ) ;
#6646 = DIRECTION ( 'NONE',  ( 1.000000000000000000, 0.0000000000000000000, -0.0000000000000000000 ) ) ;
#6647 = ORIENTED_EDGE ( 'NONE', *, *, #2641, .T. ) ;
#6648 = VECTOR ( 'NONE', #2989, 39.37007874015748100 ) ;
#6649 = PLANE ( 'NONE',  #9220 ) ;
#6650 = ORIENTED_EDGE ( 'NONE', *, *, #8092, .T. ) ;
#6651 = EDGE_CURVE ( 'NONE', #4416, #5207, #8280, .T. ) ;
#6652 = PLANE ( 'NONE',  #3687 ) ;
#6653 = CARTESIAN_POINT ( 'NONE',  ( 0.2517653116130454400, 0.6327559055118111600, 0.06102362204724409700 ) ) ;
#6654 = LINE ( 'NONE', #953, #130 ) ;
#6655 = DIRECTION ( 'NONE',  ( 0.0000000000000000000, 1.000000000000000000, 0.0000000000000000000 ) ) ;
#6656 = CARTESIAN_POINT ( 'NONE',  ( 0.0000000000000000000, 8.195543980992789700E-016, -0.3350000000000019600 ) ) ;
#6657 = EDGE_LOOP ( 'NONE', ( #46, #9194, #9513, #6026 ) ) ;
#6658 = ORIENTED_EDGE ( 'NONE', *, *, #6664, .F. ) ;
#6659 = ORIENTED_EDGE ( 'NONE', *, *, #2419, .T. ) ;
#6660 = EDGE_CURVE ( 'NONE', #985, #3299, #3035, .T. ) ;
#6661 = CIRCLE ( 'NONE', #5470, 0.008858267716535422500 ) ;
#6662 = ORIENTED_EDGE ( 'NONE', *, *, #3688, .T. ) ;
#6663 = CIRCLE ( 'NONE', #329, 0.007874015748031482100 ) ;
#6664 = EDGE_CURVE ( 'NONE', #1698, #2919, #2456, .T. ) ;
#6665 = ORIENTED_EDGE ( 'NONE', *, *, #3558, .F. ) ;
#6666 = EDGE_CURVE ( 'NONE', #5617, #8307, #3273, .T. ) ;
#6667 = FACE_OUTER_BOUND ( 'NONE', #7301, .T. ) ;
#6668 =( NAMED_UNIT ( * ) PLANE_ANGLE_UNIT ( ) SI_UNIT ( $, .RADIAN. ) );
#6669 = CARTESIAN_POINT ( 'NONE',  ( -0.3147956584452603100, 0.6721259842519689000, 0.3293732138850200000 ) ) ;
#6670 = CARTESIAN_POINT ( 'NONE',  ( 0.1255055738910749700, 0.6307874015748029500, 0.1689370078740164100 ) ) ;
#6671 = ADVANCED_FACE ( 'NONE', ( #7890 ), #8467, .F. ) ;
#6672 = EDGE_LOOP ( 'NONE', ( #366, #2238, #7531, #5767 ) ) ;
#6673 = ORIENTED_EDGE ( 'NONE', *, *, #3550, .F. ) ;
#6674 = ORIENTED_EDGE ( 'NONE', *, *, #2048, .T. ) ;
#6675 = DIRECTION ( 'NONE',  ( -1.000000000000000000, -3.400677691960634000E-015, 0.0000000000000000000 ) ) ;
#6676 = ORIENTED_EDGE ( 'NONE', *, *, #7191, .F. ) ;
#6677 = DIRECTION ( 'NONE',  ( 1.000000000000000000, -0.0000000000000000000, -0.0000000000000000000 ) ) ;
#6678 = LINE ( 'NONE', #2928, #2689 ) ;
#6679 = ORIENTED_EDGE ( 'NONE', *, *, #835, .T. ) ;
#6680 = CIRCLE ( 'NONE', #8565, 0.003937007874015758400 ) ;
#6681 = ORIENTED_EDGE ( 'NONE', *, *, #9034, .F. ) ;
#6682 = LINE ( 'NONE', #2835, #8128 ) ;
#6683 = CARTESIAN_POINT ( 'NONE',  ( 0.2362204724409427400, 0.6307874015748031700, 0.1689370078740163900 ) ) ;
#6684 = ORIENTED_EDGE ( 'NONE', *, *, #8087, .T. ) ;
#6685 = ORIENTED_EDGE ( 'NONE', *, *, #1685, .T. ) ;
#6686 = DIRECTION ( 'NONE',  ( -6.909629590348118300E-015, -1.000000000000000000, -6.909629590348095400E-015 ) ) ;
#6687 = CARTESIAN_POINT ( 'NONE',  ( 0.1653543307086602100, 0.5591058788142251300, -0.3271259842519686500 ) ) ;
#6688 = LINE ( 'NONE', #445, #2934 ) ;
#6689 = ADVANCED_FACE ( 'NONE', ( #5857 ), #6999, .F. ) ;
#6690 = ORIENTED_EDGE ( 'NONE', *, *, #9093, .T. ) ;
#6692 = ORIENTED_EDGE ( 'NONE', *, *, #3868, .T. ) ;
#6691 = PLANE ( 'NONE',  #4233 ) ;
#6693 = LINE ( 'NONE', #9397, #8027 ) ;
#6694 = DIRECTION ( 'NONE',  ( -1.000000000000000000, -3.400677691960634400E-015, 0.0000000000000000000 ) ) ;
#6695 = EDGE_LOOP ( 'NONE', ( #7585, #3490, #5992, #6475, #4694 ) ) ;
#6696 = CARTESIAN_POINT ( 'NONE',  ( 0.1574803149606287000, 0.01574803149605984900, 0.3349999999999995200 ) ) ;
#6697 = DIMENSIONAL_EXPONENTS ( 1.000000000000000000, 0.0000000000000000000, 0.0000000000000000000, 0.0000000000000000000, 0.0000000000000000000, 0.0000000000000000000, 0.0000000000000000000 ) ;
#6698 = DIRECTION ( 'NONE',  ( -1.000000000000000000, -3.334775382890943900E-015, 3.503246160812042700E-046 ) ) ;
#6699 = AXIS2_PLACEMENT_3D ( 'NONE', #6616, #3591, #8891 ) ;
#6700 = LINE ( 'NONE', #2951, #2710 ) ;
#6701 = DIRECTION ( 'NONE',  ( -1.000000000000000000, -3.400677691960634400E-015, 7.973235776786925300E-016 ) ) ;
#6702 = EDGE_LOOP ( 'NONE', ( #3183, #5622, #6233, #4895 ) ) ;
#6703 = CARTESIAN_POINT ( 'NONE',  ( -0.3071149738966091900, 0.6745144169278311000, 0.3331633977070586600 ) ) ;
#6704 = AXIS2_PLACEMENT_3D ( 'NONE', #9711, #5234, #2209 ) ;
#6705 = VERTEX_POINT ( 'NONE', #3925 ) ;
#6706 = ORIENTED_EDGE ( 'NONE', *, *, #9638, .T. ) ;
#6708 = PLANE ( 'NONE',  #6381 ) ;
#6707 = VECTOR ( 'NONE', #8946, 39.37007874015748100 ) ;
#6709 = VERTEX_POINT ( 'NONE', #3859 ) ;
#6710 = EDGE_CURVE ( 'NONE', #3069, #5525, #1440, .T. ) ;
#6711 = VECTOR ( 'NONE', #1919, 39.37007874015748100 ) ;
#6712 = ORIENTED_EDGE ( 'NONE', *, *, #8330, .T. ) ;
#6713 = LINE ( 'NONE', #7591, #4715 ) ;
#6714 = DIRECTION ( 'NONE',  ( -3.491481338843145200E-015, -3.491481338843133000E-015, 1.000000000000000000 ) ) ;
#6715 = CARTESIAN_POINT ( 'NONE',  ( 0.3081889763779569500, 0.06299212598425091300, 0.3271259842519674300 ) ) ;
#6716 = CARTESIAN_POINT ( 'NONE',  ( 0.3081889763779527800, 0.6662204724409450700, -0.3231889763779528000 ) ) ;
#6717 = ORIENTED_EDGE ( 'NONE', *, *, #2693, .F. ) ;
#6718 = LINE ( 'NONE', #4723, #776 ) ;
#6719 = EDGE_CURVE ( 'NONE', #7751, #1592, #7157, .T. ) ;
#6720 = CARTESIAN_POINT ( 'NONE',  ( 0.1330000000000005600, -0.1603553390593269500, -0.1740000000000004600 ) ) ;
#6721 = ORIENTED_EDGE ( 'NONE', *, *, #7523, .F. ) ;
#6722 = FACE_OUTER_BOUND ( 'NONE', #3887, .T. ) ;
#6723 = DIRECTION ( 'NONE',  ( -4.553079989440424900E-015, 1.000000000000000000, -0.0000000000000000000 ) ) ;
#6724 = EDGE_CURVE ( 'NONE', #6326, #8848, #1893, .T. ) ;
#6725 = ORIENTED_EDGE ( 'NONE', *, *, #8573, .F. ) ;
#6726 = LENGTH_MEASURE_WITH_UNIT ( LENGTH_MEASURE( 0.02539999999999999900 ), #6123 );
#6727 = CARTESIAN_POINT ( 'NONE',  ( -0.2249999999999996200, -0.1100000000000007400, 0.06799999999999951900 ) ) ;
#6728 = ADVANCED_FACE ( 'NONE', ( #3848 ), #7740, .F. ) ;
#6729 = EDGE_CURVE ( 'NONE', #8062, #5006, #5137, .T. ) ;
#6730 = ORIENTED_EDGE ( 'NONE', *, *, #6660, .F. ) ;
#6731 = ORIENTED_EDGE ( 'NONE', *, *, #569, .T. ) ;
#6732 = FACE_OUTER_BOUND ( 'NONE', #3167, .T. ) ;
#6733 = ORIENTED_EDGE ( 'NONE', *, *, #2677, .F. ) ;
#6734 = DIRECTION ( 'NONE',  ( 0.0000000000000000000, 0.0000000000000000000, 1.000000000000000000 ) ) ;
#6735 = FILL_AREA_STYLE_COLOUR ( '', #5477 ) ;
#6736 = DIRECTION ( 'NONE',  ( -1.000000000000000000, 0.0000000000000000000, 0.0000000000000000000 ) ) ;
#6737 = VERTEX_POINT ( 'NONE', #9259 ) ;
#6738 = ORIENTED_EDGE ( 'NONE', *, *, #7745, .F. ) ;
#6739 = ADVANCED_FACE ( 'NONE', ( #9180 ), #6184, .F. ) ;
#6740 = VECTOR ( 'NONE', #4171, 39.37007874015748900 ) ;
#6741 = CARTESIAN_POINT ( 'NONE',  ( 0.1220472440944856800, 0.6701574803149602500, 0.3231889763779511900 ) ) ;
#6742 = CARTESIAN_POINT ( 'NONE',  ( -0.3089861342390348200, 0.6721259842519686800, -0.3245087043922654800 ) ) ;
#6743 = PLANE ( 'NONE',  #5489 ) ;
#6744 = AXIS2_PLACEMENT_3D ( 'NONE', #8762, #5777, #8852 ) ;
#6745 = EDGE_CURVE ( 'NONE', #5951, #2136, #2680, .T. ) ;
#6746 = LINE ( 'NONE', #7231, #7970 ) ;
#6747 = ORIENTED_EDGE ( 'NONE', *, *, #3344, .T. ) ;
#6748 = CARTESIAN_POINT ( 'NONE',  ( 0.1255055738910749700, 0.6307874015748029500, 0.1689370078740164100 ) ) ;
#6749 = AXIS2_PLACEMENT_3D ( 'NONE', #7321, #2790, #639 ) ;
#6750 = CARTESIAN_POINT ( 'NONE',  ( -0.3101574803149607700, 0.6721259842519686800, 0.3230102407095416500 ) ) ;
#6751 = EDGE_CURVE ( 'NONE', #6808, #5131, #6433, .T. ) ;
#6752 = DIRECTION ( 'NONE',  ( 1.000000000000000000, 0.0000000000000000000, 0.0000000000000000000 ) ) ;
#6753 = CARTESIAN_POINT ( 'NONE',  ( -0.3101574803149604900, 0.6721259842519689000, 0.3231889763779529600 ) ) ;
#6754 = DIRECTION ( 'NONE',  ( -3.400677691960634400E-015, 1.000000000000000000, 6.347727701402936100E-047 ) ) ;
#6755 = CARTESIAN_POINT ( 'NONE',  ( -0.1830000000000000200, 0.009842519685038747200, -0.1900000000000004700 ) ) ;
#6756 = DIRECTION ( 'NONE',  ( 3.400677691960634000E-015, -1.000000000000000000, -0.0000000000000000000 ) ) ;
#6757 = DIRECTION ( 'NONE',  ( 3.400677691960634000E-015, -1.000000000000000000, 0.0000000000000000000 ) ) ;
#6758 = EDGE_CURVE ( 'NONE', #5336, #8474, #5510, .T. ) ;
#6759 = DIRECTION ( 'NONE',  ( 0.0000000000000000000, -1.000000000000000000, 0.0000000000000000000 ) ) ;
#6760 = CARTESIAN_POINT ( 'NONE',  ( -0.3200000000000020600, 0.05511811023622156800, 0.2811417322834610700 ) ) ;
#6761 = PLANE ( 'NONE',  #1641 ) ;
#6762 = CARTESIAN_POINT ( 'NONE',  ( 0.0000000000000000000, 0.0000000000000000000, 0.0000000000000000000 ) ) ;
#6763 = LENGTH_MEASURE_WITH_UNIT ( LENGTH_MEASURE( 0.02539999999999999900 ), #6021 );
#6764 = EDGE_CURVE ( 'NONE', #8188, #306, #7877, .T. ) ;
#6765 = PLANE ( 'NONE',  #1445 ) ;
#6766 = CARTESIAN_POINT ( 'NONE',  ( 0.2618110236220472200, 0.6799999999999999400, -0.001968503937007842300 ) ) ;
#6767 = VECTOR ( 'NONE', #3798, 39.37007874015748100 ) ;
#6768 = EDGE_CURVE ( 'NONE', #5146, #2212, #5249, .T. ) ;
#6769 = CARTESIAN_POINT ( 'NONE',  ( 0.3145144169278243900, 0.6671149738966095600, -0.3331633977070631000 ) ) ;
#6770 = DIRECTION ( 'NONE',  ( 1.000000000000000000, 3.454814795174078500E-015, 3.717264591378872800E-015 ) ) ;
#6771 = ADVANCED_FACE ( 'NONE', ( #6918 ), #390, .F. ) ;
#6772 = DIRECTION ( 'NONE',  ( -0.1736481776669270600, 0.9848077530122085800, 0.0000000000000000000 ) ) ;
#6773 = CARTESIAN_POINT ( 'NONE',  ( 0.3101574803149606000, 0.6681889763779533800, 0.3271259842519682600 ) ) ;
#6774 = LINE ( 'NONE', #245, #9160 ) ;
#6775 = ORIENTED_EDGE ( 'NONE', *, *, #6806, .F. ) ;
#6776 = VERTEX_POINT ( 'NONE', #1184 ) ;
#6777 = CARTESIAN_POINT ( 'NONE',  ( -0.1669999999999994500, -0.1603553390593279700, -0.1740000000000004600 ) ) ;
#6778 = VECTOR ( 'NONE', #7710, 39.37007874015748100 ) ;
#6779 = CARTESIAN_POINT ( 'NONE',  ( -0.3065471498093913500, 0.6726315874602426500, -0.3343574244550598900 ) ) ;
#6780 = LINE ( 'NONE', #4892, #2232 ) ;
#6781 = DIRECTION ( 'NONE',  ( -1.000000000000000000, -3.252606517456532600E-015, 0.0000000000000000000 ) ) ;
#6782 = EDGE_LOOP ( 'NONE', ( #1328, #8911, #2829, #8827 ) ) ;
#6783 = CARTESIAN_POINT ( 'NONE',  ( -0.2052389610770355400, 0.6245520545984129000, 0.005905511811023646300 ) ) ;
#6784 = ADVANCED_FACE ( 'NONE', ( #2448 ), #6287, .F. ) ;
#6785 = LINE ( 'NONE', #3567, #8933 ) ;
#6786 = CARTESIAN_POINT ( 'NONE',  ( 0.3121259842519707500, 1.092739197465705300E-015, -0.1224015748031491900 ) ) ;
#6787 = ORIENTED_EDGE ( 'NONE', *, *, #5725, .F. ) ;
#6788 = VERTEX_POINT ( 'NONE', #8639 ) ;
#6789 = ORIENTED_EDGE ( 'NONE', *, *, #7442, .T. ) ;
#6790 = VERTEX_POINT ( 'NONE', #7068 ) ;
#6791 = EDGE_CURVE ( 'NONE', #6705, #9364, #6305, .T. ) ;
#6792 = VECTOR ( 'NONE', #7406, 39.37007874015748100 ) ;
#6793 = CARTESIAN_POINT ( 'NONE',  ( 0.3071149738966094700, 0.6702974565612460600, 0.3265137834876547500 ) ) ;
#6794 = CLOSED_SHELL ( 'NONE', ( #3078, #9343, #8235, #8687, #2421, #1247 ) ) ;
#6795 = CIRCLE ( 'NONE', #5781, 0.007874015748031482100 ) ;
#6796 = CARTESIAN_POINT ( 'NONE',  ( -0.08300000000000003200, 0.009842519685039088900, -0.1740000000000004900 ) ) ;
#6797 = ORIENTED_EDGE ( 'NONE', *, *, #4972, .T. ) ;
#6798 = DIRECTION ( 'NONE',  ( 3.400677691960634400E-015, -1.000000000000000000, -1.141646084010939500E-046 ) ) ;
#6799 =( NAMED_UNIT ( * ) SI_UNIT ( $, .STERADIAN. ) SOLID_ANGLE_UNIT ( ) );
#6800 = LINE ( 'NONE', #9240, #9535 ) ;
#6801 = EDGE_CURVE ( 'NONE', #4431, #6776, #5497, .T. ) ;
#6802 = CARTESIAN_POINT ( 'NONE',  ( 0.08300000000000047600, -0.1249999999999997200, -0.2740000000000004700 ) ) ;
#6803 = ORIENTED_EDGE ( 'NONE', *, *, #9723, .T. ) ;
#6804 = ORIENTED_EDGE ( 'NONE', *, *, #2908, .F. ) ;
#6805 = EDGE_LOOP ( 'NONE', ( #3625, #8407, #1197, #8730 ) ) ;
#6806 = EDGE_CURVE ( 'NONE', #2441, #500, #6196, .T. ) ;
#6807 = VECTOR ( 'NONE', #7176, 39.37007874015748100 ) ;
#6808 = VERTEX_POINT ( 'NONE', #1860 ) ;
#6809 = VERTEX_POINT ( 'NONE', #7124 ) ;
#6810 = VECTOR ( 'NONE', #1155, 39.37007874015748100 ) ;
#6811 = VERTEX_POINT ( 'NONE', #2635 ) ;
#6812 = DIRECTION ( 'NONE',  ( -1.000000000000000000, 3.454814795174053600E-015, 0.0000000000000000000 ) ) ;
#6813 = FACE_OUTER_BOUND ( 'NONE', #2233, .T. ) ;
#6814 = CARTESIAN_POINT ( 'NONE',  ( -1.248692419008934400, 0.6701574803149553700, -0.3231889763779526900 ) ) ;
#6815 = CARTESIAN_POINT ( 'NONE',  ( -0.3071149738966091900, 0.6745144169278311000, 0.3331633977070586600 ) ) ;
#6816 = ORIENTED_EDGE ( 'NONE', *, *, #6758, .F. ) ;
#6817 = CYLINDRICAL_SURFACE ( 'NONE', #290, 0.03937007874015750100 ) ;
#6818 = ORIENTED_EDGE ( 'NONE', *, *, #6710, .T. ) ;
#6819 = VERTEX_POINT ( 'NONE', #1888 ) ;
#6820 = LINE ( 'NONE', #4434, #166 ) ;
#6821 = ORIENTED_EDGE ( 'NONE', *, *, #2512, .T. ) ;
#6822 = CARTESIAN_POINT ( 'NONE',  ( 0.2362204724409439300, 0.2764566929133857600, 0.08464566929133864000 ) ) ;
#6823 = VECTOR ( 'NONE', #7786, 39.37007874015748100 ) ;
#6824 = CARTESIAN_POINT ( 'NONE',  ( 0.1330299677273122100, 0.2297539172379915700, 0.3350000000000014600 ) ) ;
#6825 = PLANE ( 'NONE',  #1989 ) ;
#6826 = CARTESIAN_POINT ( 'NONE',  ( -0.2052389610770356000, 0.6245520545984129000, -0.0000000000000000000 ) ) ;
#6827 = CARTESIAN_POINT ( 'NONE',  ( 0.2615000000000000700, 0.009842519685040258100, 0.2424999999999996000 ) ) ;
#6828 = ORIENTED_EDGE ( 'NONE', *, *, #6745, .F. ) ;
#6829 = FACE_OUTER_BOUND ( 'NONE', #7598, .T. ) ;
#6830 = CARTESIAN_POINT ( 'NONE',  ( 0.3081889763779528400, 0.6701574803149609200, 0.3271259842519668700 ) ) ;
#6831 = AXIS2_PLACEMENT_3D ( 'NONE', #8084, #3543, #4129 ) ;
#6832 = ADVANCED_FACE ( 'NONE', ( #3836 ), #5637, .T. ) ;
#6833 = DIRECTION ( 'NONE',  ( 1.000000000000000000, -1.271405209723482300E-029, -3.589083053745131100E-015 ) ) ;
#6834 = EDGE_LOOP ( 'NONE', ( #6310, #9639, #3657, #2347 ) ) ;
#6835 = LINE ( 'NONE', #2311, #2051 ) ;
#6836 = AXIS2_PLACEMENT_3D ( 'NONE', #4533, #2237, #6812 ) ;
#6837 = CARTESIAN_POINT ( 'NONE',  ( -0.1181102362204724500, 0.6721259842519685700, 0.2818503937007870700 ) ) ;
#6838 = SURFACE_STYLE_USAGE ( .BOTH. , #6113 ) ;
#6839 = PLANE ( 'NONE',  #2324 ) ;
#6840 = LINE ( 'NONE', #4757, #7449 ) ;
#6841 = ORIENTED_EDGE ( 'NONE', *, *, #8525, .T. ) ;
#6842 = COLOUR_RGB ( '',0.7921568627450980000, 0.8196078431372548800, 0.9333333333333333500 ) ;
#6843 = EDGE_CURVE ( 'NONE', #5144, #4808, #838, .T. ) ;
#6844 = CARTESIAN_POINT ( 'NONE',  ( 0.3200994094488203200, 0.07874015748031271100, -0.3349999999999995800 ) ) ;
#6845 = EDGE_LOOP ( 'NONE', ( #392, #669, #3378, #1938, #2482 ) ) ;
#6846 = LINE ( 'NONE', #902, #4832 ) ;
#6847 = ORIENTED_EDGE ( 'NONE', *, *, #1382, .F. ) ;
#6848 = ADVANCED_FACE ( 'NONE', ( #3260 ), #6315, .F. ) ;
#6849 = VECTOR ( 'NONE', #2629, 39.37007874015748100 ) ;
#6850 = DIRECTION ( 'NONE',  ( -1.021710149214978100E-030, -2.957351434994952800E-016, 1.000000000000000000 ) ) ;
#6851 = DIRECTION ( 'NONE',  ( -0.0000000000000000000, -1.000000000000000000, -0.0000000000000000000 ) ) ;
#6852 = CARTESIAN_POINT ( 'NONE',  ( 0.08300000000000000400, 0.009842519685039652700, -0.2740000000000004700 ) ) ;
#6853 = ORIENTED_EDGE ( 'NONE', *, *, #2726, .T. ) ;
#6854 = VERTEX_POINT ( 'NONE', #9281 ) ;
#6855 = VECTOR ( 'NONE', #3997, 39.37007874015748100 ) ;
#6856 = EDGE_CURVE ( 'NONE', #2336, #3607, #3487, .T. ) ;
#6857 = ORIENTED_EDGE ( 'NONE', *, *, #2771, .F. ) ;
#6858 = LINE ( 'NONE', #656, #4843 ) ;
#6859 = VERTEX_POINT ( 'NONE', #5505 ) ;
#6860 = DIRECTION ( 'NONE',  ( 0.0000000000000000000, -4.174047234135139500E-046, -1.000000000000000000 ) ) ;
#6861 = DIRECTION ( 'NONE',  ( -3.400677691960634400E-015, 1.000000000000000000, 5.885724984357243300E-047 ) ) ;
#6862 = CARTESIAN_POINT ( 'NONE',  ( -0.3081889763779523900, 0.6701574803149585900, -0.3231889763779528000 ) ) ;
#6863 = CARTESIAN_POINT ( 'NONE',  ( -0.3200000000000009500, 0.6699217144102483900, 0.3231889763779531300 ) ) ;
#6864 = EDGE_CURVE ( 'NONE', #8635, #6004, #3021, .T. ) ;
#6865 = ORIENTED_EDGE ( 'NONE', *, *, #3884, .F. ) ;
#6866 = DIRECTION ( 'NONE',  ( -3.400677691960634000E-015, 1.000000000000000000, 4.651744544108809700E-047 ) ) ;
#6867 = LINE ( 'NONE', #5699, #5458 ) ;
#6868 = EDGE_CURVE ( 'NONE', #2054, #6790, #6780, .T. ) ;
#6869 = CARTESIAN_POINT ( 'NONE',  ( -0.3199999999999998400, 0.6701574803149607000, -0.3230102407095409900 ) ) ;
#6870 = DIRECTION ( 'NONE',  ( -0.5773502691896228400, -0.5773502691896269500, -0.5773502691896272900 ) ) ;
#6871 = CARTESIAN_POINT ( 'NONE',  ( 0.3121259842519707500, -3.414809992080329000E-017, -0.3231889763779504700 ) ) ;
#6872 = DIRECTION ( 'NONE',  ( 0.0000000000000000000, 1.000000000000000000, 0.0000000000000000000 ) ) ;
#6873 = VECTOR ( 'NONE', #1590, 39.37007874015748100 ) ;
#6874 = CARTESIAN_POINT ( 'NONE',  ( -0.2618110236220472200, 0.6721259842519685700, 0.005905511811023654900 ) ) ;
#6875 = CARTESIAN_POINT ( 'NONE',  ( -0.3121259842519704700, 0.02165354330708556300, 0.3231889763779511900 ) ) ;
#6876 = CARTESIAN_POINT ( 'NONE',  ( 0.1669999999999999800, 0.009842519685039933700, -0.2740000000000004700 ) ) ;
#6877 = PLANE ( 'NONE',  #1478 ) ;
#6878 = VECTOR ( 'NONE', #1264, 39.37007874015748100 ) ;
#6879 = CARTESIAN_POINT ( 'NONE',  ( 0.3121259842519704700, 0.07086614173228124300, -0.1853937007874011700 ) ) ;
#6880 = AXIS2_PLACEMENT_3D ( 'NONE', #6400, #2649, #9441 ) ;
#6881 = CARTESIAN_POINT ( 'NONE',  ( -0.3121259842519696900, 0.6689765846953341600, -0.3245221749645737000 ) ) ;
#6882 = DIRECTION ( 'NONE',  ( -3.400677691960634400E-015, 1.000000000000000000, -5.137242217450112900E-048 ) ) ;
#6883 = CARTESIAN_POINT ( 'NONE',  ( -0.2614999999999996200, -0.1250000000000008900, 0.2174999999999995300 ) ) ;
#6884 = CARTESIAN_POINT ( 'NONE',  ( -0.1970914870777443500, 0.6707586757664021300, 0.06102362204724409700 ) ) ;
#6885 = DIRECTION ( 'NONE',  ( -1.000000000000000000, -3.400677691960634400E-015, 1.751623080406021300E-046 ) ) ;
#6886 = DIRECTION ( 'NONE',  ( -3.400677691960634400E-015, 1.000000000000000000, 0.0000000000000000000 ) ) ;
#6887 = ADVANCED_FACE ( 'NONE', ( #3715 ), #8355, .F. ) ;
#6888 = DIRECTION ( 'NONE',  ( -1.138848537929481600E-029, 3.348887019260232700E-015, 1.000000000000000000 ) ) ;
#6889 = DIRECTION ( 'NONE',  ( 0.0000000000000000000, 0.0000000000000000000, -1.000000000000000000 ) ) ;
#6890 = ORIENTED_EDGE ( 'NONE', *, *, #8469, .T. ) ;
#6891 = EDGE_CURVE ( 'NONE', #8994, #728, #1316, .T. ) ;
#6892 = EDGE_CURVE ( 'NONE', #2713, #3316, #8812, .T. ) ;
#6893 = CARTESIAN_POINT ( 'NONE',  ( -0.3106733131607026800, 0.6721259842519685700, -0.3222775818124634700 ) ) ;
#6894 = CARTESIAN_POINT ( 'NONE',  ( -0.1181102362204724500, 0.6721259842519685700, 0.2897244094488185500 ) ) ;
#6895 = DIRECTION ( 'NONE',  ( -4.553079989440435900E-015, 1.000000000000000000, -0.0000000000000000000 ) ) ;
#6896 = LINE ( 'NONE', #9352, #8104 ) ;
#6897 = ORIENTED_EDGE ( 'NONE', *, *, #78, .T. ) ;
#6898 = PRODUCT_DEFINITION_CONTEXT ( 'detailed design', #3016, 'design' ) ;
#6899 = ORIENTED_EDGE ( 'NONE', *, *, #8044, .T. ) ;
#6900 = VECTOR ( 'NONE', #5239, 39.37007874015748100 ) ;
#6901 = CARTESIAN_POINT ( 'NONE',  ( -0.3081889763779523900, 0.6701574803149587000, 0.3271259842519668700 ) ) ;
#6902 = CARTESIAN_POINT ( 'NONE',  ( 0.2228081619892131900, 0.5249121648799671700, 0.06102362204724409700 ) ) ;
#6903 = AXIS2_PLACEMENT_3D ( 'NONE', #6060, #123, #1644 ) ;
#6904 = ORIENTED_EDGE ( 'NONE', *, *, #8282, .T. ) ;
#6905 = LINE ( 'NONE', #5230, #595 ) ;
#6906 = DIRECTION ( 'NONE',  ( 1.000000000000000000, 3.468166398206581500E-015, 0.0000000000000000000 ) ) ;
#6907 = EDGE_CURVE ( 'NONE', #6203, #2147, #357, .T. ) ;
#6908 = CARTESIAN_POINT ( 'NONE',  ( 0.1653543307086601800, 0.01574803149606399100, 0.3349999999999989700 ) ) ;
#6909 = CARTESIAN_POINT ( 'NONE',  ( -0.1220472440944904600, 0.6701574803149593600, 0.3271259842519668700 ) ) ;
#6910 = EDGE_LOOP ( 'NONE', ( #1358, #5154, #1119, #8745 ) ) ;
#6911 = EDGE_LOOP ( 'NONE', ( #2684, #2231, #3494, #6091, #143, #1557 ) ) ;
#6912 = ORIENTED_EDGE ( 'NONE', *, *, #934, .F. ) ;
#6913 = DIRECTION ( 'NONE',  ( 1.000000000000000000, 0.0000000000000000000, 0.0000000000000000000 ) ) ;
#6914 = EDGE_LOOP ( 'NONE', ( #543, #5159, #1319, #4067 ) ) ;
#6915 = DIRECTION ( 'NONE',  ( -3.400677691960634400E-015, 1.000000000000000000, 4.004738936455458800E-046 ) ) ;
#6916 = VECTOR ( 'NONE', #940, 39.37007874015748900 ) ;
#6917 = ORIENTED_EDGE ( 'NONE', *, *, #1909, .F. ) ;
#6918 = FACE_OUTER_BOUND ( 'NONE', #2262, .T. ) ;
#6919 = VERTEX_POINT ( 'NONE', #1978 ) ;
#6920 = EDGE_CURVE ( 'NONE', #6198, #271, #1542, .T. ) ;
#6921 = VECTOR ( 'NONE', #4172, 39.37007874015748100 ) ;
#6922 = PLANE ( 'NONE',  #2824 ) ;
#6923 = ORIENTED_EDGE ( 'NONE', *, *, #6081, .T. ) ;
#6924 = DIRECTION ( 'NONE',  ( 1.000000000000000000, 0.0000000000000000000, 0.0000000000000000000 ) ) ;
#6925 = EDGE_LOOP ( 'NONE', ( #9411, #6721, #3031, #2258, #8030, #9640, #1794, #164 ) ) ;
#6926 = ORIENTED_EDGE ( 'NONE', *, *, #5219, .F. ) ;
#6927 = ORIENTED_EDGE ( 'NONE', *, *, #9304, .T. ) ;
#6928 = EDGE_CURVE ( 'NONE', #3316, #3823, #4302, .T. ) ;
#6929 = FACE_OUTER_BOUND ( 'NONE', #8938, .T. ) ;
#6930 = ORIENTED_EDGE ( 'NONE', *, *, #4536, .T. ) ;
#6931 = AXIS2_PLACEMENT_3D ( 'NONE', #2195, #7488, #9624 ) ;
#6932 = CYLINDRICAL_SURFACE ( 'NONE', #8749, 0.007874015748031499400 ) ;
#6933 = ORIENTED_EDGE ( 'NONE', *, *, #866, .T. ) ;
#6934 = CARTESIAN_POINT ( 'NONE',  ( 0.6200168187639139000, 0.6681889763779533800, 0.3231889763779529600 ) ) ;
#6935 = ORIENTED_EDGE ( 'NONE', *, *, #8006, .T. ) ;
#6936 = EDGE_LOOP ( 'NONE', ( #3147, #8123, #782, #4669 ) ) ;
#6937 = PLANE ( 'NONE',  #9505 ) ;
#6938 = CARTESIAN_POINT ( 'NONE',  ( 0.3081889763779528400, 0.6701574803149607000, -0.3231889763779528000 ) ) ;
#6939 = LINE ( 'NONE', #5116, #8144 ) ;
#6940 = ORIENTED_EDGE ( 'NONE', *, *, #9625, .F. ) ;
#6941 = ORIENTED_EDGE ( 'NONE', *, *, #2999, .T. ) ;
#6942 = FACE_OUTER_BOUND ( 'NONE', #8258, .T. ) ;
#6943 = VERTEX_POINT ( 'NONE', #9501 ) ;
#6944 = VECTOR ( 'NONE', #2113, 39.37007874015748100 ) ;
#6945 = CARTESIAN_POINT ( 'NONE',  ( -0.3081889763779537300, 1.005043008091647500, 0.3231889763779529600 ) ) ;
#6946 = EDGE_CURVE ( 'NONE', #4834, #6859, #4546, .T. ) ;
#6947 = ADVANCED_FACE ( 'NONE', ( #7763 ), #6077, .F. ) ;
#6948 = VERTEX_POINT ( 'NONE', #1223 ) ;
#6949 = CARTESIAN_POINT ( 'NONE',  ( 0.3126315907076665000, 0.6665405905235229900, 0.3343574223956533000 ) ) ;
#6950 = VERTEX_POINT ( 'NONE', #2749 ) ;
#6951 = EDGE_LOOP ( 'NONE', ( #1189, #7041, #7667, #5598 ) ) ;
#6952 = LINE ( 'NONE', #6311, #8861 ) ;
#6953 = DIRECTION ( 'NONE',  ( 0.0000000000000000000, 0.0000000000000000000, 1.000000000000000000 ) ) ;
#6954 = ORIENTED_EDGE ( 'NONE', *, *, #5801, .F. ) ;
#6955 = DIRECTION ( 'NONE',  ( 3.454814795174053600E-015, 1.000000000000000000, -0.0000000000000000000 ) ) ;
#6956 = DIRECTION ( 'NONE',  ( -3.414809992080327900E-015, 1.000000000000000000, 6.588409016934216900E-047 ) ) ;
#6957 = AXIS2_PLACEMENT_3D ( 'NONE', #4497, #808, #6018 ) ;
#6958 = EDGE_CURVE ( 'NONE', #5787, #8127, #9050, .T. ) ;
#6959 = CARTESIAN_POINT ( 'NONE',  ( -0.1220472440944904600, 0.6701574803149593600, 0.3231889763779511900 ) ) ;
#6960 = VECTOR ( 'NONE', #3841, 39.37007874015748100 ) ;
#6961 = CARTESIAN_POINT ( 'NONE',  ( -0.1255055738910792800, 0.6307874015748021800, 0.1689370078740164100 ) ) ;
#6962 = VERTEX_POINT ( 'NONE', #1958 ) ;
#6963 = VECTOR ( 'NONE', #3059, 39.37007874015748100 ) ;
#6964 = CARTESIAN_POINT ( 'NONE',  ( -0.1169999999999994500, -0.1603553390593278100, -0.2740000000000004700 ) ) ;
#6965 = CARTESIAN_POINT ( 'NONE',  ( -0.2362204724409458500, 0.2764566929133841500, -0.1066535433070859000 ) ) ;
#6966 = CARTESIAN_POINT ( 'NONE',  ( 0.3200000000000001200, 0.6701574803149605900, 0.1791338582677165500 ) ) ;
#6967 = CARTESIAN_POINT ( 'NONE',  ( 0.3200994094488202600, 0.05511811023621935500, 0.2890157480314925500 ) ) ;
#6968 = VERTEX_POINT ( 'NONE', #7972 ) ;
#6969 = VECTOR ( 'NONE', #8053, 39.37007874015748100 ) ;
#6970 = CARTESIAN_POINT ( 'NONE',  ( -0.3099217144102480200, 0.6721259842519689000, 0.3231889763779530200 ) ) ;
#6971 = DIRECTION ( 'NONE',  ( -3.400677691960634000E-015, 1.000000000000000000, -0.0000000000000000000 ) ) ;
#6972 = VECTOR ( 'NONE', #5799, 39.37007874015748100 ) ;
#6973 = CARTESIAN_POINT ( 'NONE',  ( -3.414809992080329000E-017, 0.009842519685039378600, 0.0000000000000000000 ) ) ;
#6974 = ORIENTED_EDGE ( 'NONE', *, *, #7227, .F. ) ;
#6975 = LINE ( 'NONE', #6120, #1384 ) ;
#6976 = CARTESIAN_POINT ( 'NONE',  ( -0.3152951442791664400, 0.6789392411772616800, -0.3219122744137258300 ) ) ;
#6977 = AXIS2_PLACEMENT_3D ( 'NONE', #7657, #9062, #86 ) ;
#6978 = ORIENTED_EDGE ( 'NONE', *, *, #1855, .T. ) ;
#6979 = CYLINDRICAL_SURFACE ( 'NONE', #7738, 0.001968503937007862300 ) ;
#6980 = CARTESIAN_POINT ( 'NONE',  ( 0.3200000000000001200, 0.6701574803149605900, 0.1791338582677165500 ) ) ;
#6981 = EDGE_CURVE ( 'NONE', #6089, #6042, #7034, .T. ) ;
#6982 = CARTESIAN_POINT ( 'NONE',  ( -1.248692419008934400, 0.6662204724409397400, -0.3271259842519685400 ) ) ;
#6983 = ORIENTED_EDGE ( 'NONE', *, *, #53, .F. ) ;
#6984 = ORIENTED_EDGE ( 'NONE', *, *, #5254, .T. ) ;
#6985 = VECTOR ( 'NONE', #5214, 39.37007874015748100 ) ;
#6986 = DIRECTION ( 'NONE',  ( -3.717264591378884600E-015, 3.454814795174027600E-015, -1.000000000000000000 ) ) ;
#6987 = UNCERTAINTY_MEASURE_WITH_UNIT (LENGTH_MEASURE( 1.000000000000000100E-005 ), #7837, 'distance_accuracy_value', 'NONE');
#6988 = CARTESIAN_POINT ( 'NONE',  ( 0.3081889763779469500, 0.6701574803149604700, -0.3349999999999999100 ) ) ;
#6989 = EDGE_LOOP ( 'NONE', ( #8735, #6330, #6493, #9528, #7428, #7099, #9547, #5621, #3794 ) ) ;
#6990 = CARTESIAN_POINT ( 'NONE',  ( -0.3200000000000020600, 0.05511811023622152600, -0.1224015748031491900 ) ) ;
#6991 = CARTESIAN_POINT ( 'NONE',  ( 0.01700000000000056000, -0.1603553390593273600, -0.1900000000000004700 ) ) ;
#6992 = AXIS2_PLACEMENT_3D ( 'NONE', #225, #4645, #4620 ) ;
#6993 = ORIENTED_EDGE ( 'NONE', *, *, #2298, .T. ) ;
#6994 = DIRECTION ( 'NONE',  ( 3.454814795174053600E-015, 1.000000000000000000, -0.0000000000000000000 ) ) ;
#6995 = VECTOR ( 'NONE', #1841, 39.37007874015748100 ) ;
#6996 = CARTESIAN_POINT ( 'NONE',  ( 0.06699999999999999000, 0.009842519685039600700, -0.2740000000000004700 ) ) ;
#6997 = B_SPLINE_CURVE_WITH_KNOTS ( 'NONE', 1,
 ( #2330, #4519 ),
 .UNSPECIFIED., .F., .F.,
 ( 2, 2 ),
 ( 0.0000000000000000000, 1.000000000000000000 ),
 .UNSPECIFIED. ) ;
#6998 = DIRECTION ( 'NONE',  ( 7.243387984366504000E-031, -2.087764443346746700E-016, -1.000000000000000000 ) ) ;
#6999 = PLANE ( 'NONE',  #8257 ) ;
#7000 = EDGE_CURVE ( 'NONE', #2958, #282, #7268, .T. ) ;
#7001 = ADVANCED_FACE ( 'NONE', ( #8001 ), #9248, .F. ) ;
#7002 = CARTESIAN_POINT ( 'NONE',  ( 0.03300000000000057700, -0.1603553390593272800, -0.1900000000000004700 ) ) ;
#7003 = DIRECTION ( 'NONE',  ( 0.0000000000000000000, 1.000000000000000000, 0.0000000000000000000 ) ) ;
#7004 = VECTOR ( 'NONE', #5927, 39.37007874015748100 ) ;
#7005 = VERTEX_POINT ( 'NONE', #5778 ) ;
#7006 = EDGE_CURVE ( 'NONE', #8142, #1713, #588, .T. ) ;
#7007 = DIRECTION ( 'NONE',  ( 0.0000000000000000000, 1.000000000000000000, -3.097720492815726300E-015 ) ) ;
#7008 = CARTESIAN_POINT ( 'NONE',  ( -0.3081889763779544500, 0.07874015748031189300, -0.3231889763779507400 ) ) ;
#7009 = EDGE_CURVE ( 'NONE', #2734, #1537, #1082, .T. ) ;
#7010 = CARTESIAN_POINT ( 'NONE',  ( 0.2250000000000014200, -0.4197056274847709200, 0.06799999999999951900 ) ) ;
#7011 = DIRECTION ( 'NONE',  ( 0.0000000000000000000, 1.000000000000000000, 0.0000000000000000000 ) ) ;
#7012 = DIRECTION ( 'NONE',  ( -1.000000000000000000, 0.0000000000000000000, 0.0000000000000000000 ) ) ;
#7013 = DIRECTION ( 'NONE',  ( -1.000000000000000000, -3.400677691960634000E-015, 0.0000000000000000000 ) ) ;
#7014 = DIRECTION ( 'NONE',  ( -1.000000000000000000, 3.454814795174053600E-015, 0.0000000000000000000 ) ) ;
#7015 = CARTESIAN_POINT ( 'NONE',  ( 0.3102974565612440800, 0.6671149738966095600, -0.3265137834876562000 ) ) ;
#7016 = PLANE ( 'NONE',  #4661 ) ;
#7017 = CARTESIAN_POINT ( 'NONE',  ( -0.2696850393700787600, 0.6721259842519685700, -0.1248031496062992400 ) ) ;
#7018 = CARTESIAN_POINT ( 'NONE',  ( 0.3200994094488203200, 0.07874015748031271100, -0.1853937007874011700 ) ) ;
#7019 = CARTESIAN_POINT ( 'NONE',  ( -0.1615000000000000300, -0.1250000000000005600, 0.2174999999999995300 ) ) ;
#7020 = LINE ( 'NONE', #6786, #1072 ) ;
#7021 = DIRECTION ( 'NONE',  ( -3.454814795174053600E-015, -1.000000000000000000, -2.168404344971014000E-015 ) ) ;
#7022 = CARTESIAN_POINT ( 'NONE',  ( -0.1170000000000000200, 0.009842519685038977900, -0.2900000000000004800 ) ) ;
#7023 = MECHANICAL_DESIGN_GEOMETRIC_PRESENTATION_REPRESENTATION (  '', ( #4498 ), #7558 ) ;
#7024 = CARTESIAN_POINT ( 'NONE',  ( -0.1813919424826509200, 0.1813919424826528300, 0.3271259842519698700 ) ) ;
#7025 = DIRECTION ( 'NONE',  ( 3.944304526105059000E-031, -1.000000000000000000, 3.491481338843133000E-015 ) ) ;
#7026 = CARTESIAN_POINT ( 'NONE',  ( -0.1364999999999995700, -0.1250000000000004700, 0.2174999999999995300 ) ) ;
#7027 = EDGE_CURVE ( 'NONE', #3381, #8706, #9293, .T. ) ;
#7028 = ORIENTED_EDGE ( 'NONE', *, *, #713, .T. ) ;
#7029 = PRESENTATION_STYLE_ASSIGNMENT (( #6471 ) ) ;
#7030 = B_SPLINE_CURVE_WITH_KNOTS ( 'NONE', 3,
 ( #5840, #5790, #1297, #8106 ),
 .UNSPECIFIED., .F., .F.,
 ( 4, 4 ),
 ( 0.0000000000000000000, 1.000000000000000000 ),
 .UNSPECIFIED. ) ;
#7032 = EDGE_CURVE ( 'NONE', #7334, #7378, #2104, .T. ) ;
#7031 = CARTESIAN_POINT ( 'NONE',  ( -0.3102974565612449700, 0.6671149738966100100, -0.3265137834876557000 ) ) ;
#7033 = LINE ( 'NONE', #6883, #6778 ) ;
#7034 = CIRCLE ( 'NONE', #6141, 0.007874015748031516800 ) ;
#7035 = DIRECTION ( 'NONE',  ( 1.355252715606873900E-016, 2.087764443346751700E-016, 1.000000000000000000 ) ) ;
#7036 = CARTESIAN_POINT ( 'NONE',  ( 0.3081889763779526700, 0.6654050914126516900, 0.3350000000000001300 ) ) ;
#7037 = ORIENTED_EDGE ( 'NONE', *, *, #8940, .T. ) ;
#7038 = VECTOR ( 'NONE', #683, 39.37007874015748100 ) ;
#7039 = DIRECTION ( 'NONE',  ( -1.000000000000000000, 0.0000000000000000000, 0.0000000000000000000 ) ) ;
#7040 = DIRECTION ( 'NONE',  ( -3.400677691960634000E-015, 1.000000000000000000, 0.0000000000000000000 ) ) ;
#7041 = ORIENTED_EDGE ( 'NONE', *, *, #1545, .F. ) ;
#7042 = VERTEX_POINT ( 'NONE', #2144 ) ;
#7043 = ORIENTED_EDGE ( 'NONE', *, *, #8691, .T. ) ;
#7044 = ORIENTED_EDGE ( 'NONE', *, *, #7304, .T. ) ;
#7045 = CARTESIAN_POINT ( 'NONE',  ( 0.3101574803149606000, 0.6800000000000001600, 0.3230102407095413700 ) ) ;
#7046 = AXIS2_PLACEMENT_3D ( 'NONE', #4646, #8375, #1006 ) ;
#7047 = VECTOR ( 'NONE', #2391, 39.37007874015748100 ) ;
#7048 = ORIENTED_EDGE ( 'NONE', *, *, #3358, .T. ) ;
#7049 = ADVANCED_FACE ( 'NONE', ( #7388 ), #7386, .F. ) ;
#7050 = ORIENTED_EDGE ( 'NONE', *, *, #1877, .F. ) ;
#7051 = ORIENTED_EDGE ( 'NONE', *, *, #4942, .F. ) ;
#7052 = PRESENTATION_LAYER_ASSIGNMENT (  '', '', ( #6035 ) ) ;
#7053 =( NAMED_UNIT ( * ) PLANE_ANGLE_UNIT ( ) SI_UNIT ( $, .RADIAN. ) );
#7054 = CARTESIAN_POINT ( 'NONE',  ( 0.08300000000000047600, -0.1249999999999997200, -0.2900000000000004800 ) ) ;
#7055 = UNCERTAINTY_MEASURE_WITH_UNIT (LENGTH_MEASURE( 1.000000000000000100E-005 ), #4285, 'distance_accuracy_value', 'NONE');
#7056 = CARTESIAN_POINT ( 'NONE',  ( 0.3200994094488202600, 0.05511811023621931300, -0.05645669291338934600 ) ) ;
#7057 = CARTESIAN_POINT ( 'NONE',  ( 0.1102362204724409300, 0.6721259842519685700, 0.2897244094488185500 ) ) ;
#7058 = EDGE_LOOP ( 'NONE', ( #1900, #6209, #5269, #6010 ) ) ;
#7059 = ORIENTED_EDGE ( 'NONE', *, *, #6517, .F. ) ;
#7060 = EDGE_CURVE ( 'NONE', #8142, #302, #2000, .T. ) ;
#7061 = LINE ( 'NONE', #7830, #8023 ) ;
#7062 = DIRECTION ( 'NONE',  ( 0.0000000000000000000, 1.000000000000000000, -5.421010862427524100E-016 ) ) ;
#7063 = ORIENTED_EDGE ( 'NONE', *, *, #4203, .T. ) ;
#7064 = ORIENTED_EDGE ( 'NONE', *, *, #9682, .F. ) ;
#7065 = VERTEX_POINT ( 'NONE', #8199 ) ;
#7066 = FACE_OUTER_BOUND ( 'NONE', #6602, .T. ) ;
#7067 = DIRECTION ( 'NONE',  ( -3.400677691960634400E-015, 1.000000000000000000, 6.733886952713739600E-047 ) ) ;
#7068 = CARTESIAN_POINT ( 'NONE',  ( -0.3200000000000026700, -0.1256299212598414300, -0.06531496062992479800 ) ) ;
#7069 = EDGE_CURVE ( 'NONE', #5672, #2125, #3957, .T. ) ;
#7070 = ORIENTED_EDGE ( 'NONE', *, *, #1943, .T. ) ;
#7071 = CARTESIAN_POINT ( 'NONE',  ( -0.3200000000000020600, 0.05511811023622152600, 0.1630314960629886400 ) ) ;
#7072 = CIRCLE ( 'NONE', #9023, 0.003937007874015724600 ) ;
#7073 = CARTESIAN_POINT ( 'NONE',  ( 0.1830000000000005800, -0.1603553390593267800, -0.2740000000000004700 ) ) ;
#7074 = ORIENTED_EDGE ( 'NONE', *, *, #8428, .T. ) ;
#7075 = ORIENTED_EDGE ( 'NONE', *, *, #3126, .T. ) ;
#7076 = LINE ( 'NONE', #1697, #6232 ) ;
#7077 = ORIENTED_EDGE ( 'NONE', *, *, #2624, .T. ) ;
#7078 = VECTOR ( 'NONE', #8178, 39.37007874015748100 ) ;
#7079 = CARTESIAN_POINT ( 'NONE',  ( -0.1169999999999994500, -0.1250000000000004200, -0.2740000000000004700 ) ) ;
#7080 = CARTESIAN_POINT ( 'NONE',  ( 0.3089748484444494500, 0.6800000000000002700, -0.3271959195966514500 ) ) ;
#7081 = CARTESIAN_POINT ( 'NONE',  ( 0.1653543307086602600, 0.5591058788142251300, 0.3349999999999989700 ) ) ;
#7082 = LINE ( 'NONE', #2625, #6482 ) ;
#7083 = EDGE_LOOP ( 'NONE', ( #1351, #5986, #8400, #1830 ) ) ;
#7084 = VECTOR ( 'NONE', #3461, 39.37007874015748100 ) ;
#7085 = AXIS2_PLACEMENT_3D ( 'NONE', #4385, #8143, #8866 ) ;
#7086 = EDGE_CURVE ( 'NONE', #4217, #5617, #4429, .T. ) ;
#7087 = ORIENTED_EDGE ( 'NONE', *, *, #2611, .F. ) ;
#7088 = VECTOR ( 'NONE', #5184, 39.37007874015748100 ) ;
#7089 = DIRECTION ( 'NONE',  ( -3.400677691960634400E-015, 1.000000000000000000, 6.347727701402936100E-047 ) ) ;
#7090 = ORIENTED_EDGE ( 'NONE', *, *, #7269, .T. ) ;
#7091 = LENGTH_MEASURE_WITH_UNIT ( LENGTH_MEASURE( 0.02539999999999999900 ), #3519 );
#7092 = ORIENTED_EDGE ( 'NONE', *, *, #7517, .F. ) ;
#7093 = VECTOR ( 'NONE', #6062, 39.37007874015748100 ) ;
#7094 = ORIENTED_EDGE ( 'NONE', *, *, #5404, .T. ) ;
#7095 = PLANE ( 'NONE',  #104 ) ;
#7096 = CIRCLE ( 'NONE', #6013, 0.003937007874015724600 ) ;
#7097 = EDGE_CURVE ( 'NONE', #6107, #2441, #1766, .T. ) ;
#7098 = DIRECTION ( 'NONE',  ( 4.336808689942167600E-015, 1.000000000000000000, 1.084202172485541900E-015 ) ) ;
#7099 = ORIENTED_EDGE ( 'NONE', *, *, #4471, .T. ) ;
#7100 = DIRECTION ( 'NONE',  ( 0.0000000000000000000, 0.0000000000000000000, 1.000000000000000000 ) ) ;
#7101 = ADVANCED_FACE ( 'NONE', ( #1876 ), #6614, .F. ) ;
#7102 = VECTOR ( 'NONE', #7496, 39.37007874015748100 ) ;
#7103 = ORIENTED_EDGE ( 'NONE', *, *, #733, .T. ) ;
#7104 = LINE ( 'NONE', #2202, #6143 ) ;
#7105 = ORIENTED_EDGE ( 'NONE', *, *, #9084, .T. ) ;
#7106 = B_SPLINE_CURVE_WITH_KNOTS ( 'NONE', 3,
 ( #6384, #4166, #9358, #4837 ),
 .UNSPECIFIED., .F., .F.,
 ( 4, 4 ),
 ( 0.0000000000000000000, 1.000000000000000000 ),
 .UNSPECIFIED. ) ;
#7107 = DIRECTION ( 'NONE',  ( -0.0000000000000000000, 0.0000000000000000000, 1.000000000000000000 ) ) ;
#7108 = AXIS2_PLACEMENT_3D ( 'NONE', #6017, #8321, #7621 ) ;
#7109 = EDGE_LOOP ( 'NONE', ( #1436, #4440, #730, #5422 ) ) ;
#7110 = LINE ( 'NONE', #6486, #5216 ) ;
#7111 = CARTESIAN_POINT ( 'NONE',  ( -0.1102362204724409400, 0.6721259842519685700, 0.3231889763779529600 ) ) ;
#7112 = EDGE_CURVE ( 'NONE', #2021, #7353, #9633, .T. ) ;
#7113 = DIRECTION ( 'NONE',  ( -0.0000000000000000000, -1.000000000000000000, -0.0000000000000000000 ) ) ;
#7114 = CARTESIAN_POINT ( 'NONE',  ( 0.1615000000000000300, 0.009842519685039916400, 0.2174999999999995500 ) ) ;
#7115 = DIRECTION ( 'NONE',  ( 0.0000000000000000000, 0.0000000000000000000, 1.000000000000000000 ) ) ;
#7116 = DIRECTION ( 'NONE',  ( -1.000000000000000000, -3.454814795174053200E-015, 0.0000000000000000000 ) ) ;
#7117 = FACE_OUTER_BOUND ( 'NONE', #4705, .T. ) ;
#7118 = PLANE ( 'NONE',  #4112 ) ;
#7119 = DIRECTION ( 'NONE',  ( -3.454814795174054000E-015, -1.000000000000000000, 0.0000000000000000000 ) ) ;
#7120 = AXIS2_PLACEMENT_3D ( 'NONE', #8473, #6159, #173 ) ;
#7121 = DIRECTION ( 'NONE',  ( -3.400677691960634400E-015, 1.000000000000000000, -2.087764443346746700E-016 ) ) ;
#7122 = VECTOR ( 'NONE', #9502, 39.37007874015748100 ) ;
#7123 = DIRECTION ( 'NONE',  ( 3.084327436331647300E-016, 2.087764443346757100E-016, 1.000000000000000000 ) ) ;
#7124 = CARTESIAN_POINT ( 'NONE',  ( 0.3101574803149606000, 0.6800000000000003800, 0.3230102407095412600 ) ) ;
#7125 = PLANE ( 'NONE',  #4885 ) ;
#7126 = CARTESIAN_POINT ( 'NONE',  ( -0.3114119681968002300, 0.6680505540678224300, -0.3258069979148152700 ) ) ;
#7127 = AXIS2_PLACEMENT_3D ( 'NONE', #9022, #1587, #5233 ) ;
#7128 = EDGE_CURVE ( 'NONE', #4142, #6859, #5844, .T. ) ;
#7129 = DIRECTION ( 'NONE',  ( -1.000000000000000000, 3.454814795174053600E-015, -0.0000000000000000000 ) ) ;
#7130 = ORIENTED_EDGE ( 'NONE', *, *, #7757, .T. ) ;
#7131 = CARTESIAN_POINT ( 'NONE',  ( 0.2651652498911323800, 0.6799999999999999400, 0.2743517874051790700 ) ) ;
#7132 = VERTEX_POINT ( 'NONE', #5863 ) ;
#7133 = CARTESIAN_POINT ( 'NONE',  ( -0.06699999999999999000, 0.009842519685039139200, -0.1900000000000004700 ) ) ;
#7134 = DIRECTION ( 'NONE',  ( -1.000000000000000000, 0.0000000000000000000, 0.0000000000000000000 ) ) ;
#7135 = AXIS2_PLACEMENT_3D ( 'NONE', #6973, #5515, #1067 ) ;
#7136 = ADVANCED_FACE ( 'NONE', ( #3368 ), #5126, .F. ) ;
#7137 = DIRECTION ( 'NONE',  ( -1.000000000000000000, 3.454814795174077700E-015, 3.717264591378872800E-015 ) ) ;
#7138 = ORIENTED_EDGE ( 'NONE', *, *, #8791, .T. ) ;
#7139 = VERTEX_POINT ( 'NONE', #3589 ) ;
#7140 = VECTOR ( 'NONE', #4324, 39.37007874015748100 ) ;
#7141 = CARTESIAN_POINT ( 'NONE',  ( 0.2052389610770356000, 0.6245520545984129000, 0.06102362204724409700 ) ) ;
#7142 = CARTESIAN_POINT ( 'NONE',  ( -0.3200000000000026700, -0.1256299212598414300, -0.1046850393700783100 ) ) ;
#7143 = CYLINDRICAL_SURFACE ( 'NONE', #2015, 0.008858267716535422500 ) ;
#7144 = EDGE_LOOP ( 'NONE', ( #8008, #6014, #8775, #7218 ) ) ;
#7145 = DIRECTION ( 'NONE',  ( -1.000000000000000000, 3.454814795174053200E-015, -0.0000000000000000000 ) ) ;
#7146 = VECTOR ( 'NONE', #9252, 39.37007874015748100 ) ;
#7147 = AXIS2_PLACEMENT_3D ( 'NONE', #4288, #2792, #8091 ) ;
#7148 = ADVANCED_FACE ( 'NONE', ( #5735 ), #7143, .F. ) ;
#7149 = ORIENTED_EDGE ( 'NONE', *, *, #9725, .T. ) ;
#7150 = DIRECTION ( 'NONE',  ( 1.000000000000000000, 2.988429361867319300E-017, -0.0000000000000000000 ) ) ;
#7151 = EDGE_LOOP ( 'NONE', ( #2747, #9525, #7777, #8251 ) ) ;
#7152 = VERTEX_POINT ( 'NONE', #681 ) ;
#7153 = VERTEX_POINT ( 'NONE', #9728 ) ;
#7154 = DIRECTION ( 'NONE',  ( 1.000000000000000000, 3.454814795174053600E-015, 0.0000000000000000000 ) ) ;
#7155 = DIRECTION ( 'NONE',  ( 0.7071067811865444600, 0.7071067811865506800, -2.434580780837751800E-016 ) ) ;
#7156 = ORIENTED_EDGE ( 'NONE', *, *, #5219, .T. ) ;
#7157 = LINE ( 'NONE', #7715, #8828 ) ;
#7158 = PLANE ( 'NONE',  #1924 ) ;
#7159 = AXIS2_PLACEMENT_3D ( 'NONE', #6642, #1415, #2911 ) ;
#7160 = ORIENTED_EDGE ( 'NONE', *, *, #4271, .F. ) ;
#7161 = MANIFOLD_SOLID_BREP ( 'Boss-Extrude3[10]', #3702 ) ;
#7162 = LINE ( 'NONE', #7111, #4899 ) ;
#7163 = EDGE_CURVE ( 'NONE', #2148, #6326, #7205, .T. ) ;
#7164 = B_SPLINE_CURVE_WITH_KNOTS ( 'NONE', 3,
 ( #2843, #3458, #4205, #9604 ),
 .UNSPECIFIED., .F., .F.,
 ( 4, 4 ),
 ( 0.0000000000000000000, 1.000000000000000000 ),
 .UNSPECIFIED. ) ;
#7165 = ORIENTED_EDGE ( 'NONE', *, *, #4222, .T. ) ;
#7166 = ORIENTED_EDGE ( 'NONE', *, *, #334, .F. ) ;
#7167 = VERTEX_POINT ( 'NONE', #8331 ) ;
#7168 = ORIENTED_EDGE ( 'NONE', *, *, #9718, .F. ) ;
#7169 = DIRECTION ( 'NONE',  ( -3.400677691960634400E-015, 1.000000000000000000, 0.0000000000000000000 ) ) ;
#7170 = CARTESIAN_POINT ( 'NONE',  ( 0.3121259842519696300, 0.6699217144102477300, 0.3231889763779529600 ) ) ;
#7171 = LINE ( 'NONE', #4566, #3611 ) ;
#7172 = ORIENTED_EDGE ( 'NONE', *, *, #4239, .T. ) ;
#7173 = VECTOR ( 'NONE', #1519, 39.37007874015748100 ) ;
#7174 = CARTESIAN_POINT ( 'NONE',  ( 0.3081889763779528400, 0.6662204724409450700, 0.3231889763779511900 ) ) ;
#7175 = VERTEX_POINT ( 'NONE', #9606 ) ;
#7176 = DIRECTION ( 'NONE',  ( -0.0000000000000000000, -0.0000000000000000000, 1.000000000000000000 ) ) ;
#7177 = CARTESIAN_POINT ( 'NONE',  ( -0.08267716535433165800, 0.2764566929133847100, 0.3231889763779511900 ) ) ;
#7178 = ORIENTED_EDGE ( 'NONE', *, *, #3413, .F. ) ;
#7179 = ORIENTED_EDGE ( 'NONE', *, *, #1974, .F. ) ;
#7180 = EDGE_CURVE ( 'NONE', #9423, #2577, #4120, .T. ) ;
#7181 = CIRCLE ( 'NONE', #1790, 0.003937007874015724600 ) ;
#7182 = CARTESIAN_POINT ( 'NONE',  ( -0.3121259842519705200, 0.05511811023622149900, -0.1046850393700783500 ) ) ;
#7183 = ORIENTED_EDGE ( 'NONE', *, *, #4862, .T. ) ;
#7184 = ORIENTED_EDGE ( 'NONE', *, *, #7977, .F. ) ;
#7185 = FACE_OUTER_BOUND ( 'NONE', #8882, .T. ) ;
#7186 = ORIENTED_EDGE ( 'NONE', *, *, #7490, .F. ) ;
#7187 = ORIENTED_EDGE ( 'NONE', *, *, #5484, .F. ) ;
#7188 = PLANE ( 'NONE',  #9044 ) ;
#7189 = PLANE ( 'NONE',  #8569 ) ;
#7190 = VECTOR ( 'NONE', #3934, 39.37007874015748100 ) ;
#7191 = EDGE_CURVE ( 'NONE', #7280, #1472, #8338, .T. ) ;
#7192 = VERTEX_POINT ( 'NONE', #6054 ) ;
#7193 = EDGE_LOOP ( 'NONE', ( #2825, #3527, #4920, #2268 ) ) ;
#7194 = VERTEX_POINT ( 'NONE', #8269 ) ;
#7195 = VERTEX_POINT ( 'NONE', #4508 ) ;
#7196 = CARTESIAN_POINT ( 'NONE',  ( 0.0000000000000000000, 0.6799999999999999400, 0.005905511811023646300 ) ) ;
#7197 = DIRECTION ( 'NONE',  ( 0.0000000000000000000, 2.716889285699967600E-045, 1.000000000000000000 ) ) ;
#7198 = EDGE_CURVE ( 'NONE', #963, #5034, #5183, .T. ) ;
#7199 = DIRECTION ( 'NONE',  ( -1.179847085294947200E-029, 3.469446951953613800E-015, 1.000000000000000000 ) ) ;
#7200 = ADVANCED_FACE ( 'NONE', ( #8283 ), #9014, .F. ) ;
#7201 = DIRECTION ( 'NONE',  ( -3.400677691960634400E-015, 1.000000000000000000, 6.347727701402936100E-047 ) ) ;
#7202 = CARTESIAN_POINT ( 'NONE',  ( -0.08267716535433165800, 0.2764566929133847100, 0.2399521717798882800 ) ) ;
#7203 = EDGE_CURVE ( 'NONE', #760, #7635, #3893, .T. ) ;
#7204 = EDGE_CURVE ( 'NONE', #5025, #9527, #6360, .T. ) ;
#7205 = LINE ( 'NONE', #5169, #6960 ) ;
#7206 = ORIENTED_EDGE ( 'NONE', *, *, #9012, .T. ) ;
#7207 = LINE ( 'NONE', #3097, #2959 ) ;
#7208 = AXIS2_PLACEMENT_3D ( 'NONE', #791, #1638, #844 ) ;
#7209 = ORIENTED_EDGE ( 'NONE', *, *, #5194, .T. ) ;
#7210 = VECTOR ( 'NONE', #1648, 39.37007874015748100 ) ;
#7211 = DIRECTION ( 'NONE',  ( -7.491435412925561900E-030, -2.168404344971014000E-015, 1.000000000000000000 ) ) ;
#7212 = ADVANCED_FACE ( 'NONE', ( #9685 ), #9041, .F. ) ;
#7213 = DIRECTION ( 'NONE',  ( 1.000000000000000000, 3.400677691960634400E-015, -7.973235776786925300E-016 ) ) ;
#7214 = AXIS2_PLACEMENT_3D ( 'NONE', #7731, #6279, #7014 ) ;
#7215 = FILL_AREA_STYLE ('',( #499 ) ) ;
#7216 = ORIENTED_EDGE ( 'NONE', *, *, #5161, .F. ) ;
#7217 = VECTOR ( 'NONE', #6363, 39.37007874015748900 ) ;
#7218 = ORIENTED_EDGE ( 'NONE', *, *, #925, .F. ) ;
#7219 = DIRECTION ( 'NONE',  ( -0.0000000000000000000, -0.0000000000000000000, 1.000000000000000000 ) ) ;
#7220 = FILL_AREA_STYLE ('',( #2837 ) ) ;
#7221 = CARTESIAN_POINT ( 'NONE',  ( -0.2362204724409470400, 0.6307874015748016200, -0.1066535433070859700 ) ) ;
#7222 = CARTESIAN_POINT ( 'NONE',  ( 0.2850000000000003600, -0.1099999999999989600, 0.06799999999999953300 ) ) ;
#7223 = CARTESIAN_POINT ( 'NONE',  ( 0.2362204724409427400, 0.6307874015748031700, 0.1689370078740163900 ) ) ;
#7224 = VERTEX_POINT ( 'NONE', #5363 ) ;
#7225 = CARTESIAN_POINT ( 'NONE',  ( -0.3121259842519703000, 0.02362204724409552500, -0.03972440944882241200 ) ) ;
#7226 = VECTOR ( 'NONE', #1521, 39.37007874015748100 ) ;
#7227 = EDGE_CURVE ( 'NONE', #5729, #4795, #8962, .T. ) ;
#7228 = CARTESIAN_POINT ( 'NONE',  ( -0.2614999999999995100, -0.1603553390593282800, 0.2174999999999995300 ) ) ;
#7229 = DIRECTION ( 'NONE',  ( 0.0000000000000000000, 0.0000000000000000000, 1.000000000000000000 ) ) ;
#7230 = EDGE_CURVE ( 'NONE', #9422, #2822, #769, .T. ) ;
#7231 = CARTESIAN_POINT ( 'NONE',  ( 0.2362204724409427400, 0.6307874015748031700, 0.08464566929133857100 ) ) ;
#7232 = PLANE ( 'NONE',  #5187 ) ;
#7233 = ORIENTED_EDGE ( 'NONE', *, *, #7507, .F. ) ;
#7234 = VECTOR ( 'NONE', #5721, 39.37007874015748100 ) ;
#7235 = B_SPLINE_CURVE_WITH_KNOTS ( 'NONE', 3,
 ( #3554, #2867, #7416, #5012 ),
 .UNSPECIFIED., .F., .F.,
 ( 4, 4 ),
 ( 0.0000000000000000000, 1.000000000000000000 ),
 .UNSPECIFIED. ) ;
#7236 = CARTESIAN_POINT ( 'NONE',  ( -0.3059729154998691000, 0.6704184935182691000, 0.3350000000000001900 ) ) ;
#7237 =( GEOMETRIC_REPRESENTATION_CONTEXT ( 3 ) GLOBAL_UNCERTAINTY_ASSIGNED_CONTEXT ( ( #3952 ) ) GLOBAL_UNIT_ASSIGNED_CONTEXT ( ( #3645, #8904, #8088 ) ) REPRESENTATION_CONTEXT ( 'NONE', 'WORKASPACE' ) );
#7238 = CARTESIAN_POINT ( 'NONE',  ( 0.03300000000000057700, -0.1603553390593272800, -0.1740000000000004600 ) ) ;
#7239 = CARTESIAN_POINT ( 'NONE',  ( 0.03299999999999999500, 0.009842519685039481000, -0.1900000000000004700 ) ) ;
#7240 = EDGE_CURVE ( 'NONE', #2359, #7681, #3193, .T. ) ;
#7241 = CIRCLE ( 'NONE', #1820, 0.003937007874015724600 ) ;
#7242 = CARTESIAN_POINT ( 'NONE',  ( 0.3071149738966091900, 0.6702974565612457300, -0.3265137834876546400 ) ) ;
#7243 = ADVANCED_FACE ( 'NONE', ( #9459 ), #7601, .T. ) ;
#7244 = EDGE_CURVE ( 'NONE', #6326, #1933, #7697, .T. ) ;
#7245 = CARTESIAN_POINT ( 'NONE',  ( 0.3127409429929002800, 0.6800000000000001600, 0.3222763607591329100 ) ) ;
#7246 = CARTESIAN_POINT ( 'NONE',  ( -0.1669999999999995700, -0.1250000000000006100, -0.1740000000000004600 ) ) ;
#7247 = CARTESIAN_POINT ( 'NONE',  ( -0.2364999999999994900, -0.1603553390593282200, 0.2174999999999995300 ) ) ;
#7248 = CARTESIAN_POINT ( 'NONE',  ( -0.1364999999999994600, -0.1603553390593278600, 0.2174999999999995300 ) ) ;
#7249 = EDGE_CURVE ( 'NONE', #9070, #8721, #8165, .T. ) ;
#7250 = CARTESIAN_POINT ( 'NONE',  ( -1.248692419008931900, 0.009842519685035111200, 0.3133464566929117800 ) ) ;
#7251 = ADVANCED_FACE ( 'NONE', ( #4713 ), #2779, .F. ) ;
#7252 = CARTESIAN_POINT ( 'NONE',  ( 0.3121259842519707500, 0.009842519685040438500, 0.2561023622047227700 ) ) ;
#7253 = VECTOR ( 'NONE', #5156, 39.37007874015748100 ) ;
#7254 = CARTESIAN_POINT ( 'NONE',  ( 0.3200994094488200900, 0.01574803149606184700, -0.03972440944882241200 ) ) ;
#7255 = CARTESIAN_POINT ( 'NONE',  ( -0.3081889763779516200, 0.6654050914126516900, -0.3271259842519684800 ) ) ;
#7256 = CARTESIAN_POINT ( 'NONE',  ( 0.1653543307086602600, 0.5591058788142251300, -0.3350000000000001900 ) ) ;
#7257 = ORIENTED_EDGE ( 'NONE', *, *, #8073, .T. ) ;
#7258 = CYLINDRICAL_SURFACE ( 'NONE', #6643, 0.01181102362204724000 ) ;
#7259 = AXIS2_PLACEMENT_3D ( 'NONE', #2808, #1388, #2101 ) ;
#7260 = CARTESIAN_POINT ( 'NONE',  ( -0.3081889763779523400, 0.6662204724409429600, 0.3271259842519668700 ) ) ;
#7261 = EDGE_CURVE ( 'NONE', #2513, #475, #4941, .T. ) ;
#7262 = VECTOR ( 'NONE', #4929, 39.37007874015748100 ) ;
#7263 = DIRECTION ( 'NONE',  ( -1.000000000000000000, -3.400677691960634000E-015, 0.0000000000000000000 ) ) ;
#7264 = CARTESIAN_POINT ( 'NONE',  ( 0.3081889763779569500, 0.06299212598425091300, 0.3349999999999989700 ) ) ;
#7265 = VERTEX_POINT ( 'NONE', #193 ) ;
#7266 = VECTOR ( 'NONE', #1846, 39.37007874015748100 ) ;
#7267 = LINE ( 'NONE', #1033, #5248 ) ;
#7268 = LINE ( 'NONE', #5705, #2567 ) ;
#7269 = EDGE_CURVE ( 'NONE', #3670, #5729, #1932, .T. ) ;
#7270 = CARTESIAN_POINT ( 'NONE',  ( -0.1169999999999994500, -0.1603553390593278100, -0.2900000000000004800 ) ) ;
#7271 = ORIENTED_EDGE ( 'NONE', *, *, #5297, .F. ) ;
#7272 = DIRECTION ( 'NONE',  ( 0.0000000000000000000, -1.000000000000000000, 0.0000000000000000000 ) ) ;
#7273 = DIRECTION ( 'NONE',  ( -3.400677691960634400E-015, 1.000000000000000000, 6.733886952713739600E-047 ) ) ;
#7274 = DIRECTION ( 'NONE',  ( -1.000000000000000000, -3.400677691960634400E-015, 0.0000000000000000000 ) ) ;
#7275 = DIRECTION ( 'NONE',  ( 2.186547372052203600E-015, -0.7071067811865489100, 0.7071067811865462400 ) ) ;
#7276 = VECTOR ( 'NONE', #8043, 39.37007874015748100 ) ;
#7277 = DIRECTION ( 'NONE',  ( 0.9848077530122086900, 0.1736481776669270800, 0.0000000000000000000 ) ) ;
#7278 = EDGE_CURVE ( 'NONE', #1691, #5431, #5666, .T. ) ;
#7279 = ORIENTED_EDGE ( 'NONE', *, *, #2774, .T. ) ;
#7280 = VERTEX_POINT ( 'NONE', #1731 ) ;
#7281 = VERTEX_POINT ( 'NONE', #7677 ) ;
#7282 = VERTEX_POINT ( 'NONE', #950 ) ;
#7283 = VECTOR ( 'NONE', #7463, 39.37007874015748100 ) ;
#7284 = ORIENTED_EDGE ( 'NONE', *, *, #6291, .T. ) ;
#7285 = CARTESIAN_POINT ( 'NONE',  ( -0.3081889763779523900, 0.6662204724409429600, -0.3231889763779528000 ) ) ;
#7286 = ORIENTED_EDGE ( 'NONE', *, *, #8208, .T. ) ;
#7287 = COLOUR_RGB ( '',0.7921568627450980000, 0.8196078431372548800, 0.9333333333333333500 ) ;
#7288 = VERTEX_POINT ( 'NONE', #4708 ) ;
#7289 = CIRCLE ( 'NONE', #8080, 0.003937007874015724600 ) ;
#7290 = CARTESIAN_POINT ( 'NONE',  ( -0.1365000000000000400, 0.009842519685038910200, 0.2174999999999995300 ) ) ;
#7291 = CARTESIAN_POINT ( 'NONE',  ( 0.3102974565612440800, 0.6671149738966095600, -0.3265137834876562000 ) ) ;
#7292 = ADVANCED_FACE ( 'NONE', ( #3656 ), #9310, .F. ) ;
#7293 = ORIENTED_EDGE ( 'NONE', *, *, #8733, .T. ) ;
#7294 = EDGE_LOOP ( 'NONE', ( #6566, #5060 ) ) ;
#7295 = CARTESIAN_POINT ( 'NONE',  ( -0.3054050914126512600, 0.6681889763779536000, 0.3349999999999999600 ) ) ;
#7296 = VERTEX_POINT ( 'NONE', #6280 ) ;
#7297 = CARTESIAN_POINT ( 'NONE',  ( 0.3054050914126511000, 0.6681889763779529400, -0.3271259842519685400 ) ) ;
#7298 = AXIS2_PLACEMENT_3D ( 'NONE', #9247, #242, #1752 ) ;
#7299 = CIRCLE ( 'NONE', #935, 0.007874015748031499400 ) ;
#7300 = ORIENTED_EDGE ( 'NONE', *, *, #305, .T. ) ;
#7301 = EDGE_LOOP ( 'NONE', ( #6589, #4594, #6306, #2338 ) ) ;
#7302 = LINE ( 'NONE', #1378, #3288 ) ;
#7303 = EDGE_LOOP ( 'NONE', ( #589, #3552, #3602, #1307 ) ) ;
#7304 = EDGE_CURVE ( 'NONE', #6962, #6943, #6840, .T. ) ;
#7305 = EDGE_CURVE ( 'NONE', #628, #1446, #2952, .T. ) ;
#7306 = LINE ( 'NONE', #820, #8388 ) ;
#7307 = CARTESIAN_POINT ( 'NONE',  ( -1.248692419008932400, 0.07874015748030745200, -0.3271259842519664800 ) ) ;
#7308 = ORIENTED_EDGE ( 'NONE', *, *, #5930, .T. ) ;
#7309 = LINE ( 'NONE', #5235, #1338 ) ;
#7310 = ORIENTED_EDGE ( 'NONE', *, *, #8845, .T. ) ;
#7311 = ORIENTED_EDGE ( 'NONE', *, *, #1983, .F. ) ;
#7312 = LINE ( 'NONE', #924, #2716 ) ;
#7313 = ORIENTED_EDGE ( 'NONE', *, *, #1143, .F. ) ;
#7314 = ADVANCED_FACE ( 'NONE', ( #5896 ), #6877, .F. ) ;
#7315 = DIRECTION ( 'NONE',  ( 1.000000000000000000, 3.400677691960634400E-015, -5.580544913240022400E-030 ) ) ;
#7316 = DIRECTION ( 'NONE',  ( 0.0000000000000000000, 0.0000000000000000000, -1.000000000000000000 ) ) ;
#7317 =( LENGTH_UNIT ( ) NAMED_UNIT ( * ) SI_UNIT ( $, .METRE. ) );
#7318 = DIRECTION ( 'NONE',  ( -1.000000000000000000, 3.454814795174077700E-015, 3.717264591378872800E-015 ) ) ;
#7319 = AXIS2_PLACEMENT_3D ( 'NONE', #6716, #756, #5955 ) ;
#7320 = DIRECTION ( 'NONE',  ( -0.0000000000000000000, -1.000000000000000000, -0.0000000000000000000 ) ) ;
#7321 = CARTESIAN_POINT ( 'NONE',  ( -1.248692419008932400, 0.07874015748031175400, -0.3133464566929130000 ) ) ;
#7322 = FACE_OUTER_BOUND ( 'NONE', #1340, .T. ) ;
#7323 = ORIENTED_EDGE ( 'NONE', *, *, #4271, .T. ) ;
#7324 = LINE ( 'NONE', #7196, #8161 ) ;
#7325 = DIRECTION ( 'NONE',  ( 3.400677691960634000E-015, -1.000000000000000000, -0.0000000000000000000 ) ) ;
#7326 = EDGE_CURVE ( 'NONE', #3650, #8252, #9710, .T. ) ;
#7327 = VERTEX_POINT ( 'NONE', #1701 ) ;
#7328 = DIRECTION ( 'NONE',  ( -1.000000000000000000, -3.400677691960634000E-015, 3.503246160812042700E-046 ) ) ;
#7329 = LINE ( 'NONE', #7024, #8991 ) ;
#7330 = CARTESIAN_POINT ( 'NONE',  ( -0.3081889763779537300, 1.005043008091647500, 0.3231889763779529600 ) ) ;
#7331 = EDGE_LOOP ( 'NONE', ( #2986, #9410, #1824, #2801 ) ) ;
#7332 = LINE ( 'NONE', #464, #3068 ) ;
#7333 = EDGE_CURVE ( 'NONE', #3882, #7450, #5430, .T. ) ;
#7334 = VERTEX_POINT ( 'NONE', #6908 ) ;
#7335 = PLANE ( 'NONE',  #2375 ) ;
#7337 = LINE ( 'NONE', #7239, #7701 ) ;
#7336 = CARTESIAN_POINT ( 'NONE',  ( -0.3089765846953340700, 0.6721259842519686800, -0.3245221749645728100 ) ) ;
#7338 = ORIENTED_EDGE ( 'NONE', *, *, #8584, .T. ) ;
#7339 = EDGE_CURVE ( 'NONE', #8870, #8131, #1480, .T. ) ;
#7340 = ORIENTED_EDGE ( 'NONE', *, *, #6719, .F. ) ;
#7341 = FACE_OUTER_BOUND ( 'NONE', #3654, .T. ) ;
#7342 = ORIENTED_EDGE ( 'NONE', *, *, #4651, .T. ) ;
#7343 = AXIS2_PLACEMENT_3D ( 'NONE', #2070, #5814, #8146 ) ;
#7344 = LINE ( 'NONE', #3792, #8770 ) ;
#7345 = CARTESIAN_POINT ( 'NONE',  ( 0.2615000000000005100, -0.1249999999999991100, 0.2174999999999995800 ) ) ;
#7346 = ORIENTED_EDGE ( 'NONE', *, *, #9178, .F. ) ;
#7347 = FACE_OUTER_BOUND ( 'NONE', #6951, .T. ) ;
#7348 = CARTESIAN_POINT ( 'NONE',  ( -0.2129933528330372500, 0.6259193630839793300, 0.06102362204724409700 ) ) ;
#7349 = CARTESIAN_POINT ( 'NONE',  ( 0.3081889763779528400, 0.6662204724409451800, 0.3231889763779511900 ) ) ;
#7350 = CARTESIAN_POINT ( 'NONE',  ( -0.3081889763779523900, 0.6701574803149587000, 0.3231889763779511900 ) ) ;
#7351 = DIRECTION ( 'NONE',  ( -1.000000000000000000, 0.0000000000000000000, 0.0000000000000000000 ) ) ;
#7352 = ADVANCED_FACE ( 'NONE', ( #2722 ), #8644, .T. ) ;
#7353 = VERTEX_POINT ( 'NONE', #3974 ) ;
#7354 = CARTESIAN_POINT ( 'NONE',  ( 0.3200994094488202600, 0.05511811023621931300, -0.1224015748031491900 ) ) ;
#7355 = CYLINDRICAL_SURFACE ( 'NONE', #2906, 0.06000000000000001200 ) ;
#7356 = DIRECTION ( 'NONE',  ( 0.0000000000000000000, 0.0000000000000000000, -1.000000000000000000 ) ) ;
#7357 = DIRECTION ( 'NONE',  ( 1.000000000000000000, -0.0000000000000000000, -0.0000000000000000000 ) ) ;
#7358 = AXIS2_PLACEMENT_3D ( 'NONE', #4551, #5217, #81 ) ;
#7359 = CARTESIAN_POINT ( 'NONE',  ( -0.3127409429929015100, 0.6799999999999998300, 0.3222763607591331800 ) ) ;
#7360 = AXIS2_PLACEMENT_3D ( 'NONE', #7642, #3182, #2461 ) ;
#7361 = FACE_OUTER_BOUND ( 'NONE', #550, .T. ) ;
#7362 = EDGE_CURVE ( 'NONE', #4200, #5523, #2393, .T. ) ;
#7363 = CARTESIAN_POINT ( 'NONE',  ( 0.08300000000000000400, 0.009842519685039652700, -0.2900000000000004800 ) ) ;
#7364 = CARTESIAN_POINT ( 'NONE',  ( 0.2519685039370092600, 0.2764566929133857600, -0.01771653543307081400 ) ) ;
#7365 = EDGE_CURVE ( 'NONE', #5525, #32, #3079, .T. ) ;
#7366 = DIRECTION ( 'NONE',  ( -1.000000000000000000, -3.414809992080328300E-015, 0.0000000000000000000 ) ) ;
#7367 = CARTESIAN_POINT ( 'NONE',  ( 0.3101574803149606000, 0.6701574803149607000, -0.6461350581127893700 ) ) ;
#7368 = VECTOR ( 'NONE', #4731, 39.37007874015748100 ) ;
#7369 = CARTESIAN_POINT ( 'NONE',  ( 0.3200994094488200900, 0.01574803149606184400, 0.1374409448818862700 ) ) ;
#7370 = ORIENTED_EDGE ( 'NONE', *, *, #3644, .F. ) ;
#7371 = CARTESIAN_POINT ( 'NONE',  ( 0.3200994094488200900, 0.02362204724409333900, 0.1453149606299177500 ) ) ;
#7372 = PLANE ( 'NONE',  #7343 ) ;
#7373 = EDGE_CURVE ( 'NONE', #1858, #628, #718, .T. ) ;
#7374 = DIRECTION ( 'NONE',  ( -4.553079989440435900E-015, 1.000000000000000000, -0.0000000000000000000 ) ) ;
#7375 = CARTESIAN_POINT ( 'NONE',  ( -1.248692419008931900, 0.009842519685035111200, 0.3072834645669275700 ) ) ;
#7376 = VERTEX_POINT ( 'NONE', #2584 ) ;
#7377 = CARTESIAN_POINT ( 'NONE',  ( 0.1329999999999999800, 0.009842519685039822700, -0.1900000000000004700 ) ) ;
#7378 = VERTEX_POINT ( 'NONE', #2548 ) ;
#7379 = EDGE_CURVE ( 'NONE', #2444, #153, #6009, .T. ) ;
#7380 = CARTESIAN_POINT ( 'NONE',  ( -0.2618110236220472200, 0.6721259842519685700, -0.1248031496062992400 ) ) ;
#7381 =( GEOMETRIC_REPRESENTATION_CONTEXT ( 3 ) GLOBAL_UNCERTAINTY_ASSIGNED_CONTEXT ( ( #1956 ) ) GLOBAL_UNIT_ASSIGNED_CONTEXT ( ( #7595, #3065, #6799 ) ) REPRESENTATION_CONTEXT ( 'NONE', 'WORKASPACE' ) );
#7382 = PRESENTATION_STYLE_ASSIGNMENT (( #1180 ) ) ;
#7383 = ORIENTED_EDGE ( 'NONE', *, *, #8886, .T. ) ;
#7384 = CARTESIAN_POINT ( 'NONE',  ( 0.3121259842519707500, 1.058591097544902100E-015, -3.276810569946408800E-028 ) ) ;
#7385 = LINE ( 'NONE', #5717, #5370 ) ;
#7386 = PLANE ( 'NONE',  #647 ) ;
#7387 = ADVANCED_FACE ( 'NONE', ( #4358 ), #3301, .F. ) ;
#7388 = FACE_OUTER_BOUND ( 'NONE', #2023, .T. ) ;
#7389 = CARTESIAN_POINT ( 'NONE',  ( 0.3081889763779538900, 0.06299212598425525700, 0.3231889763779528500 ) ) ;
#7390 = CARTESIAN_POINT ( 'NONE',  ( 0.08267716535432857700, 0.6307874015748028400, 0.2399521717798882300 ) ) ;
#7391 = VERTEX_POINT ( 'NONE', #8663 ) ;
#7392 = FACE_OUTER_BOUND ( 'NONE', #4343, .T. ) ;
#7393 = ORIENTED_EDGE ( 'NONE', *, *, #4418, .T. ) ;
#7394 = ORIENTED_EDGE ( 'NONE', *, *, #9129, .T. ) ;
#7395 = ORIENTED_EDGE ( 'NONE', *, *, #1481, .F. ) ;
#7396 = ORIENTED_EDGE ( 'NONE', *, *, #5671, .F. ) ;
#7397 = DIRECTION ( 'NONE',  ( 0.0000000000000000000, -1.000000000000000000, -1.084202172485541900E-015 ) ) ;
#7398 = VECTOR ( 'NONE', #2412, 39.37007874015748100 ) ;
#7399 = VERTEX_POINT ( 'NONE', #8586 ) ;
#7400 = VECTOR ( 'NONE', #1493, 39.37007874015748100 ) ;
#7401 = CARTESIAN_POINT ( 'NONE',  ( 0.3101574803149606000, 0.6721259842519689000, -0.3230102407095416000 ) ) ;
#7402 = EDGE_LOOP ( 'NONE', ( #7934, #5136, #4327, #2036 ) ) ;
#7403 = CARTESIAN_POINT ( 'NONE',  ( -0.3199999999999997800, 0.6701574803149607000, 0.3350000000000001900 ) ) ;
#7404 = VECTOR ( 'NONE', #5586, 39.37007874015748100 ) ;
#7405 = DIMENSIONAL_EXPONENTS ( 1.000000000000000000, 0.0000000000000000000, 0.0000000000000000000, 0.0000000000000000000, 0.0000000000000000000, 0.0000000000000000000, 0.0000000000000000000 ) ;
#7406 = DIRECTION ( 'NONE',  ( -3.454814795174053600E-015, -1.000000000000000000, 0.0000000000000000000 ) ) ;
#7407 = PLANE ( 'NONE',  #2153 ) ;
#7408 =( CONVERSION_BASED_UNIT ( 'INCH', #5904 ) LENGTH_UNIT ( ) NAMED_UNIT ( #632 ) );
#7409 = AXIS2_PLACEMENT_3D ( 'NONE', #6426, #4131, #7980 ) ;
#7410 = EDGE_LOOP ( 'NONE', ( #6658, #3030, #5668, #5178 ) ) ;
#7411 = ORIENTED_EDGE ( 'NONE', *, *, #2297, .F. ) ;
#7412 = ORIENTED_EDGE ( 'NONE', *, *, #5055, .T. ) ;
#7413 = ORIENTED_EDGE ( 'NONE', *, *, #1185, .F. ) ;
#7414 = DIRECTION ( 'NONE',  ( 0.9848077530122085800, 0.1736481776669271400, 0.0000000000000000000 ) ) ;
#7415 = FACE_OUTER_BOUND ( 'NONE', #6037, .T. ) ;
#7416 = CARTESIAN_POINT ( 'NONE',  ( -0.3065405905235227300, 0.6726315907076687600, 0.3343574223956523600 ) ) ;
#7417 = ORIENTED_EDGE ( 'NONE', *, *, #4276, .F. ) ;
#7418 = VECTOR ( 'NONE', #8654, 39.37007874015748100 ) ;
#7419 = PLANE ( 'NONE',  #3936 ) ;
#7420 = ORIENTED_EDGE ( 'NONE', *, *, #3693, .F. ) ;
#7421 = DIRECTION ( 'NONE',  ( 0.7071067811865486800, -0.7071067811865462400, -2.753697784342503500E-015 ) ) ;
#7422 = FACE_OUTER_BOUND ( 'NONE', #3830, .T. ) ;
#7423 = EDGE_CURVE ( 'NONE', #134, #1078, #1019, .T. ) ;
#7424 = EDGE_CURVE ( 'NONE', #4032, #9317, #2956, .T. ) ;
#7425 = ORIENTED_EDGE ( 'NONE', *, *, #6710, .F. ) ;
#7426 = VERTEX_POINT ( 'NONE', #5665 ) ;
#7427 = FACE_OUTER_BOUND ( 'NONE', #6242, .T. ) ;
#7428 = ORIENTED_EDGE ( 'NONE', *, *, #1113, .T. ) ;
#7429 = VERTEX_POINT ( 'NONE', #7961 ) ;
#7430 = FACE_OUTER_BOUND ( 'NONE', #585, .T. ) ;
#7431 = ORIENTED_EDGE ( 'NONE', *, *, #5333, .F. ) ;
#7432 = DIRECTION ( 'NONE',  ( -3.400677691960634400E-015, 1.000000000000000000, 1.126006764857040700E-045 ) ) ;
#7433 = CARTESIAN_POINT ( 'NONE',  ( 0.3200994094488202600, 0.05511811023621931300, -0.1135433070866137500 ) ) ;
#7434 = DIRECTION ( 'NONE',  ( -0.7071067811865412400, 0.7071067811865536800, 2.934316462495846300E-016 ) ) ;
#7435 = LINE ( 'NONE', #308, #7190 ) ;
#7436 = PLANE ( 'NONE',  #1833 ) ;
#7437 = CARTESIAN_POINT ( 'NONE',  ( 0.3059729154998692100, 0.6704184935182692100, -0.3350000000000000200 ) ) ;
#7438 = AXIS2_PLACEMENT_3D ( 'NONE', #5310, #4676, #3852 ) ;
#7439 = ORIENTED_EDGE ( 'NONE', *, *, #9383, .T. ) ;
#7440 = ORIENTED_EDGE ( 'NONE', *, *, #2700, .T. ) ;
#7441 = EDGE_LOOP ( 'NONE', ( #6458, #6899, #6339, #1122 ) ) ;
#7442 = EDGE_CURVE ( 'NONE', #6709, #6230, #3424, .T. ) ;
#7443 = CIRCLE ( 'NONE', #7259, 0.04499999999999996400 ) ;
#7444 = ORIENTED_EDGE ( 'NONE', *, *, #7716, .T. ) ;
#7445 = CARTESIAN_POINT ( 'NONE',  ( -0.3081889763779556700, 0.6654050914126516900, -0.3350000000000019100 ) ) ;
#7446 = B_SPLINE_CURVE_WITH_KNOTS ( 'NONE', 3,
 ( #7519, #1477, #3655, #4399 ),
 .UNSPECIFIED., .F., .F.,
 ( 4, 4 ),
 ( 0.0000000000000000000, 1.000000000000000000 ),
 .UNSPECIFIED. ) ;
#7447 = DIRECTION ( 'NONE',  ( 3.380525251343977800E-015, 0.9743700647852350200, 0.2249510543438658400 ) ) ;
#7448 = EDGE_CURVE ( 'NONE', #4405, #6776, #4473, .T. ) ;
#7449 = VECTOR ( 'NONE', #5491, 39.37007874015748100 ) ;
#7450 = VERTEX_POINT ( 'NONE', #8678 ) ;
#7451 = VECTOR ( 'NONE', #2293, 39.37007874015748100 ) ;
#7452 = CARTESIAN_POINT ( 'NONE',  ( 0.3099217144102475200, 0.6721259842519689000, 0.3231889763779529600 ) ) ;
#7453 = ADVANCED_FACE ( 'NONE', ( #72 ), #5309, .T. ) ;
#7454 = EDGE_CURVE ( 'NONE', #427, #1435, #539, .T. ) ;
#7455 = LINE ( 'NONE', #9705, #8649 ) ;
#7456 = EDGE_CURVE ( 'NONE', #971, #2126, #4243, .T. ) ;
#7457 = DIRECTION ( 'NONE',  ( -3.400677691960634000E-015, 1.000000000000000000, -1.773052509417499700E-046 ) ) ;
#7458 = ORIENTED_EDGE ( 'NONE', *, *, #4690, .T. ) ;
#7459 = LINE ( 'NONE', #9091, #4825 ) ;
#7460 = CARTESIAN_POINT ( 'NONE',  ( -0.1330299677273122100, 0.2297539172379901900, -0.3350000000000008500 ) ) ;
#7461 = AXIS2_PLACEMENT_3D ( 'NONE', #8076, #4380, #9543 ) ;
#7462 = CARTESIAN_POINT ( 'NONE',  ( 0.01699999999999998400, 0.009842519685039430700, -0.1900000000000004700 ) ) ;
#7463 = DIRECTION ( 'NONE',  ( 1.000000000000000000, -0.0000000000000000000, 3.738628180984848000E-015 ) ) ;
#7464 = DIRECTION ( 'NONE',  ( 1.000000000000000000, 3.400677691960634000E-015, 2.134256245050201500E-015 ) ) ;
#7465 = CARTESIAN_POINT ( 'NONE',  ( 0.2696850393700786500, 0.6799999999999999400, -0.001968503937007841000 ) ) ;
#7466 = ORIENTED_EDGE ( 'NONE', *, *, #9529, .F. ) ;
#7467 = LINE ( 'NONE', #2413, #6855 ) ;
#7468 = ORIENTED_EDGE ( 'NONE', *, *, #4392, .F. ) ;
#7469 = ADVANCED_FACE ( 'NONE', ( #2280 ), #7931, .F. ) ;
#7470 = LINE ( 'NONE', #817, #3908 ) ;
#7471 = DIMENSIONAL_EXPONENTS ( 1.000000000000000000, 0.0000000000000000000, 0.0000000000000000000, 0.0000000000000000000, 0.0000000000000000000, 0.0000000000000000000, 0.0000000000000000000 ) ;
#7472 = DIRECTION ( 'NONE',  ( 1.000000000000000000, 0.0000000000000000000, 3.084327436331662100E-016 ) ) ;
#7473 = DIRECTION ( 'NONE',  ( 1.000000000000000000, 3.189294310714769700E-015, -7.973235776786924300E-016 ) ) ;
#7474 = AXIS2_PLACEMENT_3D ( 'NONE', #1957, #7869, #6355 ) ;
#7475 = CARTESIAN_POINT ( 'NONE',  ( 0.3121259842519705800, 0.05511811023621934100, 0.1630314960629886400 ) ) ;
#7476 = EDGE_CURVE ( 'NONE', #4769, #1078, #7082, .T. ) ;
#7477 = ORIENTED_EDGE ( 'NONE', *, *, #4393, .T. ) ;
#7478 = FACE_OUTER_BOUND ( 'NONE', #6925, .T. ) ;
#7479 = DIRECTION ( 'NONE',  ( 0.7071067811865506800, -0.7071067811865444600, 1.476272395410640700E-016 ) ) ;
#7480 =( NAMED_UNIT ( * ) SI_UNIT ( $, .STERADIAN. ) SOLID_ANGLE_UNIT ( ) );
#7481 = ORIENTED_EDGE ( 'NONE', *, *, #4622, .T. ) ;
#7482 = LINE ( 'NONE', #3935, #6995 ) ;
#7483 = CARTESIAN_POINT ( 'NONE',  ( 0.3200000000000000100, 0.6747956584452605700, -0.3293732138850198900 ) ) ;
#7484 = CARTESIAN_POINT ( 'NONE',  ( -0.3101574803149604900, 0.6701574803149607000, 0.06102362204724406900 ) ) ;
#7485 = CARTESIAN_POINT ( 'NONE',  ( -0.3101574803149604900, 0.6721259842519686800, -0.3350000000000000200 ) ) ;
#7486 = DIRECTION ( 'NONE',  ( 0.0000000000000000000, -1.000000000000000000, 0.0000000000000000000 ) ) ;
#7487 = CARTESIAN_POINT ( 'NONE',  ( -0.1102362204724409200, 0.6799999999999999400, 0.2511614173228347600 ) ) ;
#7488 = DIRECTION ( 'NONE',  ( -1.900442020132334100E-016, 1.000000000000000000, 0.0000000000000000000 ) ) ;
#7489 = LINE ( 'NONE', #6260, #1637 ) ;
#7490 = EDGE_CURVE ( 'NONE', #2136, #2435, #7332, .T. ) ;
#7491 = CARTESIAN_POINT ( 'NONE',  ( 0.3121259842519707500, 1.058591097544902100E-015, -0.2916929133858263100 ) ) ;
#7492 = ADVANCED_FACE ( 'NONE', ( #5059 ), #4481, .F. ) ;
#7493 = DIRECTION ( 'NONE',  ( -1.000000000000000000, -3.400677691960634400E-015, 0.0000000000000000000 ) ) ;
#7494 = ORIENTED_EDGE ( 'NONE', *, *, #6801, .F. ) ;
#7495 = CARTESIAN_POINT ( 'NONE',  ( -0.3200000000000000600, 0.6701574803149607000, 0.3230102407095417600 ) ) ;
#7496 = DIRECTION ( 'NONE',  ( 3.400677691960634400E-015, -1.000000000000000000, 2.087764443346746700E-016 ) ) ;
#7497 = AXIS2_PLACEMENT_3D ( 'NONE', #1066, #7025, #331 ) ;
#7498 = CARTESIAN_POINT ( 'NONE',  ( 0.3126315907076665000, 0.6665405905235229900, 0.3343574223956533000 ) ) ;
#7499 = ADVANCED_FACE ( 'NONE', ( #3317 ), #442, .T. ) ;
#7500 = AXIS2_PLACEMENT_3D ( 'NONE', #709, #793, #2276 ) ;
#7501 = DIRECTION ( 'NONE',  ( 6.919777677515237500E-015, -1.000000000000000000, 3.454814795174053600E-015 ) ) ;
#7502 = CARTESIAN_POINT ( 'NONE',  ( -0.2614999999999995100, -0.1603553390593282800, 0.2424999999999995200 ) ) ;
#7503 = ORIENTED_EDGE ( 'NONE', *, *, #5647, .F. ) ;
#7504 = CIRCLE ( 'NONE', #161, 0.04724409448818899700 ) ;
#7505 = CARTESIAN_POINT ( 'NONE',  ( 0.2305625537452148900, 0.5262794733655334900, 0.06102362204724409700 ) ) ;
#7506 = CARTESIAN_POINT ( 'NONE',  ( 0.3059783258117838600, 0.6689306608659710800, 0.3271259842519686500 ) ) ;
#7507 = EDGE_CURVE ( 'NONE', #3148, #3530, #4011, .T. ) ;
#7508 = CARTESIAN_POINT ( 'NONE',  ( -0.3081889763779515100, 0.06299212598425309200, 0.3349999999999984700 ) ) ;
#7509 = CARTESIAN_POINT ( 'NONE',  ( -0.2362204724409458500, 0.2764566929133840900, 0.08464566929133871000 ) ) ;
#7510 = PLANE ( 'NONE',  #6957 ) ;
#7511 = VECTOR ( 'NONE', #469, 39.37007874015748100 ) ;
#7512 = DIRECTION ( 'NONE',  ( 0.0000000000000000000, -0.0000000000000000000, 1.000000000000000000 ) ) ;
#7513 = ORIENTED_EDGE ( 'NONE', *, *, #6843, .F. ) ;
#7514 = ORIENTED_EDGE ( 'NONE', *, *, #3440, .T. ) ;
#7515 = VECTOR ( 'NONE', #4874, 39.37007874015748100 ) ;
#7516 = EDGE_CURVE ( 'NONE', #2466, #8142, #8859, .T. ) ;
#7517 = EDGE_CURVE ( 'NONE', #271, #4215, #3533, .T. ) ;
#7518 = VECTOR ( 'NONE', #5420, 39.37007874015748100 ) ;
#7519 = CARTESIAN_POINT ( 'NONE',  ( -0.3145144169278268300, 0.6671149738966100100, -0.3331633977070616000 ) ) ;
#7520 = VECTOR ( 'NONE', #6258, 39.37007874015748900 ) ;
#7521 = EDGE_CURVE ( 'NONE', #968, #5570, #8057, .T. ) ;
#7522 = ORIENTED_EDGE ( 'NONE', *, *, #2325, .T. ) ;
#7523 = EDGE_CURVE ( 'NONE', #3790, #3220, #1591, .T. ) ;
#7524 = LINE ( 'NONE', #9296, #9650 ) ;
#7525 = DIRECTION ( 'NONE',  ( -1.000000000000000000, -3.400677691960634400E-015, -3.084327436331655200E-016 ) ) ;
#7526 = DIRECTION ( 'NONE',  ( 4.336808689942019300E-015, 1.000000000000000000, -5.421010862427524100E-016 ) ) ;
#7527 = DIRECTION ( 'NONE',  ( 3.454814795174053600E-015, 1.000000000000000000, -3.348887019260232700E-015 ) ) ;
#7528 = VERTEX_POINT ( 'NONE', #8752 ) ;
#7529 = ORIENTED_EDGE ( 'NONE', *, *, #1354, .T. ) ;
#7530 = ORIENTED_EDGE ( 'NONE', *, *, #7944, .T. ) ;
#7531 = ORIENTED_EDGE ( 'NONE', *, *, #4812, .T. ) ;
#7532 = CARTESIAN_POINT ( 'NONE',  ( 0.3081889763779569500, 0.06299212598425091300, 0.3349999999999980200 ) ) ;
#7533 = AXIS2_PLACEMENT_3D ( 'NONE', #2740, #7275, #508 ) ;
#7534 = LINE ( 'NONE', #5050, #602 ) ;
#7535 = ORIENTED_EDGE ( 'NONE', *, *, #6394, .F. ) ;
#7536 = ORIENTED_EDGE ( 'NONE', *, *, #6145, .T. ) ;
#7537 = VECTOR ( 'NONE', #4495, 39.37007874015748100 ) ;
#7538 = ORIENTED_EDGE ( 'NONE', *, *, #7910, .F. ) ;
#7539 = LINE ( 'NONE', #6532, #4791 ) ;
#7540 = DIRECTION ( 'NONE',  ( 0.0000000000000000000, 0.0000000000000000000, 1.000000000000000000 ) ) ;
#7541 = EDGE_LOOP ( 'NONE', ( #5256, #8944, #9253, #3320 ) ) ;
#7542 = DIRECTION ( 'NONE',  ( 0.0000000000000000000, -1.000000000000000000, 0.0000000000000000000 ) ) ;
#7543 = ORIENTED_EDGE ( 'NONE', *, *, #676, .T. ) ;
#7544 = EDGE_LOOP ( 'NONE', ( #7771, #3847, #27, #8013 ) ) ;
#7545 = CARTESIAN_POINT ( 'NONE',  ( 0.1670000000000000100, 0.009842519685039933700, -0.2900000000000004800 ) ) ;
#7546 = CARTESIAN_POINT ( 'NONE',  ( 0.3200994094488203200, 0.07874015748031271100, -0.3349999999999995800 ) ) ;
#7547 = LINE ( 'NONE', #3227, #6807 ) ;
#7548 = VERTEX_POINT ( 'NONE', #1302 ) ;
#7549 = VERTEX_POINT ( 'NONE', #4335 ) ;
#7550 = CYLINDRICAL_SURFACE ( 'NONE', #5365, 0.009842519685039378600 ) ;
#7551 = VERTEX_POINT ( 'NONE', #7246 ) ;
#7552 = DIRECTION ( 'NONE',  ( -1.000000000000000000, 3.454814795174053600E-015, 0.0000000000000000000 ) ) ;
#7553 = AXIS2_PLACEMENT_3D ( 'NONE', #7056, #952, #5438 ) ;
#7554 = FACE_OUTER_BOUND ( 'NONE', #8487, .T. ) ;
#7555 = ADVANCED_FACE ( 'NONE', ( #7322 ), #506, .F. ) ;
#7556 = ORIENTED_EDGE ( 'NONE', *, *, #9029, .T. ) ;
#7557 = DIRECTION ( 'NONE',  ( -1.000000000000000000, 3.454814795174053600E-015, -0.0000000000000000000 ) ) ;
#7558 =( GEOMETRIC_REPRESENTATION_CONTEXT ( 3 ) GLOBAL_UNCERTAINTY_ASSIGNED_CONTEXT ( ( #1137 ) ) GLOBAL_UNIT_ASSIGNED_CONTEXT ( ( #3004, #8206, #7480 ) ) REPRESENTATION_CONTEXT ( 'NONE', 'WORKASPACE' ) );
#7559 = FACE_OUTER_BOUND ( 'NONE', #1200, .T. ) ;
#7560 = ORIENTED_EDGE ( 'NONE', *, *, #814, .F. ) ;
#7561 = EDGE_LOOP ( 'NONE', ( #7885, #997, #5035, #9321 ) ) ;
#7562 = VECTOR ( 'NONE', #3024, 39.37007874015748900 ) ;
#7563 =( CONVERSION_BASED_UNIT ( 'INCH', #8335 ) LENGTH_UNIT ( ) NAMED_UNIT ( #787 ) );
#7564 = ORIENTED_EDGE ( 'NONE', *, *, #4386, .T. ) ;
#7565 = EDGE_CURVE ( 'NONE', #760, #8682, #1129, .T. ) ;
#7566 = EDGE_CURVE ( 'NONE', #2468, #1045, #780, .T. ) ;
#7567 = ADVANCED_FACE ( 'NONE', ( #9336 ), #2765, .F. ) ;
#7568 = VECTOR ( 'NONE', #6299, 39.37007874015748100 ) ;
#7569 = CARTESIAN_POINT ( 'NONE',  ( 0.1970914870777443500, 0.6707586757664021300, 0.06102362204724409700 ) ) ;
#7570 = EDGE_LOOP ( 'NONE', ( #3062, #1323, #5134, #4081, #7789, #6573, #2485, #5486, #4332, #4908, #3435, #7092, #9409, #3569 ) ) ;
#7571 = CARTESIAN_POINT ( 'NONE',  ( -0.3081889763779525100, 0.6662204724409428500, -0.3231889763779528000 ) ) ;
#7572 = DIRECTION ( 'NONE',  ( -0.0000000000000000000, -1.000000000000000000, -0.0000000000000000000 ) ) ;
#7573 = AXIS2_PLACEMENT_3D ( 'NONE', #4394, #3806, #3125 ) ;
#7574 = ORIENTED_EDGE ( 'NONE', *, *, #8447, .T. ) ;
#7575 = LINE ( 'NONE', #4214, #8414 ) ;
#7576 = EDGE_CURVE ( 'NONE', #3380, #2849, #3765, .T. ) ;
#7577 = ORIENTED_EDGE ( 'NONE', *, *, #6350, .T. ) ;
#7578 = FACE_OUTER_BOUND ( 'NONE', #7672, .T. ) ;
#7580 = VERTEX_POINT ( 'NONE', #3555 ) ;
#7579 = B_SPLINE_CURVE_WITH_KNOTS ( 'NONE', 1,
 ( #7401, #3633 ),
 .UNSPECIFIED., .F., .F.,
 ( 2, 2 ),
 ( 0.0000000000000000000, 1.000000000000000000 ),
 .UNSPECIFIED. ) ;
#7581 = CARTESIAN_POINT ( 'NONE',  ( -0.3054050914126515400, 0.6681889763779529400, -0.3350000000000000200 ) ) ;
#7582 = VECTOR ( 'NONE', #9200, 39.37007874015748100 ) ;
#7583 = DIRECTION ( 'NONE',  ( 0.0000000000000000000, 0.0000000000000000000, -1.000000000000000000 ) ) ;
#7584 = EDGE_CURVE ( 'NONE', #6236, #8870, #9564, .T. ) ;
#7585 = ORIENTED_EDGE ( 'NONE', *, *, #8224, .F. ) ;
#7586 = FACE_OUTER_BOUND ( 'NONE', #6834, .T. ) ;
#7587 = CARTESIAN_POINT ( 'NONE',  ( 0.3081889763779469500, 0.6701574803149604700, -0.3271259842519684800 ) ) ;
#7588 = EDGE_CURVE ( 'NONE', #2011, #8835, #5782, .T. ) ;
#7589 = ORIENTED_EDGE ( 'NONE', *, *, #4617, .T. ) ;
#7590 = CARTESIAN_POINT ( 'NONE',  ( 0.3081889763779538900, 0.06299212598425527100, 0.3231889763779528500 ) ) ;
#7591 = CARTESIAN_POINT ( 'NONE',  ( 0.08267716535432978500, 0.2764566929133853700, 0.3231889763779511900 ) ) ;
#7592 = VECTOR ( 'NONE', #537, 39.37007874015748100 ) ;
#7593 = ORIENTED_EDGE ( 'NONE', *, *, #542, .F. ) ;
#7594 = CARTESIAN_POINT ( 'NONE',  ( 0.3111850131078017800, 0.6719138324874208700, -0.3219122744137262700 ) ) ;
#7595 =( CONVERSION_BASED_UNIT ( 'INCH', #6763 ) LENGTH_UNIT ( ) NAMED_UNIT ( #6697 ) );
#7596 = ORIENTED_EDGE ( 'NONE', *, *, #7198, .T. ) ;
#7597 = DIRECTION ( 'NONE',  ( -1.000000000000000000, 3.454814795174077700E-015, -3.717264591378872800E-015 ) ) ;
#7598 = EDGE_LOOP ( 'NONE', ( #6730, #7617, #4448, #6501 ) ) ;
#7599 = CIRCLE ( 'NONE', #441, 0.007874015748031490700 ) ;
#7600 = CARTESIAN_POINT ( 'NONE',  ( -0.3099217144102480200, 0.6800000000000003800, 0.3231889763779529600 ) ) ;
#7601 = PLANE ( 'NONE',  #3614 ) ;
#7602 = ADVANCED_FACE ( 'NONE', ( #7578 ), #2739, .T. ) ;
#7603 = AXIS2_PLACEMENT_3D ( 'NONE', #9612, #3504, #660 ) ;
#7604 = CARTESIAN_POINT ( 'NONE',  ( 0.1330000000000005600, -0.1249999999999995600, -0.1740000000000004600 ) ) ;
#7605 = CARTESIAN_POINT ( 'NONE',  ( -0.3080601036115230300, 0.6714233441086635600, 0.3257997836963830200 ) ) ;
#7606 = EDGE_CURVE ( 'NONE', #618, #2468, #9109, .T. ) ;
#7607 = MANIFOLD_SOLID_BREP ( 'Chamfer2', #533 ) ;
#7608 = FACE_OUTER_BOUND ( 'NONE', #1149, .T. ) ;
#7609 = DIRECTION ( 'NONE',  ( 0.0000000000000000000, -1.000000000000000000, 2.087764443346746700E-016 ) ) ;
#7610 = AXIS2_PLACEMENT_3D ( 'NONE', #5528, #9298, #4754 ) ;
#7611 = DIRECTION ( 'NONE',  ( 0.0000000000000000000, -0.9743700647852350200, -0.2249510543438658400 ) ) ;
#7612 = DIRECTION ( 'NONE',  ( 0.0000000000000000000, 0.0000000000000000000, -1.000000000000000000 ) ) ;
#7613 = CARTESIAN_POINT ( 'NONE',  ( 0.3200000000000020600, 0.03937007874015635600, 0.1630314960629886100 ) ) ;
#7614 = ADVANCED_FACE ( 'NONE', ( #9574 ), #8116, .T. ) ;
#7615 = FILL_AREA_STYLE ('',( #1010 ) ) ;
#7616 = LINE ( 'NONE', #4115, #4640 ) ;
#7617 = ORIENTED_EDGE ( 'NONE', *, *, #6194, .T. ) ;
#7618 = MANIFOLD_SOLID_BREP ( 'Boss-Extrude3[4]', #6794 ) ;
#7619 = VERTEX_POINT ( 'NONE', #4370 ) ;
#7620 = CARTESIAN_POINT ( 'NONE',  ( 0.1615000000000000300, 0.009842519685039916400, 0.2424999999999995800 ) ) ;
#7621 = DIRECTION ( 'NONE',  ( 0.0000000000000000000, -0.0000000000000000000, 1.000000000000000000 ) ) ;
#7622 = DIRECTION ( 'NONE',  ( -3.400677691960634400E-015, 1.000000000000000000, -1.773052509417498100E-046 ) ) ;
#7623 = CARTESIAN_POINT ( 'NONE',  ( 0.1830000000000000800, 0.009842519685039994400, -0.2900000000000004800 ) ) ;
#7624 = DIRECTION ( 'NONE',  ( 0.0000000000000000000, 0.0000000000000000000, 1.000000000000000000 ) ) ;
#7625 = DIRECTION ( 'NONE',  ( -1.000000000000000000, -3.400677691960634000E-015, 0.0000000000000000000 ) ) ;
#7626 = CARTESIAN_POINT ( 'NONE',  ( 0.3081889763779480700, 0.6654050914126516900, -0.3271259842519684800 ) ) ;
#7627 = PLANE ( 'NONE',  #8918 ) ;
#7628 = CARTESIAN_POINT ( 'NONE',  ( 0.3200000000000026700, -0.1256299212598414300, -0.06531496062992479800 ) ) ;
#7629 = ORIENTED_EDGE ( 'NONE', *, *, #561, .F. ) ;
#7630 = EDGE_CURVE ( 'NONE', #1698, #7280, #3896, .T. ) ;
#7631 = DIRECTION ( 'NONE',  ( -1.000000000000000000, 0.0000000000000000000, 0.0000000000000000000 ) ) ;
#7632 = FACE_OUTER_BOUND ( 'NONE', #489, .T. ) ;
#7633 = ADVANCED_FACE ( 'NONE', ( #1601 ), #2134, .F. ) ;
#7634 = EDGE_LOOP ( 'NONE', ( #552, #1905, #4228, #395 ) ) ;
#7635 = VERTEX_POINT ( 'NONE', #695 ) ;
#7636 = VECTOR ( 'NONE', #7013, 39.37007874015748100 ) ;
#7637 = PLANE ( 'NONE',  #2519 ) ;
#7638 = LINE ( 'NONE', #1838, #6304 ) ;
#7639 = B_SPLINE_CURVE_WITH_KNOTS ( 'NONE', 3,
 ( #7898, #9401, #8032, #1210 ),
 .UNSPECIFIED., .F., .F.,
 ( 4, 4 ),
 ( 0.0000000000000000000, 1.000000000000000000 ),
 .UNSPECIFIED. ) ;
#7640 = DIRECTION ( 'NONE',  ( -7.771642307371902400E-016, -0.2249510543438658400, 0.9743700647852350200 ) ) ;
#7641 = VECTOR ( 'NONE', #2809, 39.37007874015748100 ) ;
#7642 = CARTESIAN_POINT ( 'NONE',  ( -0.3101574803149604900, 0.6701574803149607000, 0.1791338582677164900 ) ) ;
#7643 = EDGE_LOOP ( 'NONE', ( #4671, #7279, #8620, #9056 ) ) ;
#7644 = AXIS2_PLACEMENT_3D ( 'NONE', #5894, #8354, #2353 ) ;
#7645 = AXIS2_PLACEMENT_3D ( 'NONE', #1110, #8557, #6292 ) ;
#7646 = FACE_OUTER_BOUND ( 'NONE', #3966, .T. ) ;
#7647 =( NAMED_UNIT ( * ) PLANE_ANGLE_UNIT ( ) SI_UNIT ( $, .RADIAN. ) );
#7648 = ADVANCED_FACE ( 'NONE', ( #294 ), #2223, .T. ) ;
#7649 = ORIENTED_EDGE ( 'NONE', *, *, #7967, .T. ) ;
#7650 = ORIENTED_EDGE ( 'NONE', *, *, #6356, .T. ) ;
#7651 = ORIENTED_EDGE ( 'NONE', *, *, #1742, .T. ) ;
#7652 = ORIENTED_EDGE ( 'NONE', *, *, #4147, .T. ) ;
#7653 = LINE ( 'NONE', #3053, #2342 ) ;
#7654 = CARTESIAN_POINT ( 'NONE',  ( -0.3127409429929016700, 0.6799999999999997200, -0.3222763607591326300 ) ) ;
#7655 = VERTEX_POINT ( 'NONE', #7462 ) ;
#7656 = LINE ( 'NONE', #4487, #7400 ) ;
#7657 = CARTESIAN_POINT ( 'NONE',  ( 0.1653543307086602600, 0.5591058788142251300, 0.3271259842519674300 ) ) ;
#7658 = CARTESIAN_POINT ( 'NONE',  ( 0.3071149738966094700, 0.6702974565612460600, 0.3265137834876547500 ) ) ;
#7659 = ORIENTED_EDGE ( 'NONE', *, *, #5516, .F. ) ;
#7660 = CARTESIAN_POINT ( 'NONE',  ( 0.3101574803149606000, 0.6721259842519686800, -0.3230102407095416000 ) ) ;
#7661 = APPLICATION_PROTOCOL_DEFINITION ( 'draft international standard', 'automotive_design', 1998, #3016 ) ;
#7662 = DIRECTION ( 'NONE',  ( -1.000000000000000000, -3.400677691960634400E-015, 0.0000000000000000000 ) ) ;
#7663 = LINE ( 'NONE', #5681, #1547 ) ;
#7664 = CARTESIAN_POINT ( 'NONE',  ( 0.2696850393700786500, 0.6799999999999999400, -0.1248031496062992400 ) ) ;
#7665 = VERTEX_POINT ( 'NONE', #8932 ) ;
#7666 = ORIENTED_EDGE ( 'NONE', *, *, #5211, .T. ) ;
#7667 = ORIENTED_EDGE ( 'NONE', *, *, #3746, .T. ) ;
#7668 = EDGE_LOOP ( 'NONE', ( #1999, #7286, #5392, #1111 ) ) ;
#7669 = EDGE_CURVE ( 'NONE', #359, #9645, #1708, .T. ) ;
#7670 = FACE_OUTER_BOUND ( 'NONE', #2206, .T. ) ;
#7671 = ADVANCED_FACE ( 'NONE', ( #4944 ), #7419, .F. ) ;
#7672 = EDGE_LOOP ( 'NONE', ( #8597, #3985, #3546, #9526, #9500, #7833, #5502, #6084, #763 ) ) ;
#7673 = VECTOR ( 'NONE', #9, 39.37007874015748100 ) ;
#7674 = EDGE_LOOP ( 'NONE', ( #1793, #8313, #5646, #298 ) ) ;
#7675 = CARTESIAN_POINT ( 'NONE',  ( -0.3099217144102473500, 0.6721259842519686800, -0.3231889763779528000 ) ) ;
#7676 = CARTESIAN_POINT ( 'NONE',  ( -0.2517653116130454400, 0.6721259842519686800, 0.005905511811023646300 ) ) ;
#7677 = CARTESIAN_POINT ( 'NONE',  ( 0.06700000000000046200, -0.1249999999999997800, -0.2900000000000004800 ) ) ;
#7678 = CARTESIAN_POINT ( 'NONE',  ( -2.185478394931410600E-015, -1.092739197465705300E-015, -0.3349999999999988000 ) ) ;
#7679 = CARTESIAN_POINT ( 'NONE',  ( -1.248692419008931900, -4.234364390179608300E-015, -0.2916929133858263100 ) ) ;
#7680 = AXIS2_PLACEMENT_3D ( 'NONE', #5105, #2035, #8799 ) ;
#7681 = VERTEX_POINT ( 'NONE', #4421 ) ;
#7682 = FACE_OUTER_BOUND ( 'NONE', #1901, .T. ) ;
#7683 = ORIENTED_EDGE ( 'NONE', *, *, #5103, .T. ) ;
#7684 = ORIENTED_EDGE ( 'NONE', *, *, #1760, .T. ) ;
#7685 = FACE_OUTER_BOUND ( 'NONE', #3933, .T. ) ;
#7686 = VECTOR ( 'NONE', #6495, 39.37007874015748100 ) ;
#7687 = DIRECTION ( 'NONE',  ( 1.000000000000000000, 3.414809992080327900E-015, 0.0000000000000000000 ) ) ;
#7688 = CARTESIAN_POINT ( 'NONE',  ( -0.2249999999999996200, -0.1100000000000007400, 0.06799999999999951900 ) ) ;
#7689 = ORIENTED_EDGE ( 'NONE', *, *, #3995, .T. ) ;
#7690 = DIRECTION ( 'NONE',  ( -7.099813968557893200E-031, 2.087764443346746500E-016, 1.000000000000000000 ) ) ;
#7691 = ORIENTED_EDGE ( 'NONE', *, *, #3617, .F. ) ;
#7692 = VERTEX_POINT ( 'NONE', #3698 ) ;
#7693 = CYLINDRICAL_SURFACE ( 'NONE', #559, 0.001968503937007862300 ) ;
#7694 = AXIS2_PLACEMENT_3D ( 'NONE', #1344, #572, #4197 ) ;
#7695 = ORIENTED_EDGE ( 'NONE', *, *, #4931, .F. ) ;
#7696 = AXIS2_PLACEMENT_3D ( 'NONE', #9326, #4114, #326 ) ;
#7697 = LINE ( 'NONE', #4583, #1136 ) ;
#7698 = EDGE_CURVE ( 'NONE', #26, #9108, #413, .T. ) ;
#7699 = EDGE_LOOP ( 'NONE', ( #949, #6818, #2150, #9316, #1232 ) ) ;
#7700 = PLANE ( 'NONE',  #4362 ) ;
#7701 = VECTOR ( 'NONE', #8097, 39.37007874015748100 ) ;
#7702 = VERTEX_POINT ( 'NONE', #3732 ) ;
#7703 = VECTOR ( 'NONE', #7760, 39.37007874015748100 ) ;
#7704 = DIRECTION ( 'NONE',  ( 0.0000000000000000000, -7.954849691074412900E-047, 1.000000000000000000 ) ) ;
#7705 = DIRECTION ( 'NONE',  ( 7.099813968557893200E-031, -2.087764443346746500E-016, -1.000000000000000000 ) ) ;
#7706 = DIRECTION ( 'NONE',  ( 0.0000000000000000000, 7.954849691074413800E-047, -1.000000000000000000 ) ) ;
#7707 = LINE ( 'NONE', #821, #2637 ) ;
#7708 = EDGE_CURVE ( 'NONE', #9472, #4928, #6362, .T. ) ;
#7709 = ORIENTED_EDGE ( 'NONE', *, *, #2673, .T. ) ;
#7710 = DIRECTION ( 'NONE',  ( 0.0000000000000000000, 4.174047234135139500E-046, 1.000000000000000000 ) ) ;
#7711 = CIRCLE ( 'NONE', #4627, 0.008858267716535422500 ) ;
#7712 = DIRECTION ( 'NONE',  ( 1.000000000000000000, -3.454814795174053200E-015, 0.0000000000000000000 ) ) ;
#7713 = B_SPLINE_CURVE_WITH_KNOTS ( 'NONE', 3,
 ( #6163, #2568, #1069, #6269 ),
 .UNSPECIFIED., .F., .F.,
 ( 4, 4 ),
 ( 0.0000000000000000000, 1.000000000000000000 ),
 .UNSPECIFIED. ) ;
#7714 = PLANE ( 'NONE',  #4901 ) ;
#7715 = CARTESIAN_POINT ( 'NONE',  ( 0.1650000000000003700, -0.1099999999999995100, 0.06799999999999951900 ) ) ;
#7716 = EDGE_CURVE ( 'NONE', #5635, #1933, #8646, .T. ) ;
#7717 = ADVANCED_FACE ( 'NONE', ( #4828 ), #8905, .T. ) ;
#7718 = FACE_OUTER_BOUND ( 'NONE', #3133, .T. ) ;
#7719 = CARTESIAN_POINT ( 'NONE',  ( -0.3178982845064608500, 0.6680618398624081900, 0.3310174633725238000 ) ) ;
#7720 = DIRECTION ( 'NONE',  ( 1.000000000000000000, 3.491481338843133400E-015, -0.0000000000000000000 ) ) ;
#7721 = CARTESIAN_POINT ( 'NONE',  ( -0.3121259842519711300, -0.1256299212598414600, -0.06531496062992479800 ) ) ;
#7722 = EDGE_CURVE ( 'NONE', #4693, #7450, #2045, .T. ) ;
#7723 = DIRECTION ( 'NONE',  ( 0.0000000000000000000, 0.0000000000000000000, 1.000000000000000000 ) ) ;
#7724 = EDGE_CURVE ( 'NONE', #4308, #728, #8169, .T. ) ;
#7725 = ORIENTED_EDGE ( 'NONE', *, *, #4458, .F. ) ;
#7726 = EDGE_CURVE ( 'NONE', #2917, #6002, #2724, .T. ) ;
#7727 = FACE_OUTER_BOUND ( 'NONE', #2504, .T. ) ;
#7728 =( NAMED_UNIT ( * ) PLANE_ANGLE_UNIT ( ) SI_UNIT ( $, .RADIAN. ) );
#7729 = CARTESIAN_POINT ( 'NONE',  ( 0.0000000000000000000, 0.6721259842519685700, 0.06102362204724409700 ) ) ;
#7730 = DIRECTION ( 'NONE',  ( 1.000000000000000000, 3.400677691960634400E-015, 0.0000000000000000000 ) ) ;
#7731 = CARTESIAN_POINT ( 'NONE',  ( 0.3200994094488203200, 0.07874015748031271100, -0.3349999999999995800 ) ) ;
#7732 = MANIFOLD_SOLID_BREP ( 'Boss-Extrude3[8]', #3621 ) ;
#7733 = CARTESIAN_POINT ( 'NONE',  ( 0.3096701650233436600, 0.6665474377744187200, -0.3269115905583125900 ) ) ;
#7734 = FACE_OUTER_BOUND ( 'NONE', #5881, .T. ) ;
#7735 = DIRECTION ( 'NONE',  ( -3.400677691960634400E-015, 1.000000000000000000, -5.137242217450112900E-048 ) ) ;
#7736 = AXIS2_PLACEMENT_3D ( 'NONE', #2117, #2185, #562 ) ;
#7737 = DIRECTION ( 'NONE',  ( -3.454814795174053600E-015, 1.000000000000000000, -5.421010862427524100E-016 ) ) ;
#7738 = AXIS2_PLACEMENT_3D ( 'NONE', #7367, #9706, #8914 ) ;
#7739 = CARTESIAN_POINT ( 'NONE',  ( -0.3054050914126515400, 0.6681889763779523800, -0.3271259842519679300 ) ) ;
#7740 = PLANE ( 'NONE',  #829 ) ;
#7741 = AXIS2_PLACEMENT_3D ( 'NONE', #5600, #3269, #2556 ) ;
#7742 = CARTESIAN_POINT ( 'NONE',  ( -0.3200000000000009500, 0.6699217144102483900, 0.3231889763779531300 ) ) ;
#7743 = DIRECTION ( 'NONE',  ( -1.000000000000000000, 0.0000000000000000000, 0.0000000000000000000 ) ) ;
#7744 = DIRECTION ( 'NONE',  ( -3.400677691960634400E-015, 1.000000000000000000, 4.651744544108783500E-047 ) ) ;
#7745 = EDGE_CURVE ( 'NONE', #4484, #6413, #5432, .T. ) ;
#7746 = ORIENTED_EDGE ( 'NONE', *, *, #2974, .F. ) ;
#7747 = EDGE_CURVE ( 'NONE', #7132, #3894, #8417, .T. ) ;
#7748 = PLANE ( 'NONE',  #7838 ) ;
#7749 = CARTESIAN_POINT ( 'NONE',  ( 0.1670000000000004300, -0.1249999999999994300, -0.2740000000000004700 ) ) ;
#7750 = CARTESIAN_POINT ( 'NONE',  ( -0.2519685039370065400, 0.2764566929133841500, 0.08464566929133871000 ) ) ;
#7751 = VERTEX_POINT ( 'NONE', #5427 ) ;
#7752 = VECTOR ( 'NONE', #2732, 39.37007874015748100 ) ;
#7753 = AXIS2_PLACEMENT_3D ( 'NONE', #3875, #1631, #8399 ) ;
#7754 = ADVANCED_FACE ( 'NONE', ( #1255 ), #8390, .T. ) ;
#7755 = EDGE_CURVE ( 'NONE', #1085, #4489, #7207, .T. ) ;
#7756 = CARTESIAN_POINT ( 'NONE',  ( 3.414809992080329100E-015, -1.092739197465705300E-015, 0.3271259842519674300 ) ) ;
#7757 = EDGE_CURVE ( 'NONE', #61, #8122, #1021, .T. ) ;
#7758 = VERTEX_POINT ( 'NONE', #1688 ) ;
#7759 = LINE ( 'NONE', #7887, #7995 ) ;
#7760 = DIRECTION ( 'NONE',  ( -0.0000000000000000000, -1.000000000000000000, -0.0000000000000000000 ) ) ;
#7761 = PLANE ( 'NONE',  #8540 ) ;
#7762 = LINE ( 'NONE', #6265, #2566 ) ;
#7763 = FACE_OUTER_BOUND ( 'NONE', #9460, .T. ) ;
#7764 = ORIENTED_EDGE ( 'NONE', *, *, #7097, .T. ) ;
#7765 = EDGE_CURVE ( 'NONE', #8822, #4431, #772, .T. ) ;
#7766 = DIRECTION ( 'NONE',  ( -1.000000000000000000, 3.454814795174053600E-015, -3.717264591378896500E-015 ) ) ;
#7767 = LINE ( 'NONE', #1071, #3157 ) ;
#7768 = CARTESIAN_POINT ( 'NONE',  ( 0.09448818897637655000, 0.4536220472440951100, 0.3231889763779511900 ) ) ;
#7769 = ORIENTED_EDGE ( 'NONE', *, *, #1481, .T. ) ;
#7770 = CARTESIAN_POINT ( 'NONE',  ( 0.1650000000000014200, -0.4197056274847711400, 0.06799999999999951900 ) ) ;
#7771 = ORIENTED_EDGE ( 'NONE', *, *, #668, .T. ) ;
#7772 = ORIENTED_EDGE ( 'NONE', *, *, #1398, .T. ) ;
#7773 = ORIENTED_EDGE ( 'NONE', *, *, #4134, .T. ) ;
#7774 = EDGE_CURVE ( 'NONE', #5204, #3134, #6713, .T. ) ;
#7775 = LINE ( 'NONE', #3436, #5730 ) ;
#7776 = EDGE_LOOP ( 'NONE', ( #2490, #4256, #1470, #9464 ) ) ;
#7777 = ORIENTED_EDGE ( 'NONE', *, *, #5671, .T. ) ;
#7778 = CIRCLE ( 'NONE', #2663, 0.007874015748031508100 ) ;
#7779 = ORIENTED_EDGE ( 'NONE', *, *, #6256, .T. ) ;
#7780 = DIRECTION ( 'NONE',  ( -3.400677691960634400E-015, 1.000000000000000000, 4.004738936455458800E-046 ) ) ;
#7781 = CARTESIAN_POINT ( 'NONE',  ( 0.3081889763779547300, 0.06299212598425521500, 0.3271259842519688200 ) ) ;
#7782 = DIRECTION ( 'NONE',  ( 0.0000000000000000000, 3.535716378941755400E-015, 1.000000000000000000 ) ) ;
#7783 = EDGE_LOOP ( 'NONE', ( #7691, #1617, #2163, #1336 ) ) ;
#7784 = DIRECTION ( 'NONE',  ( -0.0000000000000000000, -0.0000000000000000000, -1.000000000000000000 ) ) ;
#7785 = ORIENTED_EDGE ( 'NONE', *, *, #6554, .F. ) ;
#7786 = DIRECTION ( 'NONE',  ( 1.000000000000000000, 3.400677691960634000E-015, 0.0000000000000000000 ) ) ;
#7787 = DIRECTION ( 'NONE',  ( 1.000000000000000000, 0.0000000000000000000, 0.0000000000000000000 ) ) ;
#7788 = LINE ( 'NONE', #8404, #2253 ) ;
#7789 = ORIENTED_EDGE ( 'NONE', *, *, #1878, .F. ) ;
#7790 = ORIENTED_EDGE ( 'NONE', *, *, #3617, .T. ) ;
#7791 = ORIENTED_EDGE ( 'NONE', *, *, #8319, .F. ) ;
#7792 = CARTESIAN_POINT ( 'NONE',  ( -1.248692419008932100, 0.02165354330708238500, 0.3133464566929117800 ) ) ;
#7793 = CIRCLE ( 'NONE', #2688, 0.007874015748031449100 ) ;
#7794 = CARTESIAN_POINT ( 'NONE',  ( -0.1102362204724409600, 0.6681889763779533800, 0.3231889763779529600 ) ) ;
#7795 = PRESENTATION_LAYER_ASSIGNMENT (  '', '', ( #1272 ) ) ;
#7796 = EDGE_CURVE ( 'NONE', #9645, #2692, #4476, .T. ) ;
#7797 = DIRECTION ( 'NONE',  ( -1.000000000000000000, -4.553079989440437500E-015, 0.0000000000000000000 ) ) ;
#7798 = ORIENTED_EDGE ( 'NONE', *, *, #4873, .F. ) ;
#7799 =( CONVERSION_BASED_UNIT ( 'INCH', #9444 ) LENGTH_UNIT ( ) NAMED_UNIT ( #5168 ) );
#7800 = DIRECTION ( 'NONE',  ( -3.400677691960634000E-015, 1.000000000000000000, 4.004738936455461900E-046 ) ) ;
#7801 = ORIENTED_EDGE ( 'NONE', *, *, #7757, .F. ) ;
#7802 = VERTEX_POINT ( 'NONE', #6760 ) ;
#7803 = VECTOR ( 'NONE', #2236, 39.37007874015748900 ) ;
#7804 = CARTESIAN_POINT ( 'NONE',  ( 0.3121259842519705200, 0.05511811023622149900, -0.06531496062992475600 ) ) ;
#7805 = EDGE_LOOP ( 'NONE', ( #9408, #6353, #1118, #8917 ) ) ;
#7806 = DIRECTION ( 'NONE',  ( -1.000000000000000000, -3.414809992080328300E-015, 0.0000000000000000000 ) ) ;
#7807 = DIRECTION ( 'NONE',  ( 1.000000000000000000, 0.0000000000000000000, 0.0000000000000000000 ) ) ;
#7808 = VECTOR ( 'NONE', #8879, 39.37007874015748100 ) ;
#7809 = ORIENTED_EDGE ( 'NONE', *, *, #305, .F. ) ;
#7810 = LINE ( 'NONE', #5577, #3768 ) ;
#7811 = CARTESIAN_POINT ( 'NONE',  ( 0.2573001884328043300, 0.6721259842519685700, 0.2818503937007870700 ) ) ;
#7812 = DIRECTION ( 'NONE',  ( 0.0000000000000000000, -8.234775042486240000E-045, -1.000000000000000000 ) ) ;
#7813 = ORIENTED_EDGE ( 'NONE', *, *, #405, .T. ) ;
#7814 = ADVANCED_FACE ( 'NONE', ( #6476 ), #210, .T. ) ;
#7815 = LINE ( 'NONE', #3766, #7210 ) ;
#7816 = CARTESIAN_POINT ( 'NONE',  ( 0.1365000000000004800, -0.1249999999999994900, 0.2174999999999995500 ) ) ;
#7817 = CARTESIAN_POINT ( 'NONE',  ( -0.3111881865661385000, 0.6721259842519685700, 0.3215462856484546700 ) ) ;
#7818 = ORIENTED_EDGE ( 'NONE', *, *, #2210, .F. ) ;
#7819 = B_SPLINE_CURVE_WITH_KNOTS ( 'NONE', 3,
 ( #8869, #4323, #8054, #4281 ),
 .UNSPECIFIED., .F., .F.,
 ( 4, 4 ),
 ( 0.0000000000000000000, 1.000000000000000000 ),
 .UNSPECIFIED. ) ;
#7820 = EDGE_LOOP ( 'NONE', ( #387, #5866, #2597, #1663 ) ) ;
#7821 = CARTESIAN_POINT ( 'NONE',  ( 0.3114119681967998900, 0.6680505540678224300, -0.3258069979148158200 ) ) ;
#7822 = CARTESIAN_POINT ( 'NONE',  ( -0.1102362204724409200, 0.6799999999999999400, 0.2897244094488185500 ) ) ;
#7823 = LINE ( 'NONE', #6824, #5670 ) ;
#7824 = ORIENTED_EDGE ( 'NONE', *, *, #3947, .T. ) ;
#7825 = AXIS2_PLACEMENT_3D ( 'NONE', #7375, #8159, #4396 ) ;
#7826 = ORIENTED_EDGE ( 'NONE', *, *, #4293, .T. ) ;
#7827 = FACE_OUTER_BOUND ( 'NONE', #7151, .T. ) ;
#7828 = EDGE_CURVE ( 'NONE', #1012, #1681, #4454, .T. ) ;
#7829 = EDGE_CURVE ( 'NONE', #5794, #3790, #1341, .T. ) ;
#7830 = CARTESIAN_POINT ( 'NONE',  ( -0.2618110236220472200, 0.6721259842519685700, 0.005905511811023654900 ) ) ;
#7831 = CARTESIAN_POINT ( 'NONE',  ( 0.3121259842519713000, -0.1649999999999989500, -0.09559574050686713000 ) ) ;
#7832 = LINE ( 'NONE', #9556, #317 ) ;
#7833 = ORIENTED_EDGE ( 'NONE', *, *, #910, .F. ) ;
#7834 = CARTESIAN_POINT ( 'NONE',  ( 0.3102974565612440800, 0.6671149738966095600, -0.3265137834876562000 ) ) ;
#7835 = DIRECTION ( 'NONE',  ( -0.0000000000000000000, -0.9428090415820609100, -0.3333333333333398100 ) ) ;
#7836 = ORIENTED_EDGE ( 'NONE', *, *, #8785, .F. ) ;
#7837 =( CONVERSION_BASED_UNIT ( 'INCH', #6726 ) LENGTH_UNIT ( ) NAMED_UNIT ( #4965 ) );
#7838 = AXIS2_PLACEMENT_3D ( 'NONE', #1236, #6416, #1965 ) ;
#7839 = VERTEX_POINT ( 'NONE', #181 ) ;
#7840 = DIRECTION ( 'NONE',  ( 0.0000000000000000000, 6.771483972229765400E-045, -1.000000000000000000 ) ) ;
#7841 = AXIS2_PLACEMENT_3D ( 'NONE', #1755, #6215, #2446 ) ;
#7842 = VECTOR ( 'NONE', #6270, 39.37007874015748100 ) ;
#7843 = CARTESIAN_POINT ( 'NONE',  ( 0.3099217144102475200, 0.6721259842519689000, 0.3231889763779529600 ) ) ;
#7844 = CARTESIAN_POINT ( 'NONE',  ( 0.3121259842519711300, -0.1256299212598414600, -0.1046850393700783100 ) ) ;
#7845 = EDGE_CURVE ( 'NONE', #2435, #6854, #6795, .T. ) ;
#7846 = CARTESIAN_POINT ( 'NONE',  ( 0.03300000000000046000, -0.1249999999999999000, -0.1900000000000004700 ) ) ;
#7847 = CARTESIAN_POINT ( 'NONE',  ( -0.3199999999999999500, 0.6747956584452605700, 0.3293732138850200000 ) ) ;
#7848 = VECTOR ( 'NONE', #2555, 39.37007874015748100 ) ;
#7849 = CARTESIAN_POINT ( 'NONE',  ( -0.3200000000000009500, 0.6699217144102483900, 0.3231889763779531300 ) ) ;
#7850 = EDGE_CURVE ( 'NONE', #1870, #2748, #8524, .T. ) ;
#7851 = EDGE_CURVE ( 'NONE', #5694, #3233, #5186, .T. ) ;
#7852 = CARTESIAN_POINT ( 'NONE',  ( 0.3080601036115231400, 0.6714233441086634400, -0.3257997836963828500 ) ) ;
#7853 = CARTESIAN_POINT ( 'NONE',  ( 0.1102362204724409000, 0.6799999999999999400, 0.2897244094488185500 ) ) ;
#7854 = CARTESIAN_POINT ( 'NONE',  ( 0.2618110236220472200, 0.6799999999999999400, -0.1248031496062992400 ) ) ;
#7855 = DIRECTION ( 'NONE',  ( 1.000000000000000000, 3.400677691960634000E-015, -0.0000000000000000000 ) ) ;
#7856 = PLANE ( 'NONE',  #9300 ) ;
#7857 = DIRECTION ( 'NONE',  ( 0.0000000000000000000, -1.000000000000000000, 0.0000000000000000000 ) ) ;
#7858 = AXIS2_PLACEMENT_3D ( 'NONE', #6150, #4613, #5361 ) ;
#7859 = ADVANCED_FACE ( 'NONE', ( #8397 ), #2477, .F. ) ;
#7860 =( LENGTH_UNIT ( ) NAMED_UNIT ( * ) SI_UNIT ( $, .METRE. ) );
#7861 = DIRECTION ( 'NONE',  ( -3.400677691960634400E-015, 1.000000000000000000, -6.547132841465570100E-047 ) ) ;
#7862 = PLANE ( 'NONE',  #7533 ) ;
#7863 = CARTESIAN_POINT ( 'NONE',  ( -0.1364999999999994600, -0.1603553390593278600, 0.2424999999999995200 ) ) ;
#7864 = DIRECTION ( 'NONE',  ( -3.400677691960634400E-015, 1.000000000000000000, 1.126006764857040700E-045 ) ) ;
#7865 = DIRECTION ( 'NONE',  ( 0.7071067811865412400, 0.7071067811865537900, -1.855800306174360000E-016 ) ) ;
#7866 = ORIENTED_EDGE ( 'NONE', *, *, #5801, .T. ) ;
#7867 = DIRECTION ( 'NONE',  ( 0.0000000000000000000, 0.0000000000000000000, -1.000000000000000000 ) ) ;
#7868 = ORIENTED_EDGE ( 'NONE', *, *, #4733, .T. ) ;
#7869 = DIRECTION ( 'NONE',  ( -3.400677691960634000E-015, 1.000000000000000000, 0.0000000000000000000 ) ) ;
#7870 = DIRECTION ( 'NONE',  ( -0.0000000000000000000, 0.0000000000000000000, -1.000000000000000000 ) ) ;
#7871 = AXIS2_PLACEMENT_3D ( 'NONE', #9412, #6385, #1162 ) ;
#7872 = EDGE_LOOP ( 'NONE', ( #3194, #3534, #5443, #1692 ) ) ;
#7873 = LINE ( 'NONE', #5462, #2102 ) ;
#7874 = B_SPLINE_CURVE_WITH_KNOTS ( 'NONE', 1,
 ( #5520, #6392 ),
 .UNSPECIFIED., .F., .F.,
 ( 2, 2 ),
 ( 0.0000000000000000000, 1.000000000000000000 ),
 .UNSPECIFIED. ) ;
#7875 = EDGE_CURVE ( 'NONE', #2917, #5749, #20, .T. ) ;
#7876 = FACE_OUTER_BOUND ( 'NONE', #1908, .T. ) ;
#7877 = LINE ( 'NONE', #3238, #4190 ) ;
#7878 = CARTESIAN_POINT ( 'NONE',  ( -0.3200000000000022800, 1.229331597148918500E-015, 0.0000000000000000000 ) ) ;
#7879 = CARTESIAN_POINT ( 'NONE',  ( 0.3071149738966095800, 0.6702974565612457300, -0.3265137834876546400 ) ) ;
#7880 = CLOSED_SHELL ( 'NONE', ( #5776, #9017, #4269, #4510, #7671, #4914 ) ) ;
#7881 = LINE ( 'NONE', #3686, #840 ) ;
#7882 = CARTESIAN_POINT ( 'NONE',  ( 0.3101574803149608800, 0.5618897637795281500, 0.3350000000000002400 ) ) ;
#7883 = ORIENTED_EDGE ( 'NONE', *, *, #1882, .T. ) ;
#7884 = ORIENTED_EDGE ( 'NONE', *, *, #5076, .F. ) ;
#7885 = ORIENTED_EDGE ( 'NONE', *, *, #2572, .T. ) ;
#7886 = ORIENTED_EDGE ( 'NONE', *, *, #6240, .T. ) ;
#7887 = CARTESIAN_POINT ( 'NONE',  ( -0.3121259842519704700, 0.01574803149606402600, -1.897116662266841800E-019 ) ) ;
#7888 = LINE ( 'NONE', #909, #7518 ) ;
#7889 = ORIENTED_EDGE ( 'NONE', *, *, #3044, .F. ) ;
#7890 = FACE_OUTER_BOUND ( 'NONE', #9353, .T. ) ;
#7891 = ORIENTED_EDGE ( 'NONE', *, *, #1355, .T. ) ;
#7892 = AXIS2_PLACEMENT_3D ( 'NONE', #3695, #6600, #2863 ) ;
#7893 = CARTESIAN_POINT ( 'NONE',  ( -6.283250385427805200E-015, -1.118500111210002300E-015, -0.3271259842519692000 ) ) ;
#7894 = ORIENTED_EDGE ( 'NONE', *, *, #224, .T. ) ;
#7895 = CARTESIAN_POINT ( 'NONE',  ( 0.3145144169278243900, 0.6671149738966095600, -0.3331633977070631000 ) ) ;
#7896 = FACE_OUTER_BOUND ( 'NONE', #686, .T. ) ;
#7897 = DIRECTION ( 'NONE',  ( -1.000000000000000000, 3.454814795174053600E-015, -0.0000000000000000000 ) ) ;
#7898 = CARTESIAN_POINT ( 'NONE',  ( -0.3081889763779556700, 0.6654050914126516900, -0.3350000000000019100 ) ) ;
#7899 = ORIENTED_EDGE ( 'NONE', *, *, #4883, .F. ) ;
#7900 = EDGE_LOOP ( 'NONE', ( #3767, #8000, #6674, #8715 ) ) ;
#7901 = ORIENTED_EDGE ( 'NONE', *, *, #2315, .F. ) ;
#7902 = ORIENTED_EDGE ( 'NONE', *, *, #925, .T. ) ;
#7903 = EDGE_CURVE ( 'NONE', #5385, #8220, #2028, .T. ) ;
#7904 = CYLINDRICAL_SURFACE ( 'NONE', #9616, 0.003937007874015724600 ) ;
#7905 = CARTESIAN_POINT ( 'NONE',  ( 0.3101574803149606000, 0.6800000000000001600, 0.3350000000000001300 ) ) ;
#7906 = ORIENTED_EDGE ( 'NONE', *, *, #3524, .F. ) ;
#7907 = VECTOR ( 'NONE', #625, 39.37007874015748100 ) ;
#7908 = VERTEX_POINT ( 'NONE', #5482 ) ;
#7909 = CARTESIAN_POINT ( 'NONE',  ( 0.3080601036115231400, 0.6714233441086636700, 0.3257997836963829100 ) ) ;
#7910 = EDGE_CURVE ( 'NONE', #4674, #2339, #6237, .T. ) ;
#7911 = CARTESIAN_POINT ( 'NONE',  ( 0.3121259842519685800, 0.6701574803149607000, -0.3349999999999999600 ) ) ;
#7912 = ADVANCED_FACE ( 'NONE', ( #4599 ), #9267, .F. ) ;
#7913 = EDGE_LOOP ( 'NONE', ( #4777, #2290, #2383, #5834 ) ) ;
#7914 = CARTESIAN_POINT ( 'NONE',  ( -0.3071149738966091900, 0.6745144169278311000, 0.3331633977070586600 ) ) ;
#7915 = LINE ( 'NONE', #6307, #5162 ) ;
#7916 = ORIENTED_EDGE ( 'NONE', *, *, #8458, .F. ) ;
#7917 = ORIENTED_EDGE ( 'NONE', *, *, #1113, .F. ) ;
#7918 = LINE ( 'NONE', #8438, #4707 ) ;
#7919 = CARTESIAN_POINT ( 'NONE',  ( -0.1112294377121636900, 0.6165112653958867400, 0.2256760356009727400 ) ) ;
#7920 = FACE_OUTER_BOUND ( 'NONE', #8786, .T. ) ;
#7921 = DIRECTION ( 'NONE',  ( 0.0000000000000000000, -1.000000000000000000, 0.0000000000000000000 ) ) ;
#7922 = ORIENTED_EDGE ( 'NONE', *, *, #6399, .T. ) ;
#7923 = DIRECTION ( 'NONE',  ( 3.414809992080327900E-015, -1.000000000000000000, 1.751095227270579700E-048 ) ) ;
#7924 = VERTEX_POINT ( 'NONE', #6197 ) ;
#7925 = VECTOR ( 'NONE', #5862, 39.37007874015748100 ) ;
#7926 = CARTESIAN_POINT ( 'NONE',  ( 0.01700000000000044200, -0.1249999999999999400, -0.1740000000000004900 ) ) ;
#7927 = AXIS2_PLACEMENT_3D ( 'NONE', #2888, #671, #7318 ) ;
#7928 = DIRECTION ( 'NONE',  ( 0.0000000000000000000, -8.199511390123964100E-046, 1.000000000000000000 ) ) ;
#7929 = ORIENTED_EDGE ( 'NONE', *, *, #9625, .T. ) ;
#7930 = FACE_OUTER_BOUND ( 'NONE', #9277, .T. ) ;
#7931 = PLANE ( 'NONE',  #8522 ) ;
#7932 = VECTOR ( 'NONE', #65, 39.37007874015748100 ) ;
#7933 = DIRECTION ( 'NONE',  ( 0.0000000000000000000, 0.0000000000000000000, -1.000000000000000000 ) ) ;
#7934 = ORIENTED_EDGE ( 'NONE', *, *, #6481, .F. ) ;
#7936 = CARTESIAN_POINT ( 'NONE',  ( -0.2517653116130454400, 0.6721259842519686800, 0.06102362204724409700 ) ) ;
#7935 = VECTOR ( 'NONE', #8217, 39.37007874015748100 ) ;
#7937 = CIRCLE ( 'NONE', #8987, 0.007874015748031516800 ) ;
#7938 = ORIENTED_EDGE ( 'NONE', *, *, #9383, .F. ) ;
#7939 = CARTESIAN_POINT ( 'NONE',  ( -0.3099217144102480200, 0.6721259842519689000, 0.3231889763779530200 ) ) ;
#7940 = LINE ( 'NONE', #3206, #907 ) ;
#7941 = EDGE_CURVE ( 'NONE', #4834, #3564, #9722, .T. ) ;
#7942 = DIRECTION ( 'NONE',  ( 0.0000000000000000000, 0.0000000000000000000, 1.000000000000000000 ) ) ;
#7943 = DIRECTION ( 'NONE',  ( -1.000000000000000000, 0.0000000000000000000, 0.0000000000000000000 ) ) ;
#7944 = EDGE_CURVE ( 'NONE', #9364, #3286, #167, .T. ) ;
#7945 = PLANE ( 'NONE',  #8742 ) ;
#7947 = LINE ( 'NONE', #7270, #2060 ) ;
#7946 = DIRECTION ( 'NONE',  ( 1.221525339466146400E-016, 1.000000000000000000, -3.542423484451824700E-015 ) ) ;
#7948 = VERTEX_POINT ( 'NONE', #3223 ) ;
#7949 = CYLINDRICAL_SURFACE ( 'NONE', #6182, 0.06000000000000001200 ) ;
#7950 = DIRECTION ( 'NONE',  ( -0.0000000000000000000, 0.0000000000000000000, -1.000000000000000000 ) ) ;
#7951 = DIRECTION ( 'NONE',  ( 0.0000000000000000000, 0.0000000000000000000, 1.000000000000000000 ) ) ;
#7952 = AXIS2_PLACEMENT_3D ( 'NONE', #4515, #3690, #3791 ) ;
#7953 = EDGE_LOOP ( 'NONE', ( #4932, #5805, #8268, #6535 ) ) ;
#7954 = LINE ( 'NONE', #4387, #673 ) ;
#7955 = CARTESIAN_POINT ( 'NONE',  ( -0.1648756526312368200, 0.6701574803149592500, 0.3271259842519668700 ) ) ;
#7956 = EDGE_CURVE ( 'NONE', #1537, #4973, #2609, .T. ) ;
#7957 = CARTESIAN_POINT ( 'NONE',  ( 0.3101574803149606000, 0.6799999999999999400, 0.06102362204724409700 ) ) ;
#7958 = ADVANCED_FACE ( 'NONE', ( #8270 ), #6937, .F. ) ;
#7959 = EDGE_CURVE ( 'NONE', #2359, #5004, #6225, .T. ) ;
#7960 = CARTESIAN_POINT ( 'NONE',  ( 0.3200000000000000100, 0.6699217144102476200, 0.3231889763779528500 ) ) ;
#7961 = CARTESIAN_POINT ( 'NONE',  ( 0.1649999999999999500, 0.009842519685039925100, 0.06799999999999951900 ) ) ;
#7962 = LINE ( 'NONE', #6783, #6388 ) ;
#7963 = DIRECTION ( 'NONE',  ( -0.0000000000000000000, -1.000000000000000000, -0.0000000000000000000 ) ) ;
#7964 = CARTESIAN_POINT ( 'NONE',  ( -0.3121259842519704700, 0.05511811023622149900, -0.05645669291338934600 ) ) ;
#7965 = DIRECTION ( 'NONE',  ( 1.000000000000000000, 3.454814795174053600E-015, 0.0000000000000000000 ) ) ;
#7966 = EDGE_CURVE ( 'NONE', #8849, #4811, #1235, .T. ) ;
#7967 = EDGE_CURVE ( 'NONE', #7619, #6004, #7435, .T. ) ;
#7968 = DIRECTION ( 'NONE',  ( -0.0000000000000000000, -1.000000000000000000, -0.0000000000000000000 ) ) ;
#7969 =( GEOMETRIC_REPRESENTATION_CONTEXT ( 3 ) GLOBAL_UNCERTAINTY_ASSIGNED_CONTEXT ( ( #9250 ) ) GLOBAL_UNIT_ASSIGNED_CONTEXT ( ( #7563, #4466, #5331 ) ) REPRESENTATION_CONTEXT ( 'NONE', 'WORKASPACE' ) );
#7970 = VECTOR ( 'NONE', #7155, 39.37007874015748100 ) ;
#7971 = ADVANCED_FACE ( 'NONE', ( #8509 ), #269, .F. ) ;
#7972 = CARTESIAN_POINT ( 'NONE',  ( 0.3101574803149606000, 0.6799999999999999400, 0.1791338582677165500 ) ) ;
#7973 = DIRECTION ( 'NONE',  ( -5.102127870519943100E-016, 0.0000000000000000000, 1.000000000000000000 ) ) ;
#7974 = CARTESIAN_POINT ( 'NONE',  ( -0.2517653116130454400, 0.6327559055118111600, 0.06102362204724409700 ) ) ;
#7975 = PRESENTATION_LAYER_ASSIGNMENT (  '', '', ( #6549 ) ) ;
#7976 = CARTESIAN_POINT ( 'NONE',  ( 0.2519685039370092600, 0.2764566929133857600, 0.08464566929133864000 ) ) ;
#7977 = EDGE_CURVE ( 'NONE', #6042, #627, #7713, .T. ) ;
#7978 = PLANE ( 'NONE',  #2619 ) ;
#7979 = CARTESIAN_POINT ( 'NONE',  ( 0.03299999999999999500, 0.009842519685039481000, -0.1740000000000004600 ) ) ;
#7980 = DIRECTION ( 'NONE',  ( 3.400677691960634000E-015, -1.000000000000000000, 0.0000000000000000000 ) ) ;
#7981 = VECTOR ( 'NONE', #7421, 39.37007874015748900 ) ;
#7982 =( NAMED_UNIT ( * ) SI_UNIT ( $, .STERADIAN. ) SOLID_ANGLE_UNIT ( ) );
#7983 = DIRECTION ( 'NONE',  ( 3.400677691960634400E-015, -1.000000000000000000, -5.885724984357243300E-047 ) ) ;
#7984 = ORIENTED_EDGE ( 'NONE', *, *, #1425, .F. ) ;
#7985 = LINE ( 'NONE', #4030, #1303 ) ;
#7986 = CARTESIAN_POINT ( 'NONE',  ( 0.3081889763779537800, -0.3351212936813988100, 0.3231889763779528500 ) ) ;
#7987 = DIRECTION ( 'NONE',  ( -1.049141125181685500E-027, -2.087764443346746500E-016, -1.000000000000000000 ) ) ;
#7988 = EDGE_CURVE ( 'NONE', #7839, #4109, #3212, .T. ) ;
#7989 = VERTEX_POINT ( 'NONE', #7822 ) ;
#7990 = DIRECTION ( 'NONE',  ( 0.0000000000000000000, 1.000000000000000000, 0.0000000000000000000 ) ) ;
#7991 = B_SPLINE_SURFACE_WITH_KNOTS ( 'NONE', 1, 3, ( 
 ( #8125, #7359, #512, #5726, #5701, #8093 ),
 ( #2712, #1975, #5770, #3586, #604, #3560 ) ),
 .UNSPECIFIED., .F., .F., .F.,
 ( 2, 2 ),
 ( 4, 2, 4 ),
 ( 0.0000000000000000000, 1.000000000000000000 ),
 ( 0.0000000000000000000, 0.5000000000000000000, 1.000000000000000000 ),
 .UNSPECIFIED. ) ;
#7992 = LINE ( 'NONE', #6852, #4663 ) ;
#7993 = EDGE_LOOP ( 'NONE', ( #371, #6444, #7779, #7105 ) ) ;
#7994 = CARTESIAN_POINT ( 'NONE',  ( -0.2651652498911324900, 0.6721259842519685700, 0.2743517874051790700 ) ) ;
#7995 = VECTOR ( 'NONE', #4822, 39.37007874015748100 ) ;
#7996 = DIRECTION ( 'NONE',  ( 1.000000000000000000, 3.400677691960634000E-015, -0.0000000000000000000 ) ) ;
#7997 = CARTESIAN_POINT ( 'NONE',  ( -0.2228081619892131900, 0.5249121648799671700, 0.06102362204724408300 ) ) ;
#7998 = PRESENTATION_STYLE_ASSIGNMENT (( #9134 ) ) ;
#7999 = ADVANCED_FACE ( 'NONE', ( #4816 ), #6391, .T. ) ;
#8000 = ORIENTED_EDGE ( 'NONE', *, *, #6460, .T. ) ;
#8001 = FACE_OUTER_BOUND ( 'NONE', #493, .T. ) ;
#8002 = PLANE ( 'NONE',  #420 ) ;
#8003 = AXIS2_PLACEMENT_3D ( 'NONE', #7008, #8613, #2432 ) ;
#8004 = ORIENTED_EDGE ( 'NONE', *, *, #461, .T. ) ;
#8005 = LINE ( 'NONE', #451, #8245 ) ;
#8006 = EDGE_CURVE ( 'NONE', #5784, #2336, #887, .T. ) ;
#8007 = ORIENTED_EDGE ( 'NONE', *, *, #1671, .T. ) ;
#8008 = ORIENTED_EDGE ( 'NONE', *, *, #542, .T. ) ;
#8009 = ORIENTED_EDGE ( 'NONE', *, *, #5930, .F. ) ;
#8010 = ORIENTED_EDGE ( 'NONE', *, *, #5916, .T. ) ;
#8011 = CARTESIAN_POINT ( 'NONE',  ( 0.3081889763779510600, 0.07874015748031273900, -0.3349999999999995800 ) ) ;
#8012 = FACE_OUTER_BOUND ( 'NONE', #4058, .T. ) ;
#8013 = ORIENTED_EDGE ( 'NONE', *, *, #2879, .T. ) ;
#8014 = LINE ( 'NONE', #535, #9193 ) ;
#8015 = VERTEX_POINT ( 'NONE', #2660 ) ;
#8016 = CARTESIAN_POINT ( 'NONE',  ( -0.1771653543307100400, 0.3709448818897624300, 0.3231889763779511900 ) ) ;
#8017 = LINE ( 'NONE', #8061, #4913 ) ;
#8018 = ADVANCED_FACE ( 'NONE', ( #3411 ), #4221, .F. ) ;
#8019 = CARTESIAN_POINT ( 'NONE',  ( -0.3121259842519705800, 0.009842519685038320400, 0.3072834645669275700 ) ) ;
#8020 = ORIENTED_EDGE ( 'NONE', *, *, #8726, .T. ) ;
#8021 = VERTEX_POINT ( 'NONE', #7079 ) ;
#8022 = STYLED_ITEM ( 'NONE', ( #7998 ), #762 ) ;
#8023 = VECTOR ( 'NONE', #981, 39.37007874015748100 ) ;
#8024 = DIRECTION ( 'NONE',  ( -3.400677691960634400E-015, 1.000000000000000000, 4.004738936455458800E-046 ) ) ;
#8025 = ORIENTED_EDGE ( 'NONE', *, *, #6275, .T. ) ;
#8026 = ORIENTED_EDGE ( 'NONE', *, *, #1008, .F. ) ;
#8027 = VECTOR ( 'NONE', #2623, 39.37007874015748100 ) ;
#8028 = DIRECTION ( 'NONE',  ( 3.469446951953567600E-015, -1.000000000000000000, 0.0000000000000000000 ) ) ;
#8029 = ORIENTED_EDGE ( 'NONE', *, *, #2385, .T. ) ;
#8030 = ORIENTED_EDGE ( 'NONE', *, *, #6768, .T. ) ;
#8031 = CARTESIAN_POINT ( 'NONE',  ( 0.3189392411772620200, 0.6752951442791661500, -0.3219122744137262700 ) ) ;
#8032 = CARTESIAN_POINT ( 'NONE',  ( -0.3081889763779556700, 0.6654050914126518100, -0.3297506561679807700 ) ) ;
#8033 = FACE_OUTER_BOUND ( 'NONE', #4882, .T. ) ;
#8034 = EDGE_CURVE ( 'NONE', #4953, #8515, #5295, .T. ) ;
#8035 = CARTESIAN_POINT ( 'NONE',  ( 0.1991058788142258700, 0.5618897637795281500, 0.3350000000000002400 ) ) ;
#8036 = ORIENTED_EDGE ( 'NONE', *, *, #1244, .T. ) ;
#8037 = ORIENTED_EDGE ( 'NONE', *, *, #8119, .F. ) ;
#8038 = ORIENTED_EDGE ( 'NONE', *, *, #9282, .F. ) ;
#8039 = LINE ( 'NONE', #4474, #1918 ) ;
#8040 = ORIENTED_EDGE ( 'NONE', *, *, #7850, .T. ) ;
#8041 = CARTESIAN_POINT ( 'NONE',  ( -0.3121259842519703000, 0.07874015748030854800, -0.3133464566929130000 ) ) ;
#8042 = EDGE_CURVE ( 'NONE', #6300, #6580, #3067, .T. ) ;
#8043 = DIRECTION ( 'NONE',  ( -0.0000000000000000000, -0.0000000000000000000, -1.000000000000000000 ) ) ;
#8044 = EDGE_CURVE ( 'NONE', #1280, #1488, #2833, .T. ) ;
#8045 = EDGE_CURVE ( 'NONE', #4768, #9527, #6585, .T. ) ;
#8046 = EDGE_LOOP ( 'NONE', ( #311, #3058, #3509, #6124 ) ) ;
#8047 = DIRECTION ( 'NONE',  ( 0.7071067811865475700, -0.7071067811865475700, 1.476272395410647100E-016 ) ) ;
#8048 = AXIS2_PLACEMENT_3D ( 'NONE', #3115, #6099, #905 ) ;
#8049 = ORIENTED_EDGE ( 'NONE', *, *, #7097, .F. ) ;
#8050 = LINE ( 'NONE', #1496, #410 ) ;
#8051 = CARTESIAN_POINT ( 'NONE',  ( 0.1574803149606287000, 0.5591058788142251300, 0.3271259842519679800 ) ) ;
#8052 = DIRECTION ( 'NONE',  ( -0.7071067811865450200, -0.7071067811865499000, 1.476272395410640900E-016 ) ) ;
#8053 = DIRECTION ( 'NONE',  ( 0.0000000000000000000, 0.0000000000000000000, -1.000000000000000000 ) ) ;
#8054 = CARTESIAN_POINT ( 'NONE',  ( -0.3104184896728813800, 0.6659794747857383800, 0.3350000000000020700 ) ) ;
#8055 = AXIS2_PLACEMENT_3D ( 'NONE', #4316, #689, #2826 ) ;
#8056 = VERTEX_POINT ( 'NONE', #3349 ) ;
#8057 = LINE ( 'NONE', #5720, #7808 ) ;
#8058 = ADVANCED_FACE ( 'NONE', ( #4107 ), #8633, .F. ) ;
#8059 = VERTEX_POINT ( 'NONE', #9510 ) ;
#8060 = VECTOR ( 'NONE', #1954, 39.37007874015748100 ) ;
#8061 = CARTESIAN_POINT ( 'NONE',  ( 0.3200000000000027800, -0.1649999999999989300, -0.09559574050686713000 ) ) ;
#8062 = VERTEX_POINT ( 'NONE', #5609 ) ;
#8063 = LINE ( 'NONE', #1124, #3553 ) ;
#8064 = DIRECTION ( 'NONE',  ( 3.400677691960634000E-015, -1.000000000000000000, 3.134893138729876100E-013 ) ) ;
#8065 = SURFACE_STYLE_USAGE ( .BOTH. , #2002 ) ;
#8066 = DIRECTION ( 'NONE',  ( 0.0000000000000000000, 0.0000000000000000000, 1.000000000000000000 ) ) ;
#8067 = ORIENTED_EDGE ( 'NONE', *, *, #9275, .F. ) ;
#8068 = DIRECTION ( 'NONE',  ( -1.000000000000000000, 3.454814795174053200E-015, -0.0000000000000000000 ) ) ;
#8069 = FACE_OUTER_BOUND ( 'NONE', #8771, .T. ) ;
#8070 = AXIS2_PLACEMENT_3D ( 'NONE', #1543, #3793, #2310 ) ;
#8071 = ORIENTED_EDGE ( 'NONE', *, *, #8287, .F. ) ;
#8072 = ADVANCED_FACE ( 'NONE', ( #7920 ), #431, .F. ) ;
#8073 = EDGE_CURVE ( 'NONE', #5204, #7924, #5885, .T. ) ;
#8074 = EDGE_CURVE ( 'NONE', #8077, #5867, #9090, .T. ) ;
#8075 = DIRECTION ( 'NONE',  ( -1.000000000000000000, -3.414809992080328300E-015, 0.0000000000000000000 ) ) ;
#8076 = CARTESIAN_POINT ( 'NONE',  ( -0.1329999999999994500, -0.1603553390593278300, -0.2740000000000004700 ) ) ;
#8077 = VERTEX_POINT ( 'NONE', #2644 ) ;
#8078 = VECTOR ( 'NONE', #1902, 39.37007874015748100 ) ;
#8079 = CARTESIAN_POINT ( 'NONE',  ( -0.3059726275348431700, 0.6689317718672951300, 0.3271259842519686500 ) ) ;
#8080 = AXIS2_PLACEMENT_3D ( 'NONE', #6601, #2129, #2866 ) ;
#8081 = EDGE_CURVE ( 'NONE', #5639, #6808, #8973, .T. ) ;
#8082 = DIRECTION ( 'NONE',  ( -1.000000000000000000, -3.400677691960634400E-015, 0.0000000000000000000 ) ) ;
#8083 = LINE ( 'NONE', #5315, #4039 ) ;
#8084 = CARTESIAN_POINT ( 'NONE',  ( 0.2517653116130454400, 0.6327559055118111600, 0.005905511811023648000 ) ) ;
#8085 = CARTESIAN_POINT ( 'NONE',  ( 0.3200000000000021700, 1.285206425644339100E-015, -0.1775196850393697100 ) ) ;
#8086 = PLANE ( 'NONE',  #8275 ) ;
#8087 = EDGE_CURVE ( 'NONE', #8175, #3399, #3643, .T. ) ;
#8088 =( NAMED_UNIT ( * ) SI_UNIT ( $, .STERADIAN. ) SOLID_ANGLE_UNIT ( ) );
#8089 = DIRECTION ( 'NONE',  ( 0.0000000000000000000, 3.122502256758272000E-013, 1.000000000000000000 ) ) ;
#8090 = CARTESIAN_POINT ( 'NONE',  ( -0.3081889763779525100, 0.6662204724409429600, 0.3231889763779511900 ) ) ;
#8091 = DIRECTION ( 'NONE',  ( -0.7071067811865412400, 0.7071067811865536800, -2.442922969411199100E-015 ) ) ;
#8092 = EDGE_CURVE ( 'NONE', #5525, #9162, #2145, .T. ) ;
#8093 = CARTESIAN_POINT ( 'NONE',  ( -0.3199999999999998400, 0.6701574803149607000, 0.3230102407095419300 ) ) ;
#8094 = UNCERTAINTY_MEASURE_WITH_UNIT (LENGTH_MEASURE( 1.000000000000000100E-005 ), #2527, 'distance_accuracy_value', 'NONE');
#8095 = DIRECTION ( 'NONE',  ( -3.400677691960634400E-015, 1.000000000000000000, 6.733886952713739600E-047 ) ) ;
#8096 =( NAMED_UNIT ( * ) SI_UNIT ( $, .STERADIAN. ) SOLID_ANGLE_UNIT ( ) );
#8097 = DIRECTION ( 'NONE',  ( 1.000000000000000000, 3.468166398206581100E-015, -8.758115402030106700E-047 ) ) ;
#8098 = ADVANCED_FACE ( 'NONE', ( #2486 ), #3050, .F. ) ;
#8099 = DIRECTION ( 'NONE',  ( -3.400677691960634000E-015, 1.000000000000000000, -0.0000000000000000000 ) ) ;
#8100 = ORIENTED_EDGE ( 'NONE', *, *, #3653, .F. ) ;
#8101 = ORIENTED_EDGE ( 'NONE', *, *, #9237, .F. ) ;
#8102 = EDGE_CURVE ( 'NONE', #4928, #3956, #511, .T. ) ;
#8103 = CARTESIAN_POINT ( 'NONE',  ( -0.3200000000000021200, 0.03937007874015856900, 0.1630314960629886100 ) ) ;
#8104 = VECTOR ( 'NONE', #9314, 39.37007874015748900 ) ;
#8105 = ADVANCED_FACE ( 'NONE', ( #9210 ), #9585, .F. ) ;
#8106 = CARTESIAN_POINT ( 'NONE',  ( -0.3102974565612449700, 0.6671149738966100100, -0.3265137834876557000 ) ) ;
#8107 = ORIENTED_EDGE ( 'NONE', *, *, #7630, .F. ) ;
#8108 = LINE ( 'NONE', #5562, #9046 ) ;
#8109 = AXIS2_PLACEMENT_3D ( 'NONE', #9393, #4851, #3353 ) ;
#8110 = FACE_OUTER_BOUND ( 'NONE', #6216, .T. ) ;
#8111 = VECTOR ( 'NONE', #8853, 39.37007874015748100 ) ;
#8112 = EDGE_CURVE ( 'NONE', #7288, #1447, #398, .T. ) ;
#8113 = ORIENTED_EDGE ( 'NONE', *, *, #3270, .T. ) ;
#8114 = DIRECTION ( 'NONE',  ( -1.000000000000000000, 3.454814795174053600E-015, -0.0000000000000000000 ) ) ;
#8115 = CARTESIAN_POINT ( 'NONE',  ( -0.3059717786694909300, 0.6689306608660213800, 0.3271259842519686500 ) ) ;
#8116 = PLANE ( 'NONE',  #6078 ) ;
#8117 = VECTOR ( 'NONE', #5367, 39.37007874015748100 ) ;
#8118 = DIRECTION ( 'NONE',  ( -3.400677691960634400E-015, 1.000000000000000000, 0.0000000000000000000 ) ) ;
#8119 = EDGE_CURVE ( 'NONE', #3268, #1218, #9670, .T. ) ;
#8120 = ORIENTED_EDGE ( 'NONE', *, *, #1717, .F. ) ;
#8121 = ORIENTED_EDGE ( 'NONE', *, *, #2221, .F. ) ;
#8122 = VERTEX_POINT ( 'NONE', #560 ) ;
#8123 = ORIENTED_EDGE ( 'NONE', *, *, #1977, .T. ) ;
#8124 = VECTOR ( 'NONE', #1035, 39.37007874015748100 ) ;
#8125 = CARTESIAN_POINT ( 'NONE',  ( -0.3101574803149614900, 0.6800000000000001600, 0.3230102407095413700 ) ) ;
#8126 = ORIENTED_EDGE ( 'NONE', *, *, #8006, .F. ) ;
#8127 = VERTEX_POINT ( 'NONE', #5039 ) ;
#8128 = VECTOR ( 'NONE', #2041, 39.37007874015748100 ) ;
#8129 = CARTESIAN_POINT ( 'NONE',  ( 0.2365000000000000700, 0.009842519685040173100, 0.2174999999999995800 ) ) ;
#8130 = CARTESIAN_POINT ( 'NONE',  ( -0.3081889763779472900, 0.6701574803149604700, 0.3350000000000005800 ) ) ;
#8131 = VERTEX_POINT ( 'NONE', #4998 ) ;
#8132 = VERTEX_POINT ( 'NONE', #2758 ) ;
#8133 = ORIENTED_EDGE ( 'NONE', *, *, #7956, .T. ) ;
#8134 = CARTESIAN_POINT ( 'NONE',  ( -0.3099217144102480200, 0.6721259842519689000, 0.3231889763779530200 ) ) ;
#8135 = AXIS2_PLACEMENT_3D ( 'NONE', #5697, #4105, #4161 ) ;
#8136 = VECTOR ( 'NONE', #62, 39.37007874015748100 ) ;
#8137 = ORIENTED_EDGE ( 'NONE', *, *, #3919, .F. ) ;
#8138 = VECTOR ( 'NONE', #3676, 39.37007874015748100 ) ;
#8139 = ORIENTED_EDGE ( 'NONE', *, *, #3140, .F. ) ;
#8140 = EDGE_CURVE ( 'NONE', #2754, #9472, #3876, .T. ) ;
#8141 = DIRECTION ( 'NONE',  ( -1.000000000000000000, 3.454814795174053600E-015, -0.0000000000000000000 ) ) ;
#8142 = VERTEX_POINT ( 'NONE', #7260 ) ;
#8143 = DIRECTION ( 'NONE',  ( -0.0000000000000000000, 4.174047234135139500E-046, 1.000000000000000000 ) ) ;
#8144 = VECTOR ( 'NONE', #9009, 39.37007874015748100 ) ;
#8145 = VERTEX_POINT ( 'NONE', #2031 ) ;
#8147 = ORIENTED_EDGE ( 'NONE', *, *, #4838, .T. ) ;
#8146 = DIRECTION ( 'NONE',  ( -3.400677691960634400E-015, 1.000000000000000000, -1.773052509417498100E-046 ) ) ;
#8148 = CYLINDRICAL_SURFACE ( 'NONE', #3412, 0.003937007874015724600 ) ;
#8149 = ORIENTED_EDGE ( 'NONE', *, *, #7448, .F. ) ;
#8150 = CARTESIAN_POINT ( 'NONE',  ( 0.3200994094488202000, 0.03937007874015635600, 0.1630314960629886100 ) ) ;
#8151 = DIRECTION ( 'NONE',  ( 1.000000000000000000, 0.0000000000000000000, 0.0000000000000000000 ) ) ;
#8152 = LINE ( 'NONE', #7307, #7686 ) ;
#8153 = ADVANCED_FACE ( 'NONE', ( #5650 ), #1325, .F. ) ;
#8154 = AXIS2_PLACEMENT_3D ( 'NONE', #4529, #6025, #1602 ) ;
#8155 = DIRECTION ( 'NONE',  ( -3.400677691960634400E-015, 1.000000000000000000, -1.773052509417498100E-046 ) ) ;
#8156 = DIRECTION ( 'NONE',  ( 0.0000000000000000000, 0.0000000000000000000, 1.000000000000000000 ) ) ;
#8157 = STYLED_ITEM ( 'NONE', ( #7382 ), #9366 ) ;
#8158 = ORIENTED_EDGE ( 'NONE', *, *, #7698, .F. ) ;
#8159 = DIRECTION ( 'NONE',  ( -3.400677691960634000E-015, 1.000000000000000000, 0.0000000000000000000 ) ) ;
#8160 = ORIENTED_EDGE ( 'NONE', *, *, #7851, .F. ) ;
#8161 = VECTOR ( 'NONE', #1884, 39.37007874015748100 ) ;
#8162 = EDGE_LOOP ( 'NONE', ( #557, #150, #9451, #197 ) ) ;
#8163 = CARTESIAN_POINT ( 'NONE',  ( 0.3059791801295456100, 0.6689317662326982300, 0.3271259842519686500 ) ) ;
#8164 = FACE_OUTER_BOUND ( 'NONE', #7083, .T. ) ;
#8165 = LINE ( 'NONE', #116, #649 ) ;
#8166 = ADVANCED_FACE ( 'NONE', ( #5053 ), #8856, .F. ) ;
#8167 = CARTESIAN_POINT ( 'NONE',  ( 0.3200994094488203200, 0.07086614173228121500, -0.1775196850393696300 ) ) ;
#8168 = ORIENTED_EDGE ( 'NONE', *, *, #6946, .T. ) ;
#8169 = LINE ( 'NONE', #1471, #653 ) ;
#8170 = CARTESIAN_POINT ( 'NONE',  ( -0.3081889763779546200, 0.02165354330707910900, 0.3271259842519668700 ) ) ;
#8171 = AXIS2_PLACEMENT_3D ( 'NONE', #5066, #1309, #2719 ) ;
#8173 = FACE_OUTER_BOUND ( 'NONE', #7441, .T. ) ;
#8172 = CARTESIAN_POINT ( 'NONE',  ( 0.3121259842519705800, 0.02362204724409336400, 0.1453149606299177500 ) ) ;
#8174 = EDGE_CURVE ( 'NONE', #2339, #8059, #8152, .T. ) ;
#8175 = VERTEX_POINT ( 'NONE', #2063 ) ;
#8176 = LINE ( 'NONE', #6175, #2853 ) ;
#8177 = DIRECTION ( 'NONE',  ( -1.000000000000000000, -3.252606517456505000E-015, 0.0000000000000000000 ) ) ;
#8178 = DIRECTION ( 'NONE',  ( 1.049141125181685500E-027, 2.087764443346746500E-016, 1.000000000000000000 ) ) ;
#8179 = AXIS2_PLACEMENT_3D ( 'NONE', #2511, #1810, #2538 ) ;
#8180 = EDGE_CURVE ( 'NONE', #4437, #3744, #2941, .T. ) ;
#8181 = CIRCLE ( 'NONE', #3536, 0.03937007874015748000 ) ;
#8182 = DIRECTION ( 'NONE',  ( 1.000000000000000000, 3.400677691960634400E-015, 0.0000000000000000000 ) ) ;
#8183 = ORIENTED_EDGE ( 'NONE', *, *, #3808, .T. ) ;
#8184 = LINE ( 'NONE', #1510, #2737 ) ;
#8185 = CARTESIAN_POINT ( 'NONE',  ( 0.2615000000000006200, -0.1249999999999991100, 0.2424999999999996000 ) ) ;
#8186 = CARTESIAN_POINT ( 'NONE',  ( 0.3200994094488202600, 0.05511811023621931300, -0.04759842519685391500 ) ) ;
#8187 = DIRECTION ( 'NONE',  ( -7.973235776786932200E-016, 2.087764443346719600E-016, 1.000000000000000000 ) ) ;
#8188 = VERTEX_POINT ( 'NONE', #6553 ) ;
#8189 = CARTESIAN_POINT ( 'NONE',  ( 0.03300000000000057700, -0.1603553390593272800, -0.1900000000000004700 ) ) ;
#8190 = CARTESIAN_POINT ( 'NONE',  ( -0.3121259842519694700, 0.6699217144102483900, 0.3231889763779530200 ) ) ;
#8191 = FACE_OUTER_BOUND ( 'NONE', #745, .T. ) ;
#8192 = CARTESIAN_POINT ( 'NONE',  ( 0.3200000000000000600, 0.6799999999999999400, 0.06102362204724409700 ) ) ;
#8193 = DIRECTION ( 'NONE',  ( 3.454814795174053600E-015, -1.000000000000000000, 0.0000000000000000000 ) ) ;
#8194 = AXIS2_PLACEMENT_3D ( 'NONE', #28, #3074, #1665 ) ;
#8195 = AXIS2_PLACEMENT_3D ( 'NONE', #5373, #6885, #1761 ) ;
#8196 = VECTOR ( 'NONE', #3763, 39.37007874015748100 ) ;
#8197 = EDGE_CURVE ( 'NONE', #4431, #1449, #8403, .T. ) ;
#8198 = FILL_AREA_STYLE ('',( #1574 ) ) ;
#8199 = CARTESIAN_POINT ( 'NONE',  ( 0.2129933528330372200, 0.6259193630839793300, 0.005905511811023648000 ) ) ;
#8200 = DIRECTION ( 'NONE',  ( -1.000000000000000000, 3.454814795174053600E-015, -0.0000000000000000000 ) ) ;
#8201 = ADVANCED_FACE ( 'NONE', ( #634 ), #9643, .F. ) ;
#8202 = CARTESIAN_POINT ( 'NONE',  ( -0.1102362204724409600, 0.6681889763779533800, 0.3231889763779529600 ) ) ;
#8203 = DIRECTION ( 'NONE',  ( -1.000000000000000000, -3.468166398206581100E-015, -2.134256245050203900E-015 ) ) ;
#8204 = LINE ( 'NONE', #7846, #8908 ) ;
#8205 = B_SPLINE_CURVE_WITH_KNOTS ( 'NONE', 1,
 ( #5032, #8134 ),
 .UNSPECIFIED., .F., .F.,
 ( 2, 2 ),
 ( 0.0000000000000000000, 1.000000000000000000 ),
 .UNSPECIFIED. ) ;
#8206 =( NAMED_UNIT ( * ) PLANE_ANGLE_UNIT ( ) SI_UNIT ( $, .RADIAN. ) );
#8207 = B_SPLINE_SURFACE_WITH_KNOTS ( 'NONE', 1, 3, ( 
 ( #1249, #6428, #4853, #6372, #8622, #7045 ),
 ( #5591, #1148, #6336, #4159, #1867, #1912 ) ),
 .UNSPECIFIED., .F., .F., .F.,
 ( 2, 2 ),
 ( 4, 2, 4 ),
 ( 0.0000000000000000000, 1.000000000000000000 ),
 ( 0.0000000000000000000, 0.5000000000000000000, 1.000000000000000000 ),
 .UNSPECIFIED. ) ;
#8208 = EDGE_CURVE ( 'NONE', #8015, #8849, #3180, .T. ) ;
#8209 = CARTESIAN_POINT ( 'NONE',  ( 0.3089317718672958100, 0.6659726275348441000, 0.3271259842519685900 ) ) ;
#8210 = ADVANCED_FACE ( 'NONE', ( #4700 ), #9679, .T. ) ;
#8211 = DIRECTION ( 'NONE',  ( 1.000000000000000000, 3.400677691960634400E-015, -1.751623080406021300E-046 ) ) ;
#8212 = DIMENSIONAL_EXPONENTS ( 1.000000000000000000, 0.0000000000000000000, 0.0000000000000000000, 0.0000000000000000000, 0.0000000000000000000, 0.0000000000000000000, 0.0000000000000000000 ) ;
#8213 = DIRECTION ( 'NONE',  ( 0.0000000000000000000, -6.771483972229765400E-045, 1.000000000000000000 ) ) ;
#8214 = EDGE_CURVE ( 'NONE', #644, #6323, #862, .T. ) ;
#8215 = CARTESIAN_POINT ( 'NONE',  ( -0.2618110236220472200, 0.6721259842519685700, -0.1326771653543307400 ) ) ;
#8216 = CARTESIAN_POINT ( 'NONE',  ( -0.2615000000000000700, 0.009842519685038483500, 0.2174999999999995300 ) ) ;
#8217 = DIRECTION ( 'NONE',  ( 0.0000000000000000000, 1.000000000000000000, 0.0000000000000000000 ) ) ;
#8218 = CARTESIAN_POINT ( 'NONE',  ( 0.3200994094488202600, 0.05511811023621931300, 0.1541732283464531900 ) ) ;
#8219 = CARTESIAN_POINT ( 'NONE',  ( 0.2129933528330372200, 0.6259193630839793300, 0.06102362204724409700 ) ) ;
#8220 = VERTEX_POINT ( 'NONE', #622 ) ;
#8221 = EDGE_CURVE ( 'NONE', #32, #1446, #2281, .T. ) ;
#8222 = DIRECTION ( 'NONE',  ( -1.000000000000000000, 0.0000000000000000000, 0.0000000000000000000 ) ) ;
#8223 = EDGE_CURVE ( 'NONE', #6414, #8997, #6700, .T. ) ;
#8224 = EDGE_CURVE ( 'NONE', #598, #9162, #9324, .T. ) ;
#8225 = VECTOR ( 'NONE', #6633, 39.37007874015748100 ) ;
#8226 = ORIENTED_EDGE ( 'NONE', *, *, #1580, .T. ) ;
#8227 = CARTESIAN_POINT ( 'NONE',  ( 0.2519685039370092600, 0.2764566929133857600, 0.08464566929133864000 ) ) ;
#8228 = LINE ( 'NONE', #9651, #6648 ) ;
#8229 = CARTESIAN_POINT ( 'NONE',  ( 0.1255055738910761700, 0.2764566929133853700, 0.2399521717798883400 ) ) ;
#8230 = DIRECTION ( 'NONE',  ( -3.400677691960634400E-015, 1.000000000000000000, 5.885724984357243300E-047 ) ) ;
#8231 = DIRECTION ( 'NONE',  ( 0.7071067811865486800, -0.7071067811865462400, -2.628503000028635900E-015 ) ) ;
#8232 = ORIENTED_EDGE ( 'NONE', *, *, #8655, .T. ) ;
#8233 = AXIS2_PLACEMENT_3D ( 'NONE', #6967, #1041, #4747 ) ;
#8234 = VECTOR ( 'NONE', #2944, 39.37007874015748100 ) ;
#8235 = ADVANCED_FACE ( 'NONE', ( #2598 ), #9709, .F. ) ;
#8236 = VERTEX_POINT ( 'NONE', #688 ) ;
#8237 = CARTESIAN_POINT ( 'NONE',  ( -0.3121259842519705200, 1.285206425644339100E-015, -0.1775196850393697100 ) ) ;
#8238 = AXIS2_PLACEMENT_3D ( 'NONE', #8189, #8931, #5820 ) ;
#8239 = DIRECTION ( 'NONE',  ( 7.099813968557893200E-031, -2.087764443346746500E-016, -1.000000000000000000 ) ) ;
#8240 = SURFACE_STYLE_FILL_AREA ( #7615 ) ;
#8241 = EDGE_LOOP ( 'NONE', ( #1829, #6358, #3261, #2516, #8641, #9201 ) ) ;
#8242 = VECTOR ( 'NONE', #5095, 39.37007874015748100 ) ;
#8243 = DIRECTION ( 'NONE',  ( 0.0000000000000000000, 1.000000000000000000, 0.0000000000000000000 ) ) ;
#8244 = ORIENTED_EDGE ( 'NONE', *, *, #1813, .F. ) ;
#8245 = VECTOR ( 'NONE', #6411, 39.37007874015748100 ) ;
#8246 = DIRECTION ( 'NONE',  ( -1.000000000000000000, 0.0000000000000000000, 0.0000000000000000000 ) ) ;
#8247 = AXIS2_PLACEMENT_3D ( 'NONE', #8202, #5868, #755 ) ;
#8248 = ADVANCED_FACE ( 'NONE', ( #277 ), #5933, .F. ) ;
#8249 = VERTEX_POINT ( 'NONE', #764 ) ;
#8250 = ORIENTED_EDGE ( 'NONE', *, *, #9265, .T. ) ;
#8251 = ORIENTED_EDGE ( 'NONE', *, *, #7669, .T. ) ;
#8252 = VERTEX_POINT ( 'NONE', #2248 ) ;
#8253 = FACE_OUTER_BOUND ( 'NONE', #2627, .T. ) ;
#8254 = ORIENTED_EDGE ( 'NONE', *, *, #1811, .F. ) ;
#8255 =( LENGTH_UNIT ( ) NAMED_UNIT ( * ) SI_UNIT ( $, .METRE. ) );
#8256 = CARTESIAN_POINT ( 'NONE',  ( -0.3065482866397696300, 0.6696711032650383100, -0.3269109955571727300 ) ) ;
#8257 = AXIS2_PLACEMENT_3D ( 'NONE', #9189, #1039, #5349 ) ;
#8258 = EDGE_LOOP ( 'NONE', ( #4680, #84, #7037, #4872 ) ) ;
#8259 = EDGE_CURVE ( 'NONE', #3520, #7005, #7306, .T. ) ;
#8260 = EDGE_CURVE ( 'NONE', #1681, #3415, #2030, .T. ) ;
#8261 = VERTEX_POINT ( 'NONE', #7445 ) ;
#8262 = ORIENTED_EDGE ( 'NONE', *, *, #2073, .T. ) ;
#8263 = CIRCLE ( 'NONE', #2072, 0.007874015748031482100 ) ;
#8264 = ADVANCED_FACE ( 'NONE', ( #8033 ), #1586, .F. ) ;
#8265 = ORIENTED_EDGE ( 'NONE', *, *, #9067, .F. ) ;
#8266 = ORIENTED_EDGE ( 'NONE', *, *, #4121, .F. ) ;
#8267 = CIRCLE ( 'NONE', #1392, 0.009842519685039378600 ) ;
#8268 = ORIENTED_EDGE ( 'NONE', *, *, #2341, .T. ) ;
#8269 = CARTESIAN_POINT ( 'NONE',  ( -0.1169999999999995600, -0.1250000000000004200, -0.2900000000000004800 ) ) ;
#8270 = FACE_OUTER_BOUND ( 'NONE', #9057, .T. ) ;
#8271 = CARTESIAN_POINT ( 'NONE',  ( 0.3200000000000011200, 0.6701574803149607000, 0.3231889763779528500 ) ) ;
#8272 = DIRECTION ( 'NONE',  ( 1.000000000000000000, 3.189294310714769700E-015, 7.973235776786924300E-016 ) ) ;
#8273 = AXIS2_PLACEMENT_3D ( 'NONE', #2075, #4366, #9620 ) ;
#8274 = ORIENTED_EDGE ( 'NONE', *, *, #7584, .F. ) ;
#8275 = AXIS2_PLACEMENT_3D ( 'NONE', #4232, #5007, #7351 ) ;
#8276 = ORIENTED_EDGE ( 'NONE', *, *, #8174, .F. ) ;
#8277 = ORIENTED_EDGE ( 'NONE', *, *, #6567, .T. ) ;
#8278 = ORIENTED_EDGE ( 'NONE', *, *, #8140, .F. ) ;
#8279 = CARTESIAN_POINT ( 'NONE',  ( 0.3081889763779480700, 0.6654050914126516900, -0.3271259842519684800 ) ) ;
#8280 = B_SPLINE_CURVE_WITH_KNOTS ( 'NONE', 1,
 ( #127, #3819 ),
 .UNSPECIFIED., .F., .F.,
 ( 2, 2 ),
 ( 0.0000000000000000000, 1.000000000000000000 ),
 .UNSPECIFIED. ) ;
#8281 = CARTESIAN_POINT ( 'NONE',  ( 0.2365000000000005200, -0.1249999999999992000, 0.2424999999999996000 ) ) ;
#8282 = EDGE_CURVE ( 'NONE', #4328, #3175, #9433, .T. ) ;
#8283 = FACE_OUTER_BOUND ( 'NONE', #8936, .T. ) ;
#8284 = DIRECTION ( 'NONE',  ( 3.454814795174053600E-015, 1.000000000000000000, -1.204669080539449300E-017 ) ) ;
#8285 = VERTEX_POINT ( 'NONE', #4406 ) ;
#8286 = DIRECTION ( 'NONE',  ( 0.0000000000000000000, -1.000000000000000000, 0.0000000000000000000 ) ) ;
#8287 = EDGE_CURVE ( 'NONE', #2011, #7132, #5527, .T. ) ;
#8288 = VERTEX_POINT ( 'NONE', #716 ) ;
#8289 = VECTOR ( 'NONE', #1296, 39.37007874015748100 ) ;
#8290 = DIRECTION ( 'NONE',  ( -0.0000000000000000000, -0.0000000000000000000, 1.000000000000000000 ) ) ;
#8291 = AXIS2_PLACEMENT_3D ( 'NONE', #4423, #2226, #4501 ) ;
#8292 = DIRECTION ( 'NONE',  ( 0.0000000000000000000, -0.0000000000000000000, 1.000000000000000000 ) ) ;
#8293 = CARTESIAN_POINT ( 'NONE',  ( 0.2517653116130454400, 0.6721259842519686800, 0.005905511811023648000 ) ) ;
#8294 = VECTOR ( 'NONE', #546, 39.37007874015748100 ) ;
#8295 = PLANE ( 'NONE',  #2091 ) ;
#8296 = EDGE_LOOP ( 'NONE', ( #9403, #5374, #784, #7593, #4887, #6222 ) ) ;
#8297 = FACE_OUTER_BOUND ( 'NONE', #5381, .T. ) ;
#8298 = VERTEX_POINT ( 'NONE', #797 ) ;
#8299 = PLANE ( 'NONE',  #4534 ) ;
#8300 = CARTESIAN_POINT ( 'NONE',  ( -0.3200000000000020600, 0.05511811023622152600, -0.04759842519685391500 ) ) ;
#8301 = ADVANCED_FACE ( 'NONE', ( #5403 ), #5180, .F. ) ;
#8302 =( GEOMETRIC_REPRESENTATION_CONTEXT ( 3 ) GLOBAL_UNCERTAINTY_ASSIGNED_CONTEXT ( ( #3469 ) ) GLOBAL_UNIT_ASSIGNED_CONTEXT ( ( #5122, #6668, #9013 ) ) REPRESENTATION_CONTEXT ( 'NONE', 'WORKASPACE' ) );
#8303 = CARTESIAN_POINT ( 'NONE',  ( 0.1102362204724409300, 0.6721259842519685700, 0.2897244094488185500 ) ) ;
#8304 = EDGE_CURVE ( 'NONE', #1435, #8719, #6334, .T. ) ;
#8305 = ORIENTED_EDGE ( 'NONE', *, *, #2509, .F. ) ;
#8306 = LINE ( 'NONE', #1242, #3914 ) ;
#8307 = VERTEX_POINT ( 'NONE', #6748 ) ;
#8308 = DIRECTION ( 'NONE',  ( 2.134256245050203900E-015, 7.224257797074749000E-030, -1.000000000000000000 ) ) ;
#8309 = DIRECTION ( 'NONE',  ( -1.000000000000000000, 0.0000000000000000000, 0.0000000000000000000 ) ) ;
#8310 = CARTESIAN_POINT ( 'NONE',  ( -0.3104184935182630100, 0.6659729154998697000, -0.3350000000000013500 ) ) ;
#8311 = CARTESIAN_POINT ( 'NONE',  ( -0.2249999999999996200, -0.1100000000000007400, 0.06799999999999951900 ) ) ;
#8312 = EDGE_CURVE ( 'NONE', #9187, #9676, #3867, .T. ) ;
#8313 = ORIENTED_EDGE ( 'NONE', *, *, #7269, .F. ) ;
#8314 = CARTESIAN_POINT ( 'NONE',  ( 0.3200000000000018900, 0.07874015748031271100, 0.0000000000000000000 ) ) ;
#8315 = ADVANCED_FACE ( 'NONE', ( #7554 ), #7637, .F. ) ;
#8316 = CARTESIAN_POINT ( 'NONE',  ( 0.3121259842519700800, 0.06299212598425088500, 0.3231889763779528500 ) ) ;
#8317 = LINE ( 'NONE', #3122, #6619 ) ;
#8318 = DIRECTION ( 'NONE',  ( 1.000000000000000000, -1.037459247268822400E-014, -1.561251128379380100E-013 ) ) ;
#8319 = EDGE_CURVE ( 'NONE', #7391, #8062, #7793, .T. ) ;
#8320 = CARTESIAN_POINT ( 'NONE',  ( -0.3200000000000020100, 0.07086614173228342200, -0.1853937007874011700 ) ) ;
#8321 = DIRECTION ( 'NONE',  ( 0.0000000000000000000, 1.000000000000000000, 0.0000000000000000000 ) ) ;
#8322 = CARTESIAN_POINT ( 'NONE',  ( 0.3054050914126513700, 0.6681889763779522700, -0.3349999999999993500 ) ) ;
#8323 = DIRECTION ( 'NONE',  ( 1.000000000000000000, 3.468166398206574000E-015, 0.0000000000000000000 ) ) ;
#8324 = VECTOR ( 'NONE', #9078, 39.37007874015748100 ) ;
#8325 = DIRECTION ( 'NONE',  ( -1.000000000000000000, 3.454814795174053600E-015, -0.0000000000000000000 ) ) ;
#8326 =( GEOMETRIC_REPRESENTATION_CONTEXT ( 3 ) GLOBAL_UNCERTAINTY_ASSIGNED_CONTEXT ( ( #3666 ) ) GLOBAL_UNIT_ASSIGNED_CONTEXT ( ( #4601, #3011, #141 ) ) REPRESENTATION_CONTEXT ( 'NONE', 'WORKASPACE' ) );
#8327 = EDGE_CURVE ( 'NONE', #2336, #2692, #4803, .T. ) ;
#8328 = CARTESIAN_POINT ( 'NONE',  ( -0.3121259842519705200, 1.092739197465705300E-015, 0.0000000000000000000 ) ) ;
#8329 = CARTESIAN_POINT ( 'NONE',  ( -0.1170000000000000200, 0.009842519685038977900, -0.2900000000000004800 ) ) ;
#8330 = EDGE_CURVE ( 'NONE', #4309, #6556, #3630, .T. ) ;
#8331 = CARTESIAN_POINT ( 'NONE',  ( 0.08300000000000000400, 0.009842519685039652700, -0.2740000000000004700 ) ) ;
#8332 = CARTESIAN_POINT ( 'NONE',  ( -0.3200000000000021200, 0.03937007874015852100, -0.1775196850393696800 ) ) ;
#8333 = CARTESIAN_POINT ( 'NONE',  ( 0.3081889763779569500, 0.01574803149606399500, 0.3271259842519674300 ) ) ;
#8334 = CARTESIAN_POINT ( 'NONE',  ( 0.08267716535432978500, 0.2764566929133852600, 0.2399521717798882800 ) ) ;
#8335 = LENGTH_MEASURE_WITH_UNIT ( LENGTH_MEASURE( 0.02539999999999999900 ), #1563 );
#8336 = CARTESIAN_POINT ( 'NONE',  ( 0.1102362204724409400, 0.6721259842519685700, 0.3231889763779529600 ) ) ;
#8337 = CARTESIAN_POINT ( 'NONE',  ( -0.03299999999999945300, -0.1603553390593275300, -0.2740000000000004700 ) ) ;
#8338 = B_SPLINE_CURVE_WITH_KNOTS ( 'NONE', 3,
 ( #1636, #1531, #3072, #2304 ),
 .UNSPECIFIED., .F., .F.,
 ( 4, 4 ),
 ( 0.0000000000000000000, 1.000000000000000000 ),
 .UNSPECIFIED. ) ;
#8339 = DIRECTION ( 'NONE',  ( -1.000000000000000000, -4.553079989440437500E-015, 0.0000000000000000000 ) ) ;
#8340 = AXIS2_PLACEMENT_3D ( 'NONE', #7073, #2561, #1762 ) ;
#8341 = DIRECTION ( 'NONE',  ( 0.0000000000000000000, 1.000000000000000000, 0.0000000000000000000 ) ) ;
#8342 = AXIS2_PLACEMENT_3D ( 'NONE', #8567, #4830, #5596 ) ;
#8343 = CARTESIAN_POINT ( 'NONE',  ( -0.2517653116130454400, 0.6327559055118111600, 0.06102362204724409700 ) ) ;
#8344 = ORIENTED_EDGE ( 'NONE', *, *, #699, .T. ) ;
#8345 = ADVANCED_FACE ( 'NONE', ( #7422 ), #5038, .F. ) ;
#8346 = EDGE_CURVE ( 'NONE', #8261, #5739, #798, .T. ) ;
#8347 = DIRECTION ( 'NONE',  ( 1.000000000000000000, 3.400677691960634400E-015, 0.0000000000000000000 ) ) ;
#8348 = DIRECTION ( 'NONE',  ( -1.000000000000000000, 0.0000000000000000000, -2.134256245050203900E-015 ) ) ;
#8349 = ORIENTED_EDGE ( 'NONE', *, *, #17, .T. ) ;
#8350 = FILL_AREA_STYLE ('',( #6735 ) ) ;
#8351 = ORIENTED_EDGE ( 'NONE', *, *, #5810, .F. ) ;
#8352 = EDGE_CURVE ( 'NONE', #3564, #5362, #5998, .T. ) ;
#8353 = FACE_OUTER_BOUND ( 'NONE', #3160, .T. ) ;
#8354 = DIRECTION ( 'NONE',  ( -1.314184451497581500E-016, 0.0000000000000000000, 1.000000000000000000 ) ) ;
#8355 = CYLINDRICAL_SURFACE ( 'NONE', #2803, 0.003937007874015724600 ) ;
#8356 = EDGE_CURVE ( 'NONE', #7378, #275, #5769, .T. ) ;
#8357 = ORIENTED_EDGE ( 'NONE', *, *, #208, .F. ) ;
#8358 = B_SPLINE_SURFACE_WITH_KNOTS ( 'NONE', 1, 3, ( 
 ( #2252, #3718, #7498, #2883 ),
 ( #8898, #8209, #9024, #8920 ) ),
 .UNSPECIFIED., .F., .F., .F.,
 ( 2, 2 ),
 ( 4, 4 ),
 ( 0.0000000000000000000, 1.000000000000000000 ),
 ( 0.0000000000000000000, 1.000000000000000000 ),
 .UNSPECIFIED. ) ;
#8359 = ADVANCED_FACE ( 'NONE', ( #4338 ), #4590, .F. ) ;
#8360 = VECTOR ( 'NONE', #6882, 39.37007874015748100 ) ;
#8361 = CARTESIAN_POINT ( 'NONE',  ( -0.1614999999999995900, -0.1250000000000005600, 0.2424999999999995200 ) ) ;
#8362 = DIRECTION ( 'NONE',  ( 1.000000000000000000, 0.0000000000000000000, -0.0000000000000000000 ) ) ;
#8363 = CARTESIAN_POINT ( 'NONE',  ( -0.1614999999999995900, -0.1250000000000005600, 0.2174999999999995300 ) ) ;
#8364 = ORIENTED_EDGE ( 'NONE', *, *, #486, .T. ) ;
#8365 = VERTEX_POINT ( 'NONE', #5345 ) ;
#8366 = ORIENTED_EDGE ( 'NONE', *, *, #9209, .F. ) ;
#8367 = CARTESIAN_POINT ( 'NONE',  ( -0.3200000000000012300, 0.6689748484444493200, -0.3271959195966538400 ) ) ;
#8368 = EDGE_LOOP ( 'NONE', ( #2301, #6023, #8020, #2115 ) ) ;
#8369 = CARTESIAN_POINT ( 'NONE',  ( 0.3200000000000020600, 0.03937007874015630700, -0.1224015748031491900 ) ) ;
#8370 = AXIS2_PLACEMENT_3D ( 'NONE', #2155, #8082, #2729 ) ;
#8371 = LINE ( 'NONE', #6066, #7398 ) ;
#8372 = VERTEX_POINT ( 'NONE', #9256 ) ;
#8373 = EDGE_LOOP ( 'NONE', ( #9489, #2804, #4741, #4467 ) ) ;
#8374 = LINE ( 'NONE', #2887, #4079 ) ;
#8375 = DIRECTION ( 'NONE',  ( -1.000000000000000000, 3.454814795174053200E-015, -0.0000000000000000000 ) ) ;
#8376 = ORIENTED_EDGE ( 'NONE', *, *, #4764, .F. ) ;
#8377 = CARTESIAN_POINT ( 'NONE',  ( -0.3089317718672937600, 0.6659726275348437600, -0.3271259842519689300 ) ) ;
#8378 = ORIENTED_EDGE ( 'NONE', *, *, #3688, .F. ) ;
#8379 = ORIENTED_EDGE ( 'NONE', *, *, #8140, .T. ) ;
#8380 = EDGE_LOOP ( 'NONE', ( #5532, #5048, #5015, #495 ) ) ;
#8381 = CARTESIAN_POINT ( 'NONE',  ( -0.3199999999999997800, 0.6701574803149607000, 0.06102362204724420800 ) ) ;
#8382 = VECTOR ( 'NONE', #5358, 39.37007874015748100 ) ;
#8383 = ORIENTED_EDGE ( 'NONE', *, *, #3777, .F. ) ;
#8384 = ORIENTED_EDGE ( 'NONE', *, *, #5846, .F. ) ;
#8385 = LINE ( 'NONE', #4155, #6103 ) ;
#8386 = CARTESIAN_POINT ( 'NONE',  ( -0.2517653116130454400, 0.6800000000000001600, 0.06102362204724409700 ) ) ;
#8387 = EDGE_LOOP ( 'NONE', ( #1362, #8923, #2449, #4579 ) ) ;
#8388 = VECTOR ( 'NONE', #5909, 39.37007874015748100 ) ;
#8389 = VERTEX_POINT ( 'NONE', #3112 ) ;
#8390 = PLANE ( 'NONE',  #7108 ) ;
#8391 = CARTESIAN_POINT ( 'NONE',  ( 0.3121259842519705800, 0.03937007874015638300, 0.0000000000000000000 ) ) ;
#8392 = AXIS2_PLACEMENT_3D ( 'NONE', #1291, #7229, #4211 ) ;
#8393 = LINE ( 'NONE', #5195, #4695 ) ;
#8394 = ADVANCED_FACE ( 'NONE', ( #51 ), #3922, .F. ) ;
#8395 = EDGE_LOOP ( 'NONE', ( #5555, #9186, #3993 ) ) ;
#8396 = ORIENTED_EDGE ( 'NONE', *, *, #5783, .T. ) ;
#8398 = CARTESIAN_POINT ( 'NONE',  ( 0.3152951442791662700, 0.6789392411772619000, -0.3219122744137262700 ) ) ;
#8397 = FACE_OUTER_BOUND ( 'NONE', #6185, .T. ) ;
#8399 = DIRECTION ( 'NONE',  ( 0.0000000000000000000, -1.000000000000000000, 0.0000000000000000000 ) ) ;
#8400 = ORIENTED_EDGE ( 'NONE', *, *, #9029, .F. ) ;
#8401 = EDGE_CURVE ( 'NONE', #8127, #5787, #9662, .T. ) ;
#8402 = EDGE_CURVE ( 'NONE', #8372, #3530, #1576, .T. ) ;
#8403 = LINE ( 'NONE', #5835, #6944 ) ;
#8404 = CARTESIAN_POINT ( 'NONE',  ( -0.06699999999999999000, 0.009842519685039139200, -0.1740000000000004600 ) ) ;
#8405 = ORIENTED_EDGE ( 'NONE', *, *, #2271, .F. ) ;
#8406 = PLANE ( 'NONE',  #6056 ) ;
#8407 = ORIENTED_EDGE ( 'NONE', *, *, #3462, .T. ) ;
#8408 = LINE ( 'NONE', #6407, #1131 ) ;
#8409 = CARTESIAN_POINT ( 'NONE',  ( 0.1330000000000004500, -0.1249999999999995600, -0.1900000000000004700 ) ) ;
#8410 = ADVANCED_FACE ( 'NONE', ( #6813 ), #6922, .T. ) ;
#8411 = DIRECTION ( 'NONE',  ( -0.0000000000000000000, 0.0000000000000000000, -1.000000000000000000 ) ) ;
#8412 = DIRECTION ( 'NONE',  ( 0.0000000000000000000, -6.771483972229765400E-045, 1.000000000000000000 ) ) ;
#8413 = ORIENTED_EDGE ( 'NONE', *, *, #2106, .F. ) ;
#8414 = VECTOR ( 'NONE', #6851, 39.37007874015748100 ) ;
#8415 = AXIS2_PLACEMENT_3D ( 'NONE', #6012, #8972, #8151 ) ;
#8416 = ORIENTED_EDGE ( 'NONE', *, *, #4339, .F. ) ;
#8417 = LINE ( 'NONE', #4563, #7451 ) ;
#8418 = DIRECTION ( 'NONE',  ( 1.000000000000000000, 0.0000000000000000000, 0.0000000000000000000 ) ) ;
#8419 = CARTESIAN_POINT ( 'NONE',  ( -0.3054050914126515400, 0.6681889763779529400, -0.3271259842519685400 ) ) ;
#8420 = DIRECTION ( 'NONE',  ( 7.099813968557893200E-031, -2.087764443346746500E-016, -1.000000000000000000 ) ) ;
#8421 = EDGE_CURVE ( 'NONE', #8021, #3148, #874, .T. ) ;
#8422 = B_SPLINE_SURFACE_WITH_KNOTS ( 'NONE', 1, 3, ( 
 ( #1532, #2401, #8367, #3130 ),
 ( #5229, #3815, #6881, #2305 ) ),
 .UNSPECIFIED., .F., .F., .F.,
 ( 2, 2 ),
 ( 4, 4 ),
 ( 0.0000000000000000000, 1.000000000000000000 ),
 ( 0.0000000000000000000, 1.000000000000000000 ),
 .UNSPECIFIED. ) ;
#8423 = ORIENTED_EDGE ( 'NONE', *, *, #2205, .F. ) ;
#8424 = ADVANCED_FACE ( 'NONE', ( #1797 ), #5371, .F. ) ;
#8425 = FACE_OUTER_BOUND ( 'NONE', #9573, .T. ) ;
#8426 = PLANE ( 'NONE',  #4936 ) ;
#8427 = DIRECTION ( 'NONE',  ( 0.0000000000000000000, 0.0000000000000000000, -1.000000000000000000 ) ) ;
#8428 = EDGE_CURVE ( 'NONE', #8132, #5328, #9079, .T. ) ;
#8429 = CARTESIAN_POINT ( 'NONE',  ( 0.1330299677273122100, 0.2297539172379915700, 0.3350000000000014600 ) ) ;
#8430 = CIRCLE ( 'NONE', #765, 0.003937007874015758400 ) ;
#8431 = ORIENTED_EDGE ( 'NONE', *, *, #6920, .F. ) ;
#8432 = FACE_OUTER_BOUND ( 'NONE', #5811, .T. ) ;
#8433 = DIRECTION ( 'NONE',  ( -3.400677691960634000E-015, 1.000000000000000000, 0.0000000000000000000 ) ) ;
#8434 = CARTESIAN_POINT ( 'NONE',  ( 0.3101574803149606000, 0.6721259842519686800, 0.3350000000000001300 ) ) ;
#8435 = ORIENTED_EDGE ( 'NONE', *, *, #1048, .F. ) ;
#8436 = AXIS2_PLACEMENT_3D ( 'NONE', #4509, #9171, #117 ) ;
#8437 = VECTOR ( 'NONE', #9601, 39.37007874015748900 ) ;
#8438 = CARTESIAN_POINT ( 'NONE',  ( -0.2573001884328043300, 0.6721259842519685700, 0.2818503937007870700 ) ) ;
#8439 = CARTESIAN_POINT ( 'NONE',  ( -0.3145144169278268300, 0.6671149738966100100, -0.3331633977070616000 ) ) ;
#8440 = CARTESIAN_POINT ( 'NONE',  ( 0.3200994094488200900, 0.02362204724409333900, 0.1374409448818862700 ) ) ;
#8441 = DIRECTION ( 'NONE',  ( -3.400677691960634400E-015, 1.000000000000000000, -5.137242217450112900E-048 ) ) ;
#8442 = PLANE ( 'NONE',  #4063 ) ;
#8443 = VECTOR ( 'NONE', #7705, 39.37007874015748100 ) ;
#8444 = AXIS2_PLACEMENT_3D ( 'NONE', #8218, #3700, #6112 ) ;
#8445 = CARTESIAN_POINT ( 'NONE',  ( 0.3099217144102475200, 0.6800000000000003800, 0.3231889763779529600 ) ) ;
#8446 = LINE ( 'NONE', #7911, #5932 ) ;
#8447 = EDGE_CURVE ( 'NONE', #475, #9579, #4093, .T. ) ;
#8448 = EDGE_CURVE ( 'NONE', #6325, #6948, #9549, .T. ) ;
#8449 = CARTESIAN_POINT ( 'NONE',  ( -0.3199999999999998400, 0.6727409429929004400, -0.3222763607591326900 ) ) ;
#8450 = DIRECTION ( 'NONE',  ( 0.0000000000000000000, 8.234775042486240000E-045, 1.000000000000000000 ) ) ;
#8451 = CARTESIAN_POINT ( 'NONE',  ( 0.3200000000000020100, 0.05511811023621935500, 0.2811417322834610700 ) ) ;
#8452 = DIRECTION ( 'NONE',  ( 0.0000000000000000000, -0.0000000000000000000, -1.000000000000000000 ) ) ;
#8453 = ADVANCED_FACE ( 'NONE', ( #7066 ), #6105, .T. ) ;
#8454 = CARTESIAN_POINT ( 'NONE',  ( 0.1170000000000004400, -0.1249999999999996100, -0.1740000000000004900 ) ) ;
#8455 = MANIFOLD_SOLID_BREP ( 'Boss-Extrude3[7]', #4419 ) ;
#8456 = PLANE ( 'NONE',  #5636 ) ;
#8457 = CARTESIAN_POINT ( 'NONE',  ( 0.3200000000000011200, 0.6699217144102483900, -0.3231889763779527400 ) ) ;
#8458 = EDGE_CURVE ( 'NONE', #6948, #968, #1454, .T. ) ;
#8459 = LINE ( 'NONE', #2097, #8689 ) ;
#8460 = CARTESIAN_POINT ( 'NONE',  ( -2.050038133577295700E-015, 0.07874015748031382200, -0.3271259842519676500 ) ) ;
#8461 = ORIENTED_EDGE ( 'NONE', *, *, #7000, .F. ) ;
#8462 = ORIENTED_EDGE ( 'NONE', *, *, #7755, .F. ) ;
#8463 = LINE ( 'NONE', #1299, #1986 ) ;
#8464 = DIRECTION ( 'NONE',  ( -3.400677691960634400E-015, 1.000000000000000000, 1.126006764857040700E-045 ) ) ;
#8465 = DIRECTION ( 'NONE',  ( -0.0000000000000000000, -0.0000000000000000000, -1.000000000000000000 ) ) ;
#8466 = EDGE_CURVE ( 'NONE', #501, #4811, #621, .T. ) ;
#8467 = PLANE ( 'NONE',  #8195 ) ;
#8468 = ORIENTED_EDGE ( 'NONE', *, *, #6892, .F. ) ;
#8469 = EDGE_CURVE ( 'NONE', #3286, #998, #2352, .T. ) ;
#8470 = CARTESIAN_POINT ( 'NONE',  ( -0.3121259842519704700, 0.02165354330708556300, 0.3133464566929117800 ) ) ;
#8471 = DIRECTION ( 'NONE',  ( -1.000000000000000000, -3.400677691960634400E-015, 0.0000000000000000000 ) ) ;
#8472 = VECTOR ( 'NONE', #8203, 39.37007874015748100 ) ;
#8473 = CARTESIAN_POINT ( 'NONE',  ( 0.0000000000000000000, 0.6721259842519685700, 0.0000000000000000000 ) ) ;
#8474 = VERTEX_POINT ( 'NONE', #6630 ) ;
#8475 = CARTESIAN_POINT ( 'NONE',  ( 0.3200994094488200900, 0.02362204724409333900, 0.1453149606299177500 ) ) ;
#8476 = LINE ( 'NONE', #2335, #1890 ) ;
#8477 = ORIENTED_EDGE ( 'NONE', *, *, #3126, .F. ) ;
#8478 = CYLINDRICAL_SURFACE ( 'NONE', #2638, 0.03937007874015750100 ) ;
#8479 = ORIENTED_EDGE ( 'NONE', *, *, #4961, .T. ) ;
#8480 =( CONVERSION_BASED_UNIT ( 'INCH', #8495 ) LENGTH_UNIT ( ) NAMED_UNIT ( #1419 ) );
#8481 = VECTOR ( 'NONE', #7946, 39.37007874015748100 ) ;
#8482 = CARTESIAN_POINT ( 'NONE',  ( -0.3071149738966094700, 0.6745144169278312100, -0.3331633977070582700 ) ) ;
#8483 = ORIENTED_EDGE ( 'NONE', *, *, #698, .T. ) ;
#8484 = AXIS2_PLACEMENT_3D ( 'NONE', #4664, #217, #191 ) ;
#8485 = ORIENTED_EDGE ( 'NONE', *, *, #6531, .F. ) ;
#8486 = ORIENTED_EDGE ( 'NONE', *, *, #1050, .F. ) ;
#8487 = EDGE_LOOP ( 'NONE', ( #6541, #5245, #4844, #2282, #3408, #4049 ) ) ;
#8488 = EDGE_CURVE ( 'NONE', #153, #4142, #6682, .T. ) ;
#8489 = LINE ( 'NONE', #674, #7283 ) ;
#8490 = VERTEX_POINT ( 'NONE', #3551 ) ;
#8491 = VECTOR ( 'NONE', #6527, 39.37007874015748100 ) ;
#8492 = ORIENTED_EDGE ( 'NONE', *, *, #4383, .F. ) ;
#8493 = SURFACE_STYLE_USAGE ( .BOTH. , #4703 ) ;
#8494 = CARTESIAN_POINT ( 'NONE',  ( 0.3102974565612440800, 0.6671149738966095600, -0.3265137834876562000 ) ) ;
#8495 = LENGTH_MEASURE_WITH_UNIT ( LENGTH_MEASURE( 0.02539999999999999900 ), #111 );
#8496 = DIRECTION ( 'NONE',  ( 1.000000000000000000, 3.400677691960634000E-015, -0.0000000000000000000 ) ) ;
#8497 = AXIS2_PLACEMENT_3D ( 'NONE', #8475, #265, #5479 ) ;
#8498 = EDGE_CURVE ( 'NONE', #8874, #57, #8374, .T. ) ;
#8499 = VERTEX_POINT ( 'NONE', #591 ) ;
#8500 = VERTEX_POINT ( 'NONE', #2787 ) ;
#8501 = LINE ( 'NONE', #4915, #868 ) ;
#8502 = CARTESIAN_POINT ( 'NONE',  ( -0.3121259842519704100, 0.03937007874015849300, -0.1224015748031491900 ) ) ;
#8503 = VERTEX_POINT ( 'NONE', #4234 ) ;
#8504 = ORIENTED_EDGE ( 'NONE', *, *, #7765, .T. ) ;
#8505 = FACE_OUTER_BOUND ( 'NONE', #3854, .T. ) ;
#8506 = ORIENTED_EDGE ( 'NONE', *, *, #2478, .F. ) ;
#8507 = ORIENTED_EDGE ( 'NONE', *, *, #9136, .F. ) ;
#8508 = DIRECTION ( 'NONE',  ( -3.400677691960634400E-015, 1.000000000000000000, 0.0000000000000000000 ) ) ;
#8509 = FACE_OUTER_BOUND ( 'NONE', #849, .T. ) ;
#8510 = EDGE_CURVE ( 'NONE', #5207, #9342, #7539, .T. ) ;
#8511 = CARTESIAN_POINT ( 'NONE',  ( 0.3101574803149606000, 0.6721259842519686800, 0.3230102407095413700 ) ) ;
#8512 = DIRECTION ( 'NONE',  ( 0.0000000000000000000, 0.0000000000000000000, 1.000000000000000000 ) ) ;
#8513 = ADVANCED_FACE ( 'NONE', ( #4209 ), #1399, .T. ) ;
#8514 = ORIENTED_EDGE ( 'NONE', *, *, #7588, .T. ) ;
#8515 = VERTEX_POINT ( 'NONE', #6508 ) ;
#8516 = ORIENTED_EDGE ( 'NONE', *, *, #9471, .T. ) ;
#8517 = LINE ( 'NONE', #2200, #6707 ) ;
#8518 = ORIENTED_EDGE ( 'NONE', *, *, #2774, .F. ) ;
#8519 = CARTESIAN_POINT ( 'NONE',  ( 0.3081889763779550000, 0.02165354330708764400, 0.3271259842519668700 ) ) ;
#8520 = B_SPLINE_CURVE_WITH_KNOTS ( 'NONE', 1,
 ( #8664, #8630 ),
 .UNSPECIFIED., .F., .F.,
 ( 2, 2 ),
 ( 0.0000000000000000000, 1.000000000000000000 ),
 .UNSPECIFIED. ) ;
#8521 = DIRECTION ( 'NONE',  ( -0.0000000000000000000, -1.204669080539449300E-017, -1.000000000000000000 ) ) ;
#8522 = AXIS2_PLACEMENT_3D ( 'NONE', #1121, #4138, #1156 ) ;
#8523 = DIRECTION ( 'NONE',  ( 0.0000000000000000000, 8.234775042486240000E-045, 1.000000000000000000 ) ) ;
#8524 = LINE ( 'NONE', #5287, #6474 ) ;
#8525 = EDGE_CURVE ( 'NONE', #8285, #6950, #497, .T. ) ;
#8526 = ORIENTED_EDGE ( 'NONE', *, *, #4329, .F. ) ;
#8527 = CARTESIAN_POINT ( 'NONE',  ( 0.2250000000000003700, -0.1099999999999992400, 0.06799999999999951900 ) ) ;
#8528 = EDGE_LOOP ( 'NONE', ( #7769, #9301, #2029, #4306 ) ) ;
#8529 = VECTOR ( 'NONE', #6512, 39.37007874015748100 ) ;
#8530 = CARTESIAN_POINT ( 'NONE',  ( 0.3081889763779540600, 0.6654050914126516900, -0.3271259842519684800 ) ) ;
#8532 = CARTESIAN_POINT ( 'NONE',  ( 0.3121259842519685800, 0.6701574803149607000, -0.3349999999999999600 ) ) ;
#8531 = VECTOR ( 'NONE', #8028, 39.37007874015748100 ) ;
#8533 = CARTESIAN_POINT ( 'NONE',  ( 0.1170000000000005600, -0.1603553390593270000, -0.1740000000000004900 ) ) ;
#8534 = ORIENTED_EDGE ( 'NONE', *, *, #5854, .F. ) ;
#8535 = LINE ( 'NONE', #7628, #3098 ) ;
#8536 = MECHANICAL_DESIGN_GEOMETRIC_PRESENTATION_REPRESENTATION (  '', ( #8022 ), #4955 ) ;
#8537 = EDGE_LOOP ( 'NONE', ( #7538, #8376, #5286, #8378 ) ) ;
#8538 = DIRECTION ( 'NONE',  ( 0.0000000000000000000, 0.0000000000000000000, 1.000000000000000000 ) ) ;
#8539 = LINE ( 'NONE', #2876, #4621 ) ;
#8540 = AXIS2_PLACEMENT_3D ( 'NONE', #8533, #3356, #7864 ) ;
#8541 = DIRECTION ( 'NONE',  ( -4.553079989440435900E-015, 1.000000000000000000, -0.0000000000000000000 ) ) ;
#8542 = CARTESIAN_POINT ( 'NONE',  ( 0.3200994094488202600, 0.05511811023621931300, -0.04759842519685391500 ) ) ;
#8543 = CARTESIAN_POINT ( 'NONE',  ( 0.1330000000000004500, -0.1249999999999995600, -0.1740000000000004600 ) ) ;
#8544 = EDGE_CURVE ( 'NONE', #3286, #256, #994, .T. ) ;
#8545 = CARTESIAN_POINT ( 'NONE',  ( 0.3121259842519705200, 0.05511811023621934100, 0.1541732283464531900 ) ) ;
#8546 = LINE ( 'NONE', #1402, #8437 ) ;
#8547 = PLANE ( 'NONE',  #6296 ) ;
#8548 = ORIENTED_EDGE ( 'NONE', *, *, #7828, .F. ) ;
#8549 = CARTESIAN_POINT ( 'NONE',  ( -0.1102362204724409600, 0.6719008229983551800, 0.3245013123359582500 ) ) ;
#8550 = PLANE ( 'NONE',  #8179 ) ;
#8551 = EDGE_CURVE ( 'NONE', #9541, #702, #8017, .T. ) ;
#8552 = DIRECTION ( 'NONE',  ( -7.099813968557893200E-031, 2.087764443346746500E-016, 1.000000000000000000 ) ) ;
#8553 = EDGE_CURVE ( 'NONE', #2466, #1713, #8608, .T. ) ;
#8554 = ORIENTED_EDGE ( 'NONE', *, *, #6928, .T. ) ;
#8555 = ORIENTED_EDGE ( 'NONE', *, *, #7606, .F. ) ;
#8556 = LINE ( 'NONE', #4195, #6273 ) ;
#8557 = DIRECTION ( 'NONE',  ( 0.0000000000000000000, 0.0000000000000000000, 1.000000000000000000 ) ) ;
#8558 = CARTESIAN_POINT ( 'NONE',  ( -0.06699999999999953200, -0.1250000000000002500, -0.1900000000000004700 ) ) ;
#8559 = ADVANCED_FACE ( 'NONE', ( #5513 ), #9066, .F. ) ;
#8560 = DIRECTION ( 'NONE',  ( -0.0000000000000000000, -1.000000000000000000, -0.0000000000000000000 ) ) ;
#8561 = CARTESIAN_POINT ( 'NONE',  ( 0.3081889763779540600, 0.6654050914126516900, -0.3349999999999999600 ) ) ;
#8562 = VECTOR ( 'NONE', #4641, 39.37007874015748100 ) ;
#8563 = ORIENTED_EDGE ( 'NONE', *, *, #3912, .F. ) ;
#8564 = DIRECTION ( 'NONE',  ( -3.400677691960634400E-015, 1.000000000000000000, -1.773052509417498100E-046 ) ) ;
#8565 = AXIS2_PLACEMENT_3D ( 'NONE', #7174, #1966, #9511 ) ;
#8566 =( NAMED_UNIT ( * ) SI_UNIT ( $, .STERADIAN. ) SOLID_ANGLE_UNIT ( ) );
#8567 = CARTESIAN_POINT ( 'NONE',  ( 0.3200994094488200900, 0.01574803149606184000, -0.03972440944882241200 ) ) ;
#8568 = CARTESIAN_POINT ( 'NONE',  ( -0.3054050914126513700, 0.6681889763779537100, 0.3297506561679791100 ) ) ;
#8569 = AXIS2_PLACEMENT_3D ( 'NONE', #3388, #2669, #4792 ) ;
#8570 = DIRECTION ( 'NONE',  ( -0.0000000000000000000, -1.000000000000000000, -0.0000000000000000000 ) ) ;
#8571 = DIRECTION ( 'NONE',  ( 1.000000000000000000, -3.454814795174053200E-015, 0.0000000000000000000 ) ) ;
#8572 = CARTESIAN_POINT ( 'NONE',  ( 0.0000000000000000000, 0.6721259842519685700, 0.06102362204724409700 ) ) ;
#8573 = EDGE_CURVE ( 'NONE', #861, #1745, #7289, .T. ) ;
#8574 = B_SPLINE_CURVE_WITH_KNOTS ( 'NONE', 3,
 ( #9218, #3918, #3942, #4710 ),
 .UNSPECIFIED., .F., .F.,
 ( 4, 4 ),
 ( 0.0000000000000000000, 1.000000000000000000 ),
 .UNSPECIFIED. ) ;
#8576 = EDGE_CURVE ( 'NONE', #4032, #9423, #4689, .T. ) ;
#8575 = DIRECTION ( 'NONE',  ( 3.400677691960634400E-015, -1.000000000000000000, -0.0000000000000000000 ) ) ;
#8577 = DIRECTION ( 'NONE',  ( 1.000000000000000000, 0.0000000000000000000, 0.0000000000000000000 ) ) ;
#8578 = CARTESIAN_POINT ( 'NONE',  ( -0.2696850393700787600, 0.6721259842519685700, -0.1248031496062992400 ) ) ;
#8579 = DIRECTION ( 'NONE',  ( -1.221525339466146400E-016, -1.000000000000000000, 0.0000000000000000000 ) ) ;
#8580 = LINE ( 'NONE', #8019, #1422 ) ;
#8581 = ORIENTED_EDGE ( 'NONE', *, *, #1773, .T. ) ;
#8582 = CARTESIAN_POINT ( 'NONE',  ( -0.3054050914126516500, 0.6681889763779524900, -0.3349999999999993500 ) ) ;
#8583 = CARTESIAN_POINT ( 'NONE',  ( 0.3200000000000000600, 0.6799999999999999400, 0.06102362204724409700 ) ) ;
#8584 = EDGE_CURVE ( 'NONE', #4499, #6788, #5266, .T. ) ;
#8585 = CARTESIAN_POINT ( 'NONE',  ( -0.01699999999999943900, -0.1250000000000000600, -0.2740000000000004700 ) ) ;
#8586 = CARTESIAN_POINT ( 'NONE',  ( 0.3121259842519696300, 0.6699217144102483900, -0.3231889763779527400 ) ) ;
#8587 = ORIENTED_EDGE ( 'NONE', *, *, #1809, .T. ) ;
#8588 = LINE ( 'NONE', #6902, #3953 ) ;
#8589 = DIRECTION ( 'NONE',  ( -0.0000000000000000000, -0.0000000000000000000, 1.000000000000000000 ) ) ;
#8590 = VECTOR ( 'NONE', #4491, 39.37007874015748100 ) ;
#8591 = VECTOR ( 'NONE', #1930, 39.37007874015748900 ) ;
#8592 = ORIENTED_EDGE ( 'NONE', *, *, #8553, .T. ) ;
#8593 = EDGE_CURVE ( 'NONE', #8682, #7802, #37, .T. ) ;
#8594 = FACE_OUTER_BOUND ( 'NONE', #8395, .T. ) ;
#8595 = ORIENTED_EDGE ( 'NONE', *, *, #876, .F. ) ;
#8596 = CARTESIAN_POINT ( 'NONE',  ( -0.2697101235488635300, 0.6721259842519685700, 0.1791338582677165500 ) ) ;
#8597 = ORIENTED_EDGE ( 'NONE', *, *, #3571, .T. ) ;
#8598 = ORIENTED_EDGE ( 'NONE', *, *, #2726, .F. ) ;
#8599 = ORIENTED_EDGE ( 'NONE', *, *, #857, .T. ) ;
#8600 = EDGE_CURVE ( 'NONE', #1103, #485, #9312, .T. ) ;
#8601 = CYLINDRICAL_SURFACE ( 'NONE', #8444, 0.008858267716535448600 ) ;
#8602 = ORIENTED_EDGE ( 'NONE', *, *, #5746, .T. ) ;
#8603 = ADVANCED_FACE ( 'NONE', ( #742 ), #885, .F. ) ;
#8604 = ORIENTED_EDGE ( 'NONE', *, *, #722, .T. ) ;
#8605 = CIRCLE ( 'NONE', #1044, 0.06000000000000001200 ) ;
#8606 = ORIENTED_EDGE ( 'NONE', *, *, #2534, .F. ) ;
#8607 = PLANE ( 'NONE',  #3662 ) ;
#8608 = CIRCLE ( 'NONE', #8273, 0.003937007874015758400 ) ;
#8609 = CARTESIAN_POINT ( 'NONE',  ( -0.3145144169278245600, 0.6671149738966095600, 0.3331633977070631000 ) ) ;
#8610 = EDGE_LOOP ( 'NONE', ( #7458, #4956, #7883, #5841 ) ) ;
#8611 = EDGE_LOOP ( 'NONE', ( #2715, #5493, #8040, #1600 ) ) ;
#8612 = VERTEX_POINT ( 'NONE', #978 ) ;
#8613 = DIRECTION ( 'NONE',  ( 3.400677691960634000E-015, -1.000000000000000000, 3.134893138729876100E-013 ) ) ;
#8614 = CARTESIAN_POINT ( 'NONE',  ( 0.3089765846953342900, 0.6721259842519686800, -0.3245221749645729700 ) ) ;
#8615 = LINE ( 'NONE', #6982, #5276 ) ;
#8616 = ORIENTED_EDGE ( 'NONE', *, *, #1984, .F. ) ;
#8617 = ORIENTED_EDGE ( 'NONE', *, *, #208, .T. ) ;
#8618 = LINE ( 'NONE', #6245, #6810 ) ;
#8619 = CARTESIAN_POINT ( 'NONE',  ( -1.248692419008931900, 0.009842519685035111200, 0.3072834645669275700 ) ) ;
#8620 = ORIENTED_EDGE ( 'NONE', *, *, #6958, .T. ) ;
#8621 = EDGE_CURVE ( 'NONE', #891, #6413, #5983, .T. ) ;
#8622 = CARTESIAN_POINT ( 'NONE',  ( 0.3127409429929002800, 0.6800000000000001600, 0.3222763607591329100 ) ) ;
#8623 = EDGE_LOOP ( 'NONE', ( #6293, #6468, #4720, #9653 ) ) ;
#8624 = CIRCLE ( 'NONE', #1126, 0.007874015748031490700 ) ;
#8625 = CARTESIAN_POINT ( 'NONE',  ( -0.1102362204724409300, 0.6793245162391586800, 0.3271259842519687600 ) ) ;
#8626 = ORIENTED_EDGE ( 'NONE', *, *, #1250, .T. ) ;
#8627 = ORIENTED_EDGE ( 'NONE', *, *, #8965, .T. ) ;
#8628 = VECTOR ( 'NONE', #5567, 39.37007874015748100 ) ;
#8629 = ORIENTED_EDGE ( 'NONE', *, *, #1809, .F. ) ;
#8630 = CARTESIAN_POINT ( 'NONE',  ( -0.3099217144102473500, 0.6800000000000001600, -0.3231889763779528000 ) ) ;
#8631 = DIRECTION ( 'NONE',  ( 1.000000000000000000, -3.454814795174053200E-015, -0.0000000000000000000 ) ) ;
#8632 = AXIS2_PLACEMENT_3D ( 'NONE', #60, #6655, #5923 ) ;
#8633 = CYLINDRICAL_SURFACE ( 'NONE', #9141, 0.007874015748031449100 ) ;
#8634 = CARTESIAN_POINT ( 'NONE',  ( 0.3081889763779527800, 0.6662204724409450700, -0.3231889763779528000 ) ) ;
#8635 = VERTEX_POINT ( 'NONE', #2351 ) ;
#8636 = ORIENTED_EDGE ( 'NONE', *, *, #7249, .F. ) ;
#8637 = FACE_OUTER_BOUND ( 'NONE', #6313, .T. ) ;
#8638 = DIRECTION ( 'NONE',  ( 0.0000000000000000000, 1.000000000000000000, 0.0000000000000000000 ) ) ;
#8639 = CARTESIAN_POINT ( 'NONE',  ( 0.3200000000000018900, 0.07874015748031271100, -0.1853937007874011700 ) ) ;
#8640 = CARTESIAN_POINT ( 'NONE',  ( 0.1615000000000000300, 0.009842519685039916400, 0.2424999999999995800 ) ) ;
#8641 = ORIENTED_EDGE ( 'NONE', *, *, #788, .F. ) ;
#8642 = FACE_OUTER_BOUND ( 'NONE', #9390, .T. ) ;
#8643 = MANIFOLD_SOLID_BREP ( 'Boss-Extrude3[9]', #3577 ) ;
#8644 = SPHERICAL_SURFACE ( 'NONE', #7298, 0.003937007874015748000 ) ;
#8645 = ORIENTED_EDGE ( 'NONE', *, *, #7606, .T. ) ;
#8646 = LINE ( 'NONE', #2263, #7935 ) ;
#8647 = B_SPLINE_CURVE_WITH_KNOTS ( 'NONE', 3,
 ( #5599, #1859, #1976, #4888 ),
 .UNSPECIFIED., .F., .F.,
 ( 4, 4 ),
 ( 0.0000000000000000000, 1.000000000000000000 ),
 .UNSPECIFIED. ) ;
#8648 = CARTESIAN_POINT ( 'NONE',  ( -0.1991058788142257300, 0.5618897637795281500, 0.3349999999999950800 ) ) ;
#8649 = VECTOR ( 'NONE', #6248, 39.37007874015748100 ) ;
#8650 = CARTESIAN_POINT ( 'NONE',  ( 0.2618110236220471700, 0.6799999999999999400, -0.1326771653543307400 ) ) ;
#8651 =( GEOMETRIC_REPRESENTATION_CONTEXT ( 3 ) GLOBAL_UNCERTAINTY_ASSIGNED_CONTEXT ( ( #9123 ) ) GLOBAL_UNIT_ASSIGNED_CONTEXT ( ( #9031, #2868, #2889 ) ) REPRESENTATION_CONTEXT ( 'NONE', 'WORKASPACE' ) );
#8652 = ORIENTED_EDGE ( 'NONE', *, *, #3771, .T. ) ;
#8653 = FACE_OUTER_BOUND ( 'NONE', #8537, .T. ) ;
#8654 = DIRECTION ( 'NONE',  ( -0.0000000000000000000, -0.0000000000000000000, 1.000000000000000000 ) ) ;
#8655 = EDGE_CURVE ( 'NONE', #5759, #7429, #2586, .T. ) ;
#8656 = CARTESIAN_POINT ( 'NONE',  ( -0.3138504258964480700, 0.05393047823959145500, 0.0000000000000000000 ) ) ;
#8657 = PLANE ( 'NONE',  #1710 ) ;
#8658 = ADVANCED_FACE ( 'NONE', ( #6561 ), #6652, .T. ) ;
#8659 = LINE ( 'NONE', #4767, #4618 ) ;
#8660 = ORIENTED_EDGE ( 'NONE', *, *, #3338, .F. ) ;
#8661 = LINE ( 'NONE', #6489, #8885 ) ;
#8662 = DIRECTION ( 'NONE',  ( -3.400677691960634400E-015, 1.000000000000000000, 1.141646084010939500E-046 ) ) ;
#8663 = CARTESIAN_POINT ( 'NONE',  ( -0.3121259842519683000, 0.6701574803149607000, -0.3230102407095410400 ) ) ;
#8664 = CARTESIAN_POINT ( 'NONE',  ( -0.3099217144102473500, 0.6721259842519686800, -0.3231889763779528000 ) ) ;
#8665 = AXIS2_PLACEMENT_3D ( 'NONE', #1104, #1051, #7007 ) ;
#8666 = DIRECTION ( 'NONE',  ( -1.000000000000000000, 3.454814795174053600E-015, 0.0000000000000000000 ) ) ;
#8667 = AXIS2_PLACEMENT_3D ( 'NONE', #377, #8631, #3337 ) ;
#8668 = LINE ( 'NONE', #523, #6740 ) ;
#8669 = DIRECTION ( 'NONE',  ( 1.000000000000000000, 3.400677691960634400E-015, 7.973235776786924300E-016 ) ) ;
#8670 = FACE_OUTER_BOUND ( 'NONE', #8611, .T. ) ;
#8671 = CARTESIAN_POINT ( 'NONE',  ( 0.3080505540678222800, 0.6714119681968003800, 0.3258069979148141000 ) ) ;
#8672 = CARTESIAN_POINT ( 'NONE',  ( -0.2362204724409470400, 0.6307874015748017300, 0.08464566929133864000 ) ) ;
#8673 = LINE ( 'NONE', #8640, #1744 ) ;
#8674 = CARTESIAN_POINT ( 'NONE',  ( 0.3101574803149606000, 0.6800000000000001600, -0.3231889763779528000 ) ) ;
#8675 = ORIENTED_EDGE ( 'NONE', *, *, #4121, .T. ) ;
#8676 = EDGE_CURVE ( 'NONE', #728, #2935, #6213, .T. ) ;
#8677 = CARTESIAN_POINT ( 'NONE',  ( 0.3200000000000011200, 0.6689748484444495400, 0.3271959195966534000 ) ) ;
#8678 = CARTESIAN_POINT ( 'NONE',  ( -0.01700000000000001500, 0.009842519685039311000, -0.2900000000000004800 ) ) ;
#8679 = DIRECTION ( 'NONE',  ( -1.000000000000000000, -4.130293990420968900E-015, 0.0000000000000000000 ) ) ;
#8680 = CARTESIAN_POINT ( 'NONE',  ( -0.06699999999999953200, -0.1250000000000002500, -0.1740000000000004600 ) ) ;
#8681 = CARTESIAN_POINT ( 'NONE',  ( -0.1786080575173456500, 0.1786080575173447400, 0.3271259842519687600 ) ) ;
#8682 = VERTEX_POINT ( 'NONE', #918 ) ;
#8683 = AXIS2_PLACEMENT_3D ( 'NONE', #7247, #8880, #4337 ) ;
#8684 = ORIENTED_EDGE ( 'NONE', *, *, #5120, .T. ) ;
#8685 = CARTESIAN_POINT ( 'NONE',  ( 0.3101574803149606000, 0.6701574803149607000, 0.06102362204724406900 ) ) ;
#8686 = DIRECTION ( 'NONE',  ( 0.0000000000000000000, -2.159095364386093200E-045, -1.000000000000000000 ) ) ;
#8687 = ADVANCED_FACE ( 'NONE', ( #5026 ), #6839, .F. ) ;
#8688 = AXIS2_PLACEMENT_3D ( 'NONE', #4984, #4194, #6473 ) ;
#8689 = VECTOR ( 'NONE', #597, 39.37007874015748100 ) ;
#8690 = ORIENTED_EDGE ( 'NONE', *, *, #1305, .T. ) ;
#8691 = EDGE_CURVE ( 'NONE', #8372, #8021, #2472, .T. ) ;
#8692 = ORIENTED_EDGE ( 'NONE', *, *, #147, .F. ) ;
#8693 = CIRCLE ( 'NONE', #36, 0.001968503937007862300 ) ;
#8694 = VERTEX_POINT ( 'NONE', #2191 ) ;
#8695 = DIRECTION ( 'NONE',  ( 7.099813968557893200E-031, -2.087764443346746500E-016, -1.000000000000000000 ) ) ;
#8696 = CARTESIAN_POINT ( 'NONE',  ( -0.1615000000000000300, 0.009842519685038823500, 0.2174999999999995300 ) ) ;
#8697 = ADVANCED_FACE ( 'NONE', ( #8831 ), #6144, .F. ) ;
#8698 = ORIENTED_EDGE ( 'NONE', *, *, #5404, .F. ) ;
#8699 = ORIENTED_EDGE ( 'NONE', *, *, #8312, .T. ) ;
#8700 = ORIENTED_EDGE ( 'NONE', *, *, #9619, .T. ) ;
#8701 = ORIENTED_EDGE ( 'NONE', *, *, #6617, .T. ) ;
#8702 = DIRECTION ( 'NONE',  ( 0.7071067811865537900, 0.7071067811865413600, 7.380623231575677700E-015 ) ) ;
#8703 = VECTOR ( 'NONE', #2430, 39.37007874015748100 ) ;
#8704 = ORIENTED_EDGE ( 'NONE', *, *, #8965, .F. ) ;
#8705 = FACE_OUTER_BOUND ( 'NONE', #7193, .T. ) ;
#8706 = VERTEX_POINT ( 'NONE', #1652 ) ;
#8707 = AXIS2_PLACEMENT_3D ( 'NONE', #5394, #946, #1695 ) ;
#8708 = CARTESIAN_POINT ( 'NONE',  ( -0.3121259842519705200, 1.092739197465705300E-015, 0.0000000000000000000 ) ) ;
#8709 = DIRECTION ( 'NONE',  ( 1.000000000000000000, 0.0000000000000000000, -0.0000000000000000000 ) ) ;
#8710 = LINE ( 'NONE', #2753, #7276 ) ;
#8711 = DIRECTION ( 'NONE',  ( -0.0000000000000000000, -0.0000000000000000000, 1.000000000000000000 ) ) ;
#8712 = CARTESIAN_POINT ( 'NONE',  ( 0.3145144169278284400, 0.6671149738966100100, 0.3331633977070607200 ) ) ;
#8713 = ORIENTED_EDGE ( 'NONE', *, *, #7086, .T. ) ;
#8714 = EDGE_LOOP ( 'NONE', ( #1728, #8396, #6552, #9664 ) ) ;
#8715 = ORIENTED_EDGE ( 'NONE', *, *, #6891, .T. ) ;
#8716 = EDGE_LOOP ( 'NONE', ( #5970, #1583, #7684, #624 ) ) ;
#8717 = EDGE_CURVE ( 'NONE', #758, #5044, #1101, .T. ) ;
#8718 = FACE_OUTER_BOUND ( 'NONE', #63, .T. ) ;
#8719 = VERTEX_POINT ( 'NONE', #8451 ) ;
#8720 = LINE ( 'NONE', #2192, #2133 ) ;
#8721 = VERTEX_POINT ( 'NONE', #8215 ) ;
#8722 = DIRECTION ( 'NONE',  ( -3.454814795174053600E-015, -1.000000000000000000, -1.084202172485541900E-015 ) ) ;
#8723 = VECTOR ( 'NONE', #8114, 39.37007874015748100 ) ;
#8724 = CARTESIAN_POINT ( 'NONE',  ( -0.2362204724409458500, 0.2764566929133841500, 0.1689370078740164700 ) ) ;
#8725 = DIRECTION ( 'NONE',  ( 0.0000000000000000000, 0.0000000000000000000, 1.000000000000000000 ) ) ;
#8726 = EDGE_CURVE ( 'NONE', #3742, #7580, #858, .T. ) ;
#8727 = DIRECTION ( 'NONE',  ( 0.0000000000000000000, -1.000000000000000000, 3.469446951953613800E-015 ) ) ;
#8728 = ORIENTED_EDGE ( 'NONE', *, *, #4815, .F. ) ;
#8729 = CARTESIAN_POINT ( 'NONE',  ( -0.2519685039370078700, 0.6465354330708622500, 0.08464566929133864000 ) ) ;
#8730 = ORIENTED_EDGE ( 'NONE', *, *, #8854, .F. ) ;
#8731 = CARTESIAN_POINT ( 'NONE',  ( 0.3081889763779528400, 0.6701574803149609200, 0.3231889763779511900 ) ) ;
#8732 = EDGE_CURVE ( 'NONE', #2909, #9119, #6800, .T. ) ;
#8733 = EDGE_CURVE ( 'NONE', #5661, #7334, #2805, .T. ) ;
#8734 = LINE ( 'NONE', #5226, #9328 ) ;
#8735 = ORIENTED_EDGE ( 'NONE', *, *, #7747, .T. ) ;
#8736 = ORIENTED_EDGE ( 'NONE', *, *, #1258, .T. ) ;
#8737 = LINE ( 'NONE', #5464, #2937 ) ;
#8738 = ORIENTED_EDGE ( 'NONE', *, *, #6291, .F. ) ;
#8739 = VECTOR ( 'NONE', #8141, 39.37007874015748100 ) ;
#8740 = CARTESIAN_POINT ( 'NONE',  ( 0.3121259842519696300, 0.6699217144102477300, 0.3231889763779529600 ) ) ;
#8741 = CARTESIAN_POINT ( 'NONE',  ( 0.3200000000000021200, 0.02362204724409333900, -0.03972440944882241200 ) ) ;
#8742 = AXIS2_PLACEMENT_3D ( 'NONE', #1225, #7199, #8727 ) ;
#8743 = ORIENTED_EDGE ( 'NONE', *, *, #4502, .F. ) ;
#8744 = CARTESIAN_POINT ( 'NONE',  ( -0.3200000000000020100, 0.07874015748031493200, -0.3349999999999995800 ) ) ;
#8745 = ORIENTED_EDGE ( 'NONE', *, *, #934, .T. ) ;
#8746 = ORIENTED_EDGE ( 'NONE', *, *, #6350, .F. ) ;
#8747 = VECTOR ( 'NONE', #9213, 39.37007874015748100 ) ;
#8748 = CARTESIAN_POINT ( 'NONE',  ( 0.3121259842519705200, 0.05511811023621934100, -0.1224015748031491900 ) ) ;
#8749 = AXIS2_PLACEMENT_3D ( 'NONE', #1940, #436, #5712 ) ;
#8750 = ADVANCED_FACE ( 'NONE', ( #8945 ), #2484, .T. ) ;
#8751 = DIRECTION ( 'NONE',  ( 1.000000000000000000, 0.0000000000000000000, 0.0000000000000000000 ) ) ;
#8752 = CARTESIAN_POINT ( 'NONE',  ( -0.1102362204724409200, 0.6799999999999999400, 0.3231889763779529600 ) ) ;
#8753 = VECTOR ( 'NONE', #8709, 39.37007874015748100 ) ;
#8754 = ORIENTED_EDGE ( 'NONE', *, *, #8466, .T. ) ;
#8755 = CARTESIAN_POINT ( 'NONE',  ( 0.3121259842519705200, 0.05511811023622149900, -0.06531496062992475600 ) ) ;
#8756 = AXIS2_PLACEMENT_3D ( 'NONE', #7794, #9341, #4003 ) ;
#8757 = VERTEX_POINT ( 'NONE', #3226 ) ;
#8758 = PLANE ( 'NONE',  #1300 ) ;
#8759 = LINE ( 'NONE', #106, #4722 ) ;
#8760 = AXIS2_PLACEMENT_3D ( 'NONE', #3899, #4718, #4647 ) ;
#8761 = EDGE_CURVE ( 'NONE', #3675, #5784, #4196, .T. ) ;
#8762 = CARTESIAN_POINT ( 'NONE',  ( -0.3081889763779523900, 0.6662204724409429600, 0.3271259842519668700 ) ) ;
#8763 = SURFACE_STYLE_FILL_AREA ( #7220 ) ;
#8764 = CARTESIAN_POINT ( 'NONE',  ( 0.3178982845064610700, 0.6680618398624081900, -0.3310174633725236300 ) ) ;
#8765 = EDGE_CURVE ( 'NONE', #8288, #8062, #932, .T. ) ;
#8766 = CARTESIAN_POINT ( 'NONE',  ( -0.03299999999999957100, -0.1250000000000001100, -0.2740000000000004700 ) ) ;
#8767 = ORIENTED_EDGE ( 'NONE', *, *, #6162, .T. ) ;
#8768 = CARTESIAN_POINT ( 'NONE',  ( -0.3200000000000020600, 0.05511811023622152600, -0.06531496062992475600 ) ) ;
#8770 = VECTOR ( 'NONE', #8309, 39.37007874015748100 ) ;
#8769 = CARTESIAN_POINT ( 'NONE',  ( 0.3101574803149606000, 0.6721259842519686800, 0.3350000000000001300 ) ) ;
#8771 = EDGE_LOOP ( 'NONE', ( #8829, #3267, #8168, #7536 ) ) ;
#8772 = B_SPLINE_CURVE_WITH_KNOTS ( 'NONE', 3,
 ( #3580, #5057, #2788, #592 ),
 .UNSPECIFIED., .F., .F.,
 ( 4, 4 ),
 ( 0.0000000000000000000, 1.000000000000000000 ),
 .UNSPECIFIED. ) ;
#8773 = CARTESIAN_POINT ( 'NONE',  ( 0.3200994094488202600, 0.05511811023621931300, -0.04759842519685392200 ) ) ;
#8774 = AXIS2_PLACEMENT_3D ( 'NONE', #7878, #399, #454 ) ;
#8775 = ORIENTED_EDGE ( 'NONE', *, *, #8733, .F. ) ;
#8776 = ORIENTED_EDGE ( 'NONE', *, *, #1065, .T. ) ;
#8777 = VECTOR ( 'NONE', #9714, 39.37007874015748100 ) ;
#8778 = DIRECTION ( 'NONE',  ( -1.000000000000000000, -3.400677691960634400E-015, 0.0000000000000000000 ) ) ;
#8779 = EDGE_CURVE ( 'NONE', #7224, #8145, #1772, .T. ) ;
#8780 = ORIENTED_EDGE ( 'NONE', *, *, #757, .T. ) ;
#8781 = DIRECTION ( 'NONE',  ( -3.400677691960634000E-015, 1.000000000000000000, 0.0000000000000000000 ) ) ;
#8782 = CARTESIAN_POINT ( 'NONE',  ( -0.1330000000000000300, 0.009842519685038918900, -0.2740000000000004700 ) ) ;
#8783 = PLANE ( 'NONE',  #5052 ) ;
#8784 = EDGE_LOOP ( 'NONE', ( #71, #7043, #3448, #801 ) ) ;
#8785 = EDGE_CURVE ( 'NONE', #5794, #2513, #7524, .T. ) ;
#8786 = EDGE_LOOP ( 'NONE', ( #4891, #5501, #6087, #1603, #8009, #1243, #7149, #9660, #6550, #2707, #3029, #3809, #1621, #8383, #4846, #5764, #1724, #3265, #3426, #9666, #2279, #261, #1757, #7938, #7809, #1552, #2704, #6738, #4002, #2607 ) ) ;
#8787 = CARTESIAN_POINT ( 'NONE',  ( -0.2519685039370065400, 0.2764566929133841500, 0.08464566929133871000 ) ) ;
#8788 = VECTOR ( 'NONE', #1123, 39.37007874015748100 ) ;
#8789 = CARTESIAN_POINT ( 'NONE',  ( 0.3126315874602379500, 0.6665471498093932200, -0.3343574244550614500 ) ) ;
#8790 = DIRECTION ( 'NONE',  ( 1.000000000000000000, 0.0000000000000000000, 0.0000000000000000000 ) ) ;
#8791 = EDGE_CURVE ( 'NONE', #6470, #3844, #9182, .T. ) ;
#8792 = AXIS2_PLACEMENT_3D ( 'NONE', #6656, #3557, #8907 ) ;
#8793 = FACE_OUTER_BOUND ( 'NONE', #2372, .T. ) ;
#8794 = ADVANCED_FACE ( 'NONE', ( #3720 ), #4698, .F. ) ;
#8795 = DIRECTION ( 'NONE',  ( 1.000000000000000000, 3.400677691960634400E-015, 0.0000000000000000000 ) ) ;
#8796 = DIRECTION ( 'NONE',  ( -3.454814795174053200E-015, -1.000000000000000000, 0.0000000000000000000 ) ) ;
#8797 = CARTESIAN_POINT ( 'NONE',  ( -0.3054050914126511000, 0.6681889763779532700, 0.3271259842519686500 ) ) ;
#8798 = EDGE_CURVE ( 'NONE', #9676, #7802, #1672, .T. ) ;
#8799 = DIRECTION ( 'NONE',  ( 0.0000000000000000000, 0.0000000000000000000, -1.000000000000000000 ) ) ;
#8800 = CARTESIAN_POINT ( 'NONE',  ( 0.1255055738910749700, 0.6307874015748029500, 0.1689370078740164100 ) ) ;
#8801 = ADVANCED_FACE ( 'NONE', ( #7896 ), #5485, .T. ) ;
#8802 = DIRECTION ( 'NONE',  ( -1.000000000000000000, -3.400677691960634000E-015, 3.503246160812042700E-046 ) ) ;
#8803 = EDGE_CURVE ( 'NONE', #3069, #8236, #5388, .T. ) ;
#8804 = DIRECTION ( 'NONE',  ( 0.0000000000000000000, 0.0000000000000000000, 1.000000000000000000 ) ) ;
#8805 = VECTOR ( 'NONE', #3769, 39.37007874015748100 ) ;
#8806 = CARTESIAN_POINT ( 'NONE',  ( 0.3200994094488202600, 0.05511811023621931300, 0.1630314960629886400 ) ) ;
#8807 = LINE ( 'NONE', #8806, #2776 ) ;
#8808 = ORIENTED_EDGE ( 'NONE', *, *, #2473, .F. ) ;
#8809 = EDGE_LOOP ( 'NONE', ( #4782, #9323, #6865, #6068 ) ) ;
#8810 = LENGTH_MEASURE_WITH_UNIT ( LENGTH_MEASURE( 0.02539999999999999900 ), #2696 );
#8811 = VECTOR ( 'NONE', #1704, 39.37007874015748100 ) ;
#8812 = LINE ( 'NONE', #1263, #4774 ) ;
#8813 = DIRECTION ( 'NONE',  ( -3.400677691960634400E-015, 1.000000000000000000, 1.141646084010939500E-046 ) ) ;
#8814 = DIRECTION ( 'NONE',  ( -1.000000000000000000, 3.454814795174053600E-015, -0.0000000000000000000 ) ) ;
#8815 = AXIS2_PLACEMENT_3D ( 'NONE', #3192, #5552, #8552 ) ;
#8816 = EDGE_LOOP ( 'NONE', ( #7087, #3496, #2895, #5407 ) ) ;
#8817 = LINE ( 'NONE', #2203, #9637 ) ;
#8818 = EDGE_CURVE ( 'NONE', #8252, #1116, #7767, .T. ) ;
#8819 = EDGE_CURVE ( 'NONE', #9422, #2685, #5499, .T. ) ;
#8820 = VERTEX_POINT ( 'NONE', #6274 ) ;
#8821 = ORIENTED_EDGE ( 'NONE', *, *, #2653, .F. ) ;
#8822 = VERTEX_POINT ( 'NONE', #2613 ) ;
#8823 = ORIENTED_EDGE ( 'NONE', *, *, #2198, .F. ) ;
#8824 = CARTESIAN_POINT ( 'NONE',  ( 0.08300000000000058700, -0.1603553390593271100, -0.2900000000000004800 ) ) ;
#8825 = CARTESIAN_POINT ( 'NONE',  ( -0.2249999999999985600, -0.4197056274847724100, 0.06799999999999951900 ) ) ;
#8826 = CIRCLE ( 'NONE', #4543, 0.003937007874015724600 ) ;
#8827 = ORIENTED_EDGE ( 'NONE', *, *, #8352, .F. ) ;
#8828 = VECTOR ( 'NONE', #5413, 39.37007874015748900 ) ;
#8829 = ORIENTED_EDGE ( 'NONE', *, *, #5378, .F. ) ;
#8830 = CARTESIAN_POINT ( 'NONE',  ( 0.3200000000000001200, 0.6799999999999999400, 0.1791338582677165500 ) ) ;
#8831 = FACE_OUTER_BOUND ( 'NONE', #1465, .T. ) ;
#8832 = DIRECTION ( 'NONE',  ( 3.454814795174053600E-015, 1.000000000000000000, -0.0000000000000000000 ) ) ;
#8833 =( CONVERSION_BASED_UNIT ( 'INCH', #8810 ) LENGTH_UNIT ( ) NAMED_UNIT ( #6447 ) );
#8834 = ADVANCED_FACE ( 'NONE', ( #3387 ), #9522, .T. ) ;
#8835 = VERTEX_POINT ( 'NONE', #7853 ) ;
#8836 = CARTESIAN_POINT ( 'NONE',  ( -0.1970914870777443500, 0.6707586757664021300, 0.06102362204724409700 ) ) ;
#8837 = LINE ( 'NONE', #7729, #4088 ) ;
#8838 = ORIENTED_EDGE ( 'NONE', *, *, #3010, .T. ) ;
#8839 = ORIENTED_EDGE ( 'NONE', *, *, #7796, .T. ) ;
#8840 = VECTOR ( 'NONE', #8662, 39.37007874015748100 ) ;
#8841 = VERTEX_POINT ( 'NONE', #5806 ) ;
#8842 = DIRECTION ( 'NONE',  ( 0.0000000000000000000, 1.000000000000000000, 0.0000000000000000000 ) ) ;
#8843 = DIRECTION ( 'NONE',  ( 1.000000000000000000, 3.400677691960634400E-015, 0.0000000000000000000 ) ) ;
#8844 = VECTOR ( 'NONE', #9125, 39.37007874015748100 ) ;
#8845 = EDGE_CURVE ( 'NONE', #7528, #1745, #7162, .T. ) ;
#8846 = ORIENTED_EDGE ( 'NONE', *, *, #2677, .T. ) ;
#8847 = VECTOR ( 'NONE', #8910, 39.37007874015748100 ) ;
#8848 = VERTEX_POINT ( 'NONE', #1844 ) ;
#8849 = VERTEX_POINT ( 'NONE', #2 ) ;
#8850 = LINE ( 'NONE', #9246, #8628 ) ;
#8851 = ADVANCED_FACE ( 'NONE', ( #5253 ), #5141, .T. ) ;
#8852 = DIRECTION ( 'NONE',  ( 0.0000000000000000000, -1.000000000000000000, 0.0000000000000000000 ) ) ;
#8853 = DIRECTION ( 'NONE',  ( 6.919777677515237500E-015, 1.000000000000000000, 3.454814795174053600E-015 ) ) ;
#8854 = EDGE_CURVE ( 'NONE', #7192, #2147, #2235, .T. ) ;
#8855 = DIRECTION ( 'NONE',  ( 0.0000000000000000000, -1.000000000000000000, -1.889265384422574500E-016 ) ) ;
#8856 = CYLINDRICAL_SURFACE ( 'NONE', #3878, 0.008858267716535448600 ) ;
#8857 = CARTESIAN_POINT ( 'NONE',  ( -0.3145144169278245600, 0.6671149738966095600, 0.3331633977070631000 ) ) ;
#8858 = EDGE_CURVE ( 'NONE', #601, #3790, #5967, .T. ) ;
#8859 = CIRCLE ( 'NONE', #401, 0.003937007874015724600 ) ;
#8860 = VERTEX_POINT ( 'NONE', #3465 ) ;
#8861 = VECTOR ( 'NONE', #7942, 39.37007874015748100 ) ;
#8862 = DIRECTION ( 'NONE',  ( 3.491481338843120300E-015, 3.666654366911725900E-017, -1.000000000000000000 ) ) ;
#8863 = AXIS2_PLACEMENT_3D ( 'NONE', #310, #433, #4817 ) ;
#8864 = VERTEX_POINT ( 'NONE', #4971 ) ;
#8865 = CIRCLE ( 'NONE', #3987, 0.007874015748031516800 ) ;
#8866 = DIRECTION ( 'NONE',  ( 1.000000000000000000, 0.0000000000000000000, 0.0000000000000000000 ) ) ;
#8867 = DIRECTION ( 'NONE',  ( -0.1736481776669271700, -0.9848077530122086900, 0.0000000000000000000 ) ) ;
#8868 = CARTESIAN_POINT ( 'NONE',  ( -0.3138504258964480700, 0.05393047823959145500, 0.005905511811023646300 ) ) ;
#8869 = CARTESIAN_POINT ( 'NONE',  ( -0.3145144169278245600, 0.6671149738966095600, 0.3331633977070631000 ) ) ;
#8870 = VERTEX_POINT ( 'NONE', #4840 ) ;
#8871 = CARTESIAN_POINT ( 'NONE',  ( 0.2517653116130454400, 0.6721259842519686800, 0.06102362204724409700 ) ) ;
#8872 = B_SPLINE_SURFACE_WITH_KNOTS ( 'NONE', 1, 3, ( 
 ( #9159, #5554, #7080, #6365 ),
 ( #7879, #7852, #8614, #3414 ) ),
 .UNSPECIFIED., .F., .F., .F.,
 ( 2, 2 ),
 ( 4, 4 ),
 ( 0.0000000000000000000, 1.000000000000000000 ),
 ( 0.0000000000000000000, 1.000000000000000000 ),
 .UNSPECIFIED. ) ;
#8873 = EDGE_CURVE ( 'NONE', #8635, #6042, #6436, .T. ) ;
#8874 = VERTEX_POINT ( 'NONE', #5603 ) ;
#8875 = VECTOR ( 'NONE', #6007, 39.37007874015748100 ) ;
#8876 = ORIENTED_EDGE ( 'NONE', *, *, #3696, .T. ) ;
#8877 = LINE ( 'NONE', #1702, #7703 ) ;
#8878 = CARTESIAN_POINT ( 'NONE',  ( 0.2517653116130454400, 0.6327559055118111600, 0.005905511811023646300 ) ) ;
#8879 = DIRECTION ( 'NONE',  ( 1.000000000000000000, 3.400677691960634400E-015, 0.0000000000000000000 ) ) ;
#8880 = DIRECTION ( 'NONE',  ( -1.000000000000000000, -3.400677691960634400E-015, 0.0000000000000000000 ) ) ;
#8881 = AXIS2_PLACEMENT_3D ( 'NONE', #3303, #1973, #4857 ) ;
#8882 = EDGE_LOOP ( 'NONE', ( #5773, #9394, #8133, #5010 ) ) ;
#8883 = VECTOR ( 'NONE', #9288, 39.37007874015748100 ) ;
#8884 = ORIENTED_EDGE ( 'NONE', *, *, #5545, .T. ) ;
#8885 = VECTOR ( 'NONE', #1981, 39.37007874015748100 ) ;
#8886 = EDGE_CURVE ( 'NONE', #2674, #4769, #8710, .T. ) ;
#8887 = PLANE ( 'NONE',  #2725 ) ;
#8888 = DIRECTION ( 'NONE',  ( 1.734723475976817500E-014, -1.000000000000000000, 0.0000000000000000000 ) ) ;
#8889 = EDGE_CURVE ( 'NONE', #2814, #9087, #726, .T. ) ;
#8890 = ADVANCED_FACE ( 'NONE', ( #6667 ), #3962, .T. ) ;
#8891 = DIRECTION ( 'NONE',  ( 0.0000000000000000000, 0.0000000000000000000, 1.000000000000000000 ) ) ;
#8892 = CARTESIAN_POINT ( 'NONE',  ( 0.3071149738966091900, 0.6702974565612457300, -0.3265137834876546400 ) ) ;
#8893 = ORIENTED_EDGE ( 'NONE', *, *, #1504, .T. ) ;
#8894 = FACE_OUTER_BOUND ( 'NONE', #599, .T. ) ;
#8895 = CARTESIAN_POINT ( 'NONE',  ( -0.3065408851797152300, 0.6696701697817680800, 0.3269115875406811700 ) ) ;
#8896 = CARTESIAN_POINT ( 'NONE',  ( 0.3065405905235225000, 0.6726315907076684300, -0.3343574223956523600 ) ) ;
#8897 = AXIS2_PLACEMENT_3D ( 'NONE', #6628, #2158, #7 ) ;
#8898 = CARTESIAN_POINT ( 'NONE',  ( 0.3081889763779540600, 0.6654050914126516900, 0.3271259842519685900 ) ) ;
#8899 = VECTOR ( 'NONE', #3812, 39.37007874015748100 ) ;
#8900 = ADVANCED_FACE ( 'NONE', ( #3491 ), #7158, .F. ) ;
#8901 = CARTESIAN_POINT ( 'NONE',  ( 0.3200000000000000100, 0.6701574803149607000, -0.3230102407095416500 ) ) ;
#8902 = DIRECTION ( 'NONE',  ( -0.0000000000000000000, -0.0000000000000000000, -1.000000000000000000 ) ) ;
#8903 = EDGE_CURVE ( 'NONE', #322, #5803, #5860, .T. ) ;
#8904 =( NAMED_UNIT ( * ) PLANE_ANGLE_UNIT ( ) SI_UNIT ( $, .RADIAN. ) );
#8905 = PLANE ( 'NONE',  #4940 ) ;
#8906 = CARTESIAN_POINT ( 'NONE',  ( 0.3101574803149606000, 0.6800000000000001600, -0.3230102407095416000 ) ) ;
#8907 = DIRECTION ( 'NONE',  ( 0.0000000000000000000, -1.000000000000000000, -3.717264591378872800E-015 ) ) ;
#8908 = VECTOR ( 'NONE', #3216, 39.37007874015748100 ) ;
#8909 = EDGE_CURVE ( 'NONE', #2909, #2355, #4675, .T. ) ;
#8910 = DIRECTION ( 'NONE',  ( 1.000000000000000000, 3.400677691960634400E-015, 0.0000000000000000000 ) ) ;
#8911 = ORIENTED_EDGE ( 'NONE', *, *, #960, .F. ) ;
#8912 = CARTESIAN_POINT ( 'NONE',  ( -1.248692419008931200, -0.1250000000000042500, 0.2561023622047228800 ) ) ;
#8913 = CARTESIAN_POINT ( 'NONE',  ( -0.3081889763779596700, 0.07874015748031487600, -0.3271259842519683200 ) ) ;
#8914 = DIRECTION ( 'NONE',  ( 1.000000000000000000, 0.0000000000000000000, 0.0000000000000000000 ) ) ;
#8915 = CARTESIAN_POINT ( 'NONE',  ( 0.3121259842519713000, -0.1649999999999989500, -0.09559574050686713000 ) ) ;
#8916 = ADVANCED_FACE ( 'NONE', ( #3023 ), #8002, .T. ) ;
#8917 = ORIENTED_EDGE ( 'NONE', *, *, #2198, .T. ) ;
#8918 = AXIS2_PLACEMENT_3D ( 'NONE', #991, #6170, #6906 ) ;
#8919 = CARTESIAN_POINT ( 'NONE',  ( 0.3081889763779480700, 0.6654050914126514700, -0.3349999999999999100 ) ) ;
#8920 = CARTESIAN_POINT ( 'NONE',  ( 0.3102974565612454100, 0.6671149738966099000, 0.3265137834876555300 ) ) ;
#8921 = CIRCLE ( 'NONE', #8667, 0.007874015748031497700 ) ;
#8922 = CARTESIAN_POINT ( 'NONE',  ( 0.3121259842519696300, 0.07874015748031269700, -0.3231889763779527400 ) ) ;
#8923 = ORIENTED_EDGE ( 'NONE', *, *, #9595, .T. ) ;
#8924 = LINE ( 'NONE', #4492, #6900 ) ;
#8925 = CARTESIAN_POINT ( 'NONE',  ( 0.3200000000000015100, 0.06299212598425088500, 0.3231889763779528500 ) ) ;
#8926 = PLANE ( 'NONE',  #5757 ) ;
#8927 = AXIS2_PLACEMENT_3D ( 'NONE', #6945, #6168, #278 ) ;
#8928 = ADVANCED_FACE ( 'NONE', ( #2915 ), #252, .T. ) ;
#8929 = VERTEX_POINT ( 'NONE', #4897 ) ;
#8930 = DIRECTION ( 'NONE',  ( 1.000000000000000000, 3.400677691960634000E-015, 0.0000000000000000000 ) ) ;
#8931 = DIRECTION ( 'NONE',  ( -0.0000000000000000000, 2.980685259443202000E-045, 1.000000000000000000 ) ) ;
#8932 = CARTESIAN_POINT ( 'NONE',  ( -0.3121259842519705800, 0.009842519685035111200, 0.3133464566929117800 ) ) ;
#8933 = VECTOR ( 'NONE', #8814, 39.37007874015748100 ) ;
#8934 = CARTESIAN_POINT ( 'NONE',  ( -0.2362204724409458500, 0.2764566929133841500, -0.1066535433070859000 ) ) ;
#8935 = EDGE_CURVE ( 'NONE', #9087, #6948, #7663, .T. ) ;
#8936 = EDGE_LOOP ( 'NONE', ( #1266, #4082, #8254, #5441 ) ) ;
#8937 = ORIENTED_EDGE ( 'NONE', *, *, #1167, .F. ) ;
#8938 = EDGE_LOOP ( 'NONE', ( #513, #7050, #9421, #970 ) ) ;
#8939 = ORIENTED_EDGE ( 'NONE', *, *, #4470, .T. ) ;
#8940 = EDGE_CURVE ( 'NONE', #6300, #282, #8005, .T. ) ;
#8941 = FACE_OUTER_BOUND ( 'NONE', #9005, .T. ) ;
#8942 = ORIENTED_EDGE ( 'NONE', *, *, #2827, .F. ) ;
#8943 = VECTOR ( 'NONE', #1007, 39.37007874015748100 ) ;
#8944 = ORIENTED_EDGE ( 'NONE', *, *, #2871, .T. ) ;
#8945 = FACE_OUTER_BOUND ( 'NONE', #4673, .T. ) ;
#8946 = DIRECTION ( 'NONE',  ( -3.400677691960634400E-015, 1.000000000000000000, 1.126006764857040700E-045 ) ) ;
#8947 = CARTESIAN_POINT ( 'NONE',  ( 0.3121259842519705800, 0.03937007874015633500, -0.1775196850393696800 ) ) ;
#8948 = ORIENTED_EDGE ( 'NONE', *, *, #5514, .F. ) ;
#8949 = ORIENTED_EDGE ( 'NONE', *, *, #1412, .T. ) ;
#8950 = ORIENTED_EDGE ( 'NONE', *, *, #7565, .T. ) ;
#8951 = DIRECTION ( 'NONE',  ( -3.491481338843170400E-015, -6.946296134017124300E-015, 1.000000000000000000 ) ) ;
#8952 = ORIENTED_EDGE ( 'NONE', *, *, #1185, .T. ) ;
#8953 = CARTESIAN_POINT ( 'NONE',  ( 0.3065408851797151200, 0.6696701697817677400, -0.3269115875406811700 ) ) ;
#8954 = STYLED_ITEM ( 'NONE', ( #388 ), #8455 ) ;
#8955 = CIRCLE ( 'NONE', #901, 0.03937007874015751400 ) ;
#8956 = EDGE_LOOP ( 'NONE', ( #7044, #122, #4889, #2671 ) ) ;
#8957 = VECTOR ( 'NONE', #2068, 39.37007874015748100 ) ;
#8958 = ORIENTED_EDGE ( 'NONE', *, *, #3782, .F. ) ;
#8959 = EDGE_CURVE ( 'NONE', #4220, #8500, #41, .T. ) ;
#8960 = CARTESIAN_POINT ( 'NONE',  ( 3.551402391763542400E-015, -1.092739197465705300E-015, 0.3349999999999989700 ) ) ;
#8961 = ORIENTED_EDGE ( 'NONE', *, *, #1250, .F. ) ;
#8962 = B_SPLINE_CURVE_WITH_KNOTS ( 'NONE', 3,
 ( #9145, #6742, #3748, #2320 ),
 .UNSPECIFIED., .F., .F.,
 ( 4, 4 ),
 ( 0.0000000000000000000, 1.000000000000000000 ),
 .UNSPECIFIED. ) ;
#8963 = ORIENTED_EDGE ( 'NONE', *, *, #7828, .T. ) ;
#8964 = CARTESIAN_POINT ( 'NONE',  ( 0.0000000000000000000, 0.5618897637795271500, -0.3271259842519684800 ) ) ;
#8965 = EDGE_CURVE ( 'NONE', #1449, #6236, #5626, .T. ) ;
#8966 = CIRCLE ( 'NONE', #201, 0.008858267716535422500 ) ;
#8967 = VERTEX_POINT ( 'NONE', #1164 ) ;
#8969 = EDGE_LOOP ( 'NONE', ( #9192, #3281, #9439, #8004 ) ) ;
#8968 = CARTESIAN_POINT ( 'NONE',  ( 0.3200994094488200900, 0.02362204724409333900, 0.1453149606299177500 ) ) ;
#8970 = LINE ( 'NONE', #4395, #1004 ) ;
#8971 = ORIENTED_EDGE ( 'NONE', *, *, #1589, .T. ) ;
#8972 = DIRECTION ( 'NONE',  ( 0.0000000000000000000, -4.218116895464020600E-045, 1.000000000000000000 ) ) ;
#8973 = LINE ( 'NONE', #1192, #5411 ) ;
#8974 = EDGE_CURVE ( 'NONE', #2748, #5617, #22, .T. ) ;
#8975 = EDGE_CURVE ( 'NONE', #3415, #8864, #2004, .T. ) ;
#8976 = CARTESIAN_POINT ( 'NONE',  ( -0.1364999999999994600, -0.1603553390593278600, 0.2174999999999995300 ) ) ;
#8977 = VERTEX_POINT ( 'NONE', #8731 ) ;
#8978 = ADVANCED_FACE ( 'NONE', ( #9297 ), #6465, .F. ) ;
#8979 = ORIENTED_EDGE ( 'NONE', *, *, #9318, .F. ) ;
#8980 = ORIENTED_EDGE ( 'NONE', *, *, #9477, .T. ) ;
#8981 = CARTESIAN_POINT ( 'NONE',  ( 0.3200000000000021700, 1.092739197465705300E-015, -0.1224015748031491900 ) ) ;
#8982 = DIRECTION ( 'NONE',  ( 0.0000000000000000000, -2.255523494348928600E-045, -1.000000000000000000 ) ) ;
#8983 = CARTESIAN_POINT ( 'NONE',  ( 0.1991058788142260100, 0.5618897637795281500, 0.3350000000000013500 ) ) ;
#8984 = ORIENTED_EDGE ( 'NONE', *, *, #3005, .T. ) ;
#8985 =( LENGTH_UNIT ( ) NAMED_UNIT ( * ) SI_UNIT ( $, .METRE. ) );
#8986 = ADVANCED_FACE ( 'NONE', ( #2452 ), #3851, .T. ) ;
#8987 = AXIS2_PLACEMENT_3D ( 'NONE', #5384, #1628, #2388 ) ;
#8988 = CARTESIAN_POINT ( 'NONE',  ( 0.3121259842519696300, 0.6699217144102477300, 0.3231889763779529600 ) ) ;
#8989 = EDGE_CURVE ( 'NONE', #1449, #9541, #3264, .T. ) ;
#8990 = EDGE_LOOP ( 'NONE', ( #1779, #4359, #9166, #1049 ) ) ;
#8991 = VECTOR ( 'NONE', #3865, 39.37007874015748900 ) ;
#8992 = CARTESIAN_POINT ( 'NONE',  ( -0.3121259842519705200, 1.092739197465705300E-015, 0.2811417322834610700 ) ) ;
#8993 = AXIS2_PLACEMENT_3D ( 'NONE', #2913, #5915, #9000 ) ;
#8994 = VERTEX_POINT ( 'NONE', #614 ) ;
#8995 = CIRCLE ( 'NONE', #9680, 0.003937007874015724600 ) ;
#8996 = FILL_AREA_STYLE_COLOUR ( '', #7287 ) ;
#8997 = VERTEX_POINT ( 'NONE', #2146 ) ;
#8998 = ADVANCED_FACE ( 'NONE', ( #2334 ), #7125, .F. ) ;
#8999 = LINE ( 'NONE', #5928, #5081 ) ;
#9000 = DIRECTION ( 'NONE',  ( 0.9848077530122088000, -0.1736481776669265000, 0.0000000000000000000 ) ) ;
#9001 = CARTESIAN_POINT ( 'NONE',  ( -0.1255055738910780500, 0.2764566929133845400, 0.2399521717798883400 ) ) ;
#9002 = CARTESIAN_POINT ( 'NONE',  ( -0.3121259842519704700, 0.05511811023622149900, -0.1224015748031491900 ) ) ;
#9003 = PLANE ( 'NONE',  #8415 ) ;
#9004 = EDGE_CURVE ( 'NONE', #1435, #7353, #1659, .T. ) ;
#9005 = EDGE_LOOP ( 'NONE', ( #6547, #2563, #3460, #6665 ) ) ;
#9006 = CARTESIAN_POINT ( 'NONE',  ( -0.3060960341404463900, 0.05256316975402509200, 0.0000000000000000000 ) ) ;
#9007 = FACE_OUTER_BOUND ( 'NONE', #7872, .T. ) ;
#9008 = ORIENTED_EDGE ( 'NONE', *, *, #4883, .T. ) ;
#9009 = DIRECTION ( 'NONE',  ( -1.000000000000000000, -3.414809992080327900E-015, -1.751623080406021300E-046 ) ) ;
#9010 = ORIENTED_EDGE ( 'NONE', *, *, #4753, .T. ) ;
#9011 = LINE ( 'NONE', #2043, #7234 ) ;
#9012 = EDGE_CURVE ( 'NONE', #5792, #1133, #8205, .T. ) ;
#9013 =( NAMED_UNIT ( * ) SI_UNIT ( $, .STERADIAN. ) SOLID_ANGLE_UNIT ( ) );
#9014 = PLANE ( 'NONE',  #6318 ) ;
#9015 = FILL_AREA_STYLE_COLOUR ( '', #2517 ) ;
#9016 = DIRECTION ( 'NONE',  ( -1.000000000000000000, 2.201984610277743200E-016, 1.100992305138869400E-016 ) ) ;
#9017 = ADVANCED_FACE ( 'NONE', ( #7646 ), #9634, .F. ) ;
#9018 = LINE ( 'NONE', #3291, #7368 ) ;
#9019 = ORIENTED_EDGE ( 'NONE', *, *, #1015, .T. ) ;
#9020 = DIRECTION ( 'NONE',  ( -0.0000000000000000000, -1.000000000000000000, -0.0000000000000000000 ) ) ;
#9021 = ORIENTED_EDGE ( 'NONE', *, *, #9467, .T. ) ;
#9022 = CARTESIAN_POINT ( 'NONE',  ( 0.2696850393700787100, 0.6721259842519685700, -0.001968503937007842300 ) ) ;
#9023 = AXIS2_PLACEMENT_3D ( 'NONE', #8634, #2633, #6351 ) ;
#9024 = CARTESIAN_POINT ( 'NONE',  ( 0.3096701697817674200, 0.6665408851797153300, 0.3269115875406817300 ) ) ;
#9025 = AXIS2_PLACEMENT_3D ( 'NONE', #992, #213, #5447 ) ;
#9026 = CARTESIAN_POINT ( 'NONE',  ( 0.3071149738966091900, 0.6702974565612457300, -0.3265137834876546400 ) ) ;
#9027 = DIRECTION ( 'NONE',  ( 0.0000000000000000000, 0.0000000000000000000, 1.000000000000000000 ) ) ;
#9028 = ADVANCED_FACE ( 'NONE', ( #1991 ), #6595, .F. ) ;
#9029 = EDGE_CURVE ( 'NONE', #2604, #5873, #4181, .T. ) ;
#9030 = CARTESIAN_POINT ( 'NONE',  ( -0.3121259842519703000, 0.07874015748031708300, -0.3133464566929130000 ) ) ;
#9031 =( CONVERSION_BASED_UNIT ( 'INCH', #2847 ) LENGTH_UNIT ( ) NAMED_UNIT ( #727 ) );
#9032 = CARTESIAN_POINT ( 'NONE',  ( 0.1615000000000000300, 0.009842519685039916400, 0.2174999999999995500 ) ) ;
#9033 = FACE_OUTER_BOUND ( 'NONE', #6702, .T. ) ;
#9034 = EDGE_CURVE ( 'NONE', #8719, #8757, #6785, .T. ) ;
#9035 = EDGE_CURVE ( 'NONE', #2795, #3963, #4779, .T. ) ;
#9036 = CARTESIAN_POINT ( 'NONE',  ( -0.2699999999999995200, -0.1250000000000009400, 0.06799999999999951900 ) ) ;
#9037 = EDGE_CURVE ( 'NONE', #80, #7280, #1490, .T. ) ;
#9038 = ADVANCED_FACE ( 'NONE', ( #5957 ), #5870, .F. ) ;
#9039 = SURFACE_SIDE_STYLE ('',( #9677 ) ) ;
#9040 = VECTOR ( 'NONE', #82, 39.37007874015748100 ) ;
#9041 = PLANE ( 'NONE',  #6836 ) ;
#9042 = B_SPLINE_SURFACE_WITH_KNOTS ( 'NONE', 1, 3, ( 
 ( #6040, #8310, #3760, #933 ),
 ( #5348, #8377, #9127, #799 ) ),
 .UNSPECIFIED., .F., .F., .F.,
 ( 2, 2 ),
 ( 4, 4 ),
 ( 0.0000000000000000000, 1.000000000000000000 ),
 ( 0.0000000000000000000, 1.000000000000000000 ),
 .UNSPECIFIED. ) ;
#9043 = DIRECTION ( 'NONE',  ( -1.000000000000000000, -3.454814795174053200E-015, 0.0000000000000000000 ) ) ;
#9044 = AXIS2_PLACEMENT_3D ( 'NONE', #6378, #9446, #8679 ) ;
#9045 = EDGE_LOOP ( 'NONE', ( #3883, #4375, #2820, #969 ) ) ;
#9046 = VECTOR ( 'NONE', #7134, 39.37007874015748100 ) ;
#9047 = DIRECTION ( 'NONE',  ( 3.454814795174053600E-015, 1.000000000000000000, 0.0000000000000000000 ) ) ;
#9048 = VECTOR ( 'NONE', #7766, 39.37007874015748100 ) ;
#9049 = DIRECTION ( 'NONE',  ( 1.000000000000000000, -3.454814795174053200E-015, -0.0000000000000000000 ) ) ;
#9050 = CIRCLE ( 'NONE', #5117, 0.06000000000000001200 ) ;
#9051 = CARTESIAN_POINT ( 'NONE',  ( 0.1830000000000000800, 0.009842519685039994400, -0.2900000000000004800 ) ) ;
#9052 = ORIENTED_EDGE ( 'NONE', *, *, #381, .T. ) ;
#9053 = DIRECTION ( 'NONE',  ( 1.000000000000000000, 0.0000000000000000000, 0.0000000000000000000 ) ) ;
#9054 = CARTESIAN_POINT ( 'NONE',  ( 0.2696850393700787100, 0.6721259842519685700, -0.1248031496062992400 ) ) ;
#9055 = ORIENTED_EDGE ( 'NONE', *, *, #1671, .F. ) ;
#9056 = ORIENTED_EDGE ( 'NONE', *, *, #722, .F. ) ;
#9057 = EDGE_LOOP ( 'NONE', ( #5507, #5533, #6679, #248, #5271, #640, #3833, #2679, #3099 ) ) ;
#9058 = ORIENTED_EDGE ( 'NONE', *, *, #8761, .F. ) ;
#9059 = VECTOR ( 'NONE', #3545, 39.37007874015748100 ) ;
#9060 = EDGE_LOOP ( 'NONE', ( #8660, #4709, #4827, #9055 ) ) ;
#9061 = VECTOR ( 'NONE', #5474, 39.37007874015748900 ) ;
#9062 = DIRECTION ( 'NONE',  ( -1.000000000000000000, 1.221525339466146400E-016, 0.0000000000000000000 ) ) ;
#9063 = DIRECTION ( 'NONE',  ( 0.0000000000000000000, -3.717264591378872800E-015, 1.000000000000000000 ) ) ;
#9064 = ORIENTED_EDGE ( 'NONE', *, *, #9209, .T. ) ;
#9065 = PLANE ( 'NONE',  #1874 ) ;
#9066 = CYLINDRICAL_SURFACE ( 'NONE', #1727, 0.007874015748031516800 ) ;
#9067 = EDGE_CURVE ( 'NONE', #7281, #5328, #473, .T. ) ;
#9068 = DIRECTION ( 'NONE',  ( -0.0000000000000000000, -0.9428090415820591400, -0.3333333333333450300 ) ) ;
#9069 = ORIENTED_EDGE ( 'NONE', *, *, #549, .T. ) ;
#9070 = VERTEX_POINT ( 'NONE', #2179 ) ;
#9071 = ORIENTED_EDGE ( 'NONE', *, *, #350, .T. ) ;
#9072 = FACE_OUTER_BOUND ( 'NONE', #207, .T. ) ;
#9073 = ORIENTED_EDGE ( 'NONE', *, *, #4524, .F. ) ;
#9074 = ORIENTED_EDGE ( 'NONE', *, *, #6190, .T. ) ;
#9075 = FACE_OUTER_BOUND ( 'NONE', #1666, .T. ) ;
#9076 = VERTEX_POINT ( 'NONE', #8172 ) ;
#9077 = DIRECTION ( 'NONE',  ( 0.0000000000000000000, -1.000000000000000000, 0.0000000000000000000 ) ) ;
#9078 = DIRECTION ( 'NONE',  ( -1.000000000000000000, -3.400677691960634000E-015, 3.503246160812042700E-046 ) ) ;
#9079 = LINE ( 'NONE', #6996, #3400 ) ;
#9080 = ADVANCED_FACE ( 'NONE', ( #3949 ), #1087, .T. ) ;
#9081 = CARTESIAN_POINT ( 'NONE',  ( 0.1365000000000006200, -0.1603553390593269500, 0.2174999999999995500 ) ) ;
#9082 = AXIS2_PLACEMENT_3D ( 'NONE', #5149, #7457, #6167 ) ;
#9083 = ORIENTED_EDGE ( 'NONE', *, *, #1083, .T. ) ;
#9084 = EDGE_CURVE ( 'NONE', #256, #4451, #8817, .T. ) ;
#9085 = CIRCLE ( 'NONE', #4592, 0.009842519685039378600 ) ;
#9086 = ORIENTED_EDGE ( 'NONE', *, *, #4503, .T. ) ;
#9087 = VERTEX_POINT ( 'NONE', #6033 ) ;
#9088 = VECTOR ( 'NONE', #2977, 39.37007874015748100 ) ;
#9089 = ORIENTED_EDGE ( 'NONE', *, *, #4648, .T. ) ;
#9090 = CIRCLE ( 'NONE', #4047, 0.007874015748031449100 ) ;
#9091 = CARTESIAN_POINT ( 'NONE',  ( 0.3081889763779528400, 0.6701574803149605900, -0.3271259842519685400 ) ) ;
#9092 = DIRECTION ( 'NONE',  ( 0.0000000000000000000, 0.0000000000000000000, -1.000000000000000000 ) ) ;
#9093 = EDGE_CURVE ( 'NONE', #1899, #8841, #2901, .T. ) ;
#9094 = ADVANCED_FACE ( 'NONE', ( #2791 ), #6637, .F. ) ;
#9095 = DIRECTION ( 'NONE',  ( 1.000000000000000000, 0.0000000000000000000, 0.0000000000000000000 ) ) ;
#9096 = ORIENTED_EDGE ( 'NONE', *, *, #8551, .F. ) ;
#9097 = CYLINDRICAL_SURFACE ( 'NONE', #4607, 0.007874015748031497700 ) ;
#9098 = CARTESIAN_POINT ( 'NONE',  ( 0.3121259842519707500, 0.009842519685040438500, -0.2916929133858263100 ) ) ;
#9099 = CARTESIAN_POINT ( 'NONE',  ( 0.1255055738910749700, 0.6307874015748029500, 0.1689370078740164100 ) ) ;
#9100 = EDGE_CURVE ( 'NONE', #5207, #1103, #6422, .T. ) ;
#9101 = ORIENTED_EDGE ( 'NONE', *, *, #9084, .F. ) ;
#9102 = LINE ( 'NONE', #9716, #7088 ) ;
#9103 = DIRECTION ( 'NONE',  ( -0.0000000000000000000, -0.0000000000000000000, -1.000000000000000000 ) ) ;
#9104 = CARTESIAN_POINT ( 'NONE',  ( -0.3200000000000000600, 0.6701574803149607000, 0.3230102407095417600 ) ) ;
#9105 = DIRECTION ( 'NONE',  ( 1.000000000000000000, 3.400677691960634000E-015, 8.758115402030106700E-047 ) ) ;
#9106 = DIRECTION ( 'NONE',  ( 1.000000000000000000, 0.0000000000000000000, 0.0000000000000000000 ) ) ;
#9107 = CARTESIAN_POINT ( 'NONE',  ( 0.3200994094488202000, 0.03937007874015635600, 0.1630314960629886100 ) ) ;
#9108 = VERTEX_POINT ( 'NONE', #5202 ) ;
#9109 = LINE ( 'NONE', #7354, #3081 ) ;
#9110 = PLANE ( 'NONE',  #567 ) ;
#9111 = ORIENTED_EDGE ( 'NONE', *, *, #2810, .T. ) ;
#9112 = LINE ( 'NONE', #3151, #7582 ) ;
#9113 = ORIENTED_EDGE ( 'NONE', *, *, #7373, .F. ) ;
#9114 = FACE_OUTER_BOUND ( 'NONE', #5467, .T. ) ;
#9115 = PLANE ( 'NONE',  #8484 ) ;
#9116 = CARTESIAN_POINT ( 'NONE',  ( 0.3071149738966094700, 0.6745144169278315400, 0.3331633977070583800 ) ) ;
#9117 = CARTESIAN_POINT ( 'NONE',  ( 0.3121259842519696300, 0.6699217144102483900, -0.3231889763779527400 ) ) ;
#9118 = EDGE_CURVE ( 'NONE', #32, #1447, #7881, .T. ) ;
#9119 = VERTEX_POINT ( 'NONE', #5929 ) ;
#9120 = VECTOR ( 'NONE', #3881, 39.37007874015748100 ) ;
#9121 = EDGE_LOOP ( 'NONE', ( #7560, #6539, #7564, #2356 ) ) ;
#9122 = LINE ( 'NONE', #708, #4136 ) ;
#9123 = UNCERTAINTY_MEASURE_WITH_UNIT (LENGTH_MEASURE( 1.000000000000000100E-005 ), #9031, 'distance_accuracy_value', 'NONE');
#9124 = VERTEX_POINT ( 'NONE', #8369 ) ;
#9125 = DIRECTION ( 'NONE',  ( 1.000000000000000000, 2.988429361867319300E-017, -0.0000000000000000000 ) ) ;
#9126 = DIRECTION ( 'NONE',  ( -3.400677691960634400E-015, 1.000000000000000000, 1.141646084010939500E-046 ) ) ;
#9127 = CARTESIAN_POINT ( 'NONE',  ( -0.3096701697817667600, 0.6665408851797158800, -0.3269115875406818900 ) ) ;
#9128 = EDGE_CURVE ( 'NONE', #7989, #6854, #9406, .T. ) ;
#9129 = EDGE_CURVE ( 'NONE', #6455, #5044, #5377, .T. ) ;
#9130 = ORIENTED_EDGE ( 'NONE', *, *, #4520, .F. ) ;
#9131 = CARTESIAN_POINT ( 'NONE',  ( 0.3121259842519707500, 1.058591097544902100E-015, 0.3072834645669275700 ) ) ;
#9132 = CARTESIAN_POINT ( 'NONE',  ( -0.3200000000000015100, 0.06299212598425306400, 0.3231889763779529600 ) ) ;
#9133 = CYLINDRICAL_SURFACE ( 'NONE', #4036, 0.008858267716535422500 ) ;
#9134 = SURFACE_STYLE_USAGE ( .BOTH. , #3092 ) ;
#9135 = ADVANCED_FACE ( 'NONE', ( #8594 ), #240, .T. ) ;
#9136 = EDGE_CURVE ( 'NONE', #721, #8503, #712, .T. ) ;
#9137 = CARTESIAN_POINT ( 'NONE',  ( 0.3127409429929005600, 0.6800000000000001600, -0.3222763607591331800 ) ) ;
#9138 = CYLINDRICAL_SURFACE ( 'NONE', #5359, 0.007874015748031497700 ) ;
#9139 = CARTESIAN_POINT ( 'NONE',  ( 0.2249999999999999500, 0.009842519685040129800, 0.06799999999999951900 ) ) ;
#9140 = ORIENTED_EDGE ( 'NONE', *, *, #5514, .T. ) ;
#9141 = AXIS2_PLACEMENT_3D ( 'NONE', #1141, #4845, #6327 ) ;
#9142 = ADVANCED_FACE ( 'NONE', ( #6546 ), #4478, .F. ) ;
#9143 = CARTESIAN_POINT ( 'NONE',  ( -0.3200000000000020600, 0.05511811023622152600, -0.06531496062992475600 ) ) ;
#9144 = EDGE_CURVE ( 'NONE', #7042, #4451, #6905, .T. ) ;
#9145 = CARTESIAN_POINT ( 'NONE',  ( -0.3099217144102473500, 0.6721259842519686800, -0.3231889763779528000 ) ) ;
#9146 = VECTOR ( 'NONE', #6333, 39.37007874015748100 ) ;
#9147 = CARTESIAN_POINT ( 'NONE',  ( 0.1170000000000004400, -0.1249999999999996100, -0.1900000000000004700 ) ) ;
#9148 = DIRECTION ( 'NONE',  ( 0.0000000000000000000, -1.000000000000000000, 0.0000000000000000000 ) ) ;
#9149 = CARTESIAN_POINT ( 'NONE',  ( -0.1365000000000000400, 0.009842519685038910200, 0.2174999999999995300 ) ) ;
#9150 = DIRECTION ( 'NONE',  ( 0.0000000000000000000, 0.0000000000000000000, -1.000000000000000000 ) ) ;
#9151 = DIRECTION ( 'NONE',  ( -3.454814795174053600E-015, -1.000000000000000000, 0.0000000000000000000 ) ) ;
#9152 = AXIS2_PLACEMENT_3D ( 'NONE', #7502, #1548, #8246 ) ;
#9153 = CARTESIAN_POINT ( 'NONE',  ( 0.3080618398624078200, 0.6778982845064633900, 0.3310174633725182500 ) ) ;
#9154 = EDGE_LOOP ( 'NONE', ( #203, #7064, #1090, #1014 ) ) ;
#9155 = EDGE_LOOP ( 'NONE', ( #5752, #4340, #5643, #9008 ) ) ;
#9156 = VERTEX_POINT ( 'NONE', #7532 ) ;
#9157 = CARTESIAN_POINT ( 'NONE',  ( -0.3101574803149618800, 0.6800000000000001600, -0.3230102407095411000 ) ) ;
#9158 = CARTESIAN_POINT ( 'NONE',  ( -0.1443569553805790800, 0.5389238845144347400, -0.01479002624671836900 ) ) ;
#9159 = CARTESIAN_POINT ( 'NONE',  ( 0.3071149738966095800, 0.6745144169278312100, -0.3331633977070582700 ) ) ;
#9160 = VECTOR ( 'NONE', #4643, 39.37007874015748100 ) ;
#9161 = ORIENTED_EDGE ( 'NONE', *, *, #2143, .T. ) ;
#9162 = VERTEX_POINT ( 'NONE', #3751 ) ;
#9163 = LINE ( 'NONE', #2090, #2213 ) ;
#9164 = PRESENTATION_STYLE_ASSIGNMENT (( #3684 ) ) ;
#9165 = EDGE_CURVE ( 'NONE', #3134, #4217, #2108, .T. ) ;
#9166 = ORIENTED_EDGE ( 'NONE', *, *, #4183, .F. ) ;
#9167 = LINE ( 'NONE', #9081, #8360 ) ;
#9168 = DIRECTION ( 'NONE',  ( 1.000000000000000000, -2.201984610277743200E-016, -1.100992305138869400E-016 ) ) ;
#9169 = CARTESIAN_POINT ( 'NONE',  ( -0.3071149738966094700, 0.6702974565612457300, -0.3265137834876546400 ) ) ;
#9170 = CARTESIAN_POINT ( 'NONE',  ( 0.01700000000000056000, -0.1603553390593273600, -0.1740000000000004900 ) ) ;
#9171 = DIRECTION ( 'NONE',  ( 1.000000000000000000, 3.400677691960634400E-015, 1.313717310304516000E-046 ) ) ;
#9172 = ORIENTED_EDGE ( 'NONE', *, *, #5725, .T. ) ;
#9173 = ORIENTED_EDGE ( 'NONE', *, *, #4862, .F. ) ;
#9174 = VERTEX_POINT ( 'NONE', #850 ) ;
#9175 = DIRECTION ( 'NONE',  ( -1.000000000000000000, 3.454814795174053600E-015, 0.0000000000000000000 ) ) ;
#9176 = AXIS2_PLACEMENT_3D ( 'NONE', #5268, #5209, #8418 ) ;
#9177 = COLOUR_RGB ( '',0.7921568627450980000, 0.8196078431372548800, 0.9333333333333333500 ) ;
#9178 = EDGE_CURVE ( 'NONE', #775, #6950, #9167, .T. ) ;
#9179 = ORIENTED_EDGE ( 'NONE', *, *, #6724, .T. ) ;
#9180 = FACE_OUTER_BOUND ( 'NONE', #6911, .T. ) ;
#9181 = EDGE_LOOP ( 'NONE', ( #5247, #1020, #7172, #1567 ) ) ;
#9182 = LINE ( 'NONE', #6980, #3616 ) ;
#9183 = CARTESIAN_POINT ( 'NONE',  ( -0.3104184935182630100, 0.6659729154998697000, -0.3350000000000013500 ) ) ;
#9184 = VERTEX_POINT ( 'NONE', #1579 ) ;
#9185 = DIRECTION ( 'NONE',  ( 1.872858853231386600E-030, 5.421010862427524100E-016, 1.000000000000000000 ) ) ;
#9186 = ORIENTED_EDGE ( 'NONE', *, *, #1050, .T. ) ;
#9187 = VERTEX_POINT ( 'NONE', #9729 ) ;
#9188 = EDGE_LOOP ( 'NONE', ( #5176, #188, #8121, #637 ) ) ;
#9189 = CARTESIAN_POINT ( 'NONE',  ( 0.3200000000000000600, 0.6701574803149605900, 0.06102362204724409700 ) ) ;
#9190 = LINE ( 'NONE', #696, #986 ) ;
#9191 = ADVANCED_FACE ( 'NONE', ( #7392 ), #2368, .T. ) ;
#9192 = ORIENTED_EDGE ( 'NONE', *, *, #6520, .F. ) ;
#9193 = VECTOR ( 'NONE', #1170, 39.37007874015748100 ) ;
#9194 = ORIENTED_EDGE ( 'NONE', *, *, #8282, .F. ) ;
#9195 = DIRECTION ( 'NONE',  ( 0.0000000000000000000, 1.000000000000000000, -2.087764443346750700E-016 ) ) ;
#9196 = DIRECTION ( 'NONE',  ( 0.7071067811865486800, 0.7071067811865462400, 2.313106138847703500E-015 ) ) ;
#9197 =( LENGTH_UNIT ( ) NAMED_UNIT ( * ) SI_UNIT ( $, .METRE. ) );
#9198 = PLANE ( 'NONE',  #246 ) ;
#9199 = VERTEX_POINT ( 'NONE', #6153 ) ;
#9200 = DIRECTION ( 'NONE',  ( 1.000000000000000000, 3.400677691960634000E-015, -0.0000000000000000000 ) ) ;
#9201 = ORIENTED_EDGE ( 'NONE', *, *, #2170, .F. ) ;
#9202 = DIRECTION ( 'NONE',  ( 0.5773502691896286200, -0.5773502691896224000, 0.5773502691896262900 ) ) ;
#9203 = AXIS2_PLACEMENT_3D ( 'NONE', #4056, #7116, #4927 ) ;
#9204 = LINE ( 'NONE', #3306, #393 ) ;
#9205 = ORIENTED_EDGE ( 'NONE', *, *, #3524, .T. ) ;
#9206 = ORIENTED_EDGE ( 'NONE', *, *, #8818, .T. ) ;
#9207 = VECTOR ( 'NONE', #7273, 39.37007874015748100 ) ;
#9208 = ORIENTED_EDGE ( 'NONE', *, *, #4918, .T. ) ;
#9209 = EDGE_CURVE ( 'NONE', #7195, #9087, #6654, .T. ) ;
#9210 = FACE_OUTER_BOUND ( 'NONE', #9628, .T. ) ;
#9211 = CARTESIAN_POINT ( 'NONE',  ( 2.048885995248197300E-015, -1.078337468351979000E-015, 0.3271259842519680400 ) ) ;
#9212 = ORIENTED_EDGE ( 'NONE', *, *, #6164, .T. ) ;
#9213 = DIRECTION ( 'NONE',  ( -1.000000000000000000, 3.454814795174053600E-015, -0.0000000000000000000 ) ) ;
#9214 = EDGE_LOOP ( 'NONE', ( #6251, #7411, #3049, #3474 ) ) ;
#9215 = ORIENTED_EDGE ( 'NONE', *, *, #9129, .F. ) ;
#9216 = PRESENTATION_STYLE_ASSIGNMENT (( #6031 ) ) ;
#9217 = DIRECTION ( 'NONE',  ( -3.400677691960634000E-015, 1.000000000000000000, 1.141646084010933900E-046 ) ) ;
#9218 = CARTESIAN_POINT ( 'NONE',  ( 0.3071149738966091900, 0.6702974565612457300, -0.3265137834876546400 ) ) ;
#9219 = DIRECTION ( 'NONE',  ( 0.0000000000000000000, -1.000000000000000000, 0.0000000000000000000 ) ) ;
#9220 = AXIS2_PLACEMENT_3D ( 'NONE', #50, #4773, #6757 ) ;
#9221 = VECTOR ( 'NONE', #1949, 39.37007874015748100 ) ;
#9222 = ORIENTED_EDGE ( 'NONE', *, *, #8600, .T. ) ;
#9223 = VECTOR ( 'NONE', #9103, 39.37007874015748100 ) ;
#9224 = CARTESIAN_POINT ( 'NONE',  ( -0.3126315907076636100, 0.6665405905235232100, -0.3343574223956545800 ) ) ;
#9225 = CARTESIAN_POINT ( 'NONE',  ( -0.2755905511811045400, 0.6701574803149588100, 0.2083070866141737400 ) ) ;
#9226 = DIRECTION ( 'NONE',  ( -0.9848077530122084600, -0.1736481776669281700, 0.0000000000000000000 ) ) ;
#9227 = EDGE_CURVE ( 'NONE', #8841, #1561, #3373, .T. ) ;
#9228 = ORIENTED_EDGE ( 'NONE', *, *, #1534, .F. ) ;
#9229 = CYLINDRICAL_SURFACE ( 'NONE', #5321, 0.003937007874015724600 ) ;
#9230 = CARTESIAN_POINT ( 'NONE',  ( -0.3081889763779540000, -0.3351212936813986500, -0.3231889763779527400 ) ) ;
#9231 = CARTESIAN_POINT ( 'NONE',  ( 0.2362204724409439300, 0.2764566929133857000, -0.01771653543307081000 ) ) ;
#9232 = DIRECTION ( 'NONE',  ( 1.000000000000000000, 3.701192923597985900E-015, -3.084327436331655200E-016 ) ) ;
#9233 = EDGE_CURVE ( 'NONE', #4294, #3637, #2442, .T. ) ;
#9234 = ORIENTED_EDGE ( 'NONE', *, *, #8346, .F. ) ;
#9235 = FACE_OUTER_BOUND ( 'NONE', #9121, .T. ) ;
#9236 = EDGE_CURVE ( 'NONE', #7619, #6551, #3838, .T. ) ;
#9237 = EDGE_CURVE ( 'NONE', #1012, #7655, #6080, .T. ) ;
#9238 = ORIENTED_EDGE ( 'NONE', *, *, #3428, .F. ) ;
#9239 = VECTOR ( 'NONE', #6772, 39.37007874015748900 ) ;
#9240 = CARTESIAN_POINT ( 'NONE',  ( 0.1574803149606287000, -1.157362956383303900E-015, 0.3349999999999995200 ) ) ;
#9241 = CARTESIAN_POINT ( 'NONE',  ( 0.2362204724409427400, 0.6307874015748031700, 0.1689370078740163900 ) ) ;
#9242 = ORIENTED_EDGE ( 'NONE', *, *, #9368, .F. ) ;
#9243 = AXIS2_PLACEMENT_3D ( 'NONE', #9285, #2535, #5579 ) ;
#9244 = ADVANCED_FACE ( 'NONE', ( #1432 ), #3131, .F. ) ;
#9245 = VECTOR ( 'NONE', #7557, 39.37007874015748100 ) ;
#9246 = CARTESIAN_POINT ( 'NONE',  ( 0.2618110236220472200, 0.6721259842519685700, -0.1326771653543307400 ) ) ;
#9247 = CARTESIAN_POINT ( 'NONE',  ( -0.3081889763779525100, 0.6662204724409429600, 0.3231889763779511900 ) ) ;
#9248 = B_SPLINE_SURFACE_WITH_KNOTS ( 'NONE', 1, 3, ( 
 ( #4168, #5027, #8764, #1312 ),
 ( #9481, #6519, #2055, #7291 ) ),
 .UNSPECIFIED., .F., .F., .F.,
 ( 2, 2 ),
 ( 4, 4 ),
 ( 0.0000000000000000000, 1.000000000000000000 ),
 ( 0.0000000000000000000, 1.000000000000000000 ),
 .UNSPECIFIED. ) ;
#9249 = CARTESIAN_POINT ( 'NONE',  ( -0.3121259842519705200, 0.05511811023622149900, -0.1046850393700783500 ) ) ;
#9250 = UNCERTAINTY_MEASURE_WITH_UNIT (LENGTH_MEASURE( 1.000000000000000100E-005 ), #7563, 'distance_accuracy_value', 'NONE');
#9251 = AXIS2_PLACEMENT_3D ( 'NONE', #1990, #1195, #2759 ) ;
#9252 = DIRECTION ( 'NONE',  ( 1.000000000000000000, 4.130293990420968900E-015, 0.0000000000000000000 ) ) ;
#9253 = ORIENTED_EDGE ( 'NONE', *, *, #5378, .T. ) ;
#9254 = DIRECTION ( 'NONE',  ( 3.348887019260232700E-015, -1.000000000000000000, 3.348887019260232700E-015 ) ) ;
#9255 = VECTOR ( 'NONE', #2708, 39.37007874015748100 ) ;
#9256 = CARTESIAN_POINT ( 'NONE',  ( -0.1329999999999995900, -0.1250000000000004700, -0.2740000000000004700 ) ) ;
#9257 = AXIS2_PLACEMENT_3D ( 'NONE', #5559, #7040, #1115 ) ;
#9258 = DIRECTION ( 'NONE',  ( 0.0000000000000000000, -1.000000000000000000, 0.0000000000000000000 ) ) ;
#9259 = CARTESIAN_POINT ( 'NONE',  ( -0.3121259842519703000, 0.05511811023622149900, 0.1630314960629886400 ) ) ;
#9260 = PLANE ( 'NONE',  #7497 ) ;
#9261 = VECTOR ( 'NONE', #7855, 39.37007874015748100 ) ;
#9262 = EDGE_CURVE ( 'NONE', #1352, #861, #6308, .T. ) ;
#9263 = B_SPLINE_CURVE_WITH_KNOTS ( 'NONE', 3,
 ( #6165, #2390, #1723, #6976, #4630, #1053 ),
 .UNSPECIFIED., .F., .F.,
 ( 4, 2, 4 ),
 ( 0.0000000000000000000, 0.5000000000000000000, 1.000000000000000000 ),
 .UNSPECIFIED. ) ;
#9265 = EDGE_CURVE ( 'NONE', #378, #1782, #6187, .T. ) ;
#9264 = CARTESIAN_POINT ( 'NONE',  ( -1.248692419008934400, 0.6701574803149555900, 0.3231889763779511900 ) ) ;
#9266 = DIRECTION ( 'NONE',  ( 0.0000000000000000000, 0.0000000000000000000, 1.000000000000000000 ) ) ;
#9267 = PLANE ( 'NONE',  #6271 ) ;
#9268 = DIRECTION ( 'NONE',  ( 0.0000000000000000000, 1.000000000000000000, 0.0000000000000000000 ) ) ;
#9269 = CARTESIAN_POINT ( 'NONE',  ( -1.248692419008932100, 0.02165354330708238500, 0.3271259842519668700 ) ) ;
#9270 = CARTESIAN_POINT ( 'NONE',  ( 0.3081889763779480700, 0.6654050914126514700, -0.3349999999999999100 ) ) ;
#9271 = EDGE_CURVE ( 'NONE', #6325, #5204, #3144, .T. ) ;
#9272 = SHAPE_DEFINITION_REPRESENTATION ( #648, #2950 ) ;
#9273 = CARTESIAN_POINT ( 'NONE',  ( -0.3081889763779484000, 0.6654050914126514700, 0.3350000000000005800 ) ) ;
#9274 = PLANE ( 'NONE',  #8342 ) ;
#9275 = EDGE_CURVE ( 'NONE', #7399, #8236, #1540, .T. ) ;
#9276 = CARTESIAN_POINT ( 'NONE',  ( 0.2850000000000003600, -0.1099999999999989600, 0.06799999999999953300 ) ) ;
#9277 = EDGE_LOOP ( 'NONE', ( #1091, #1193, #7906, #703 ) ) ;
#9278 = LINE ( 'NONE', #540, #2438 ) ;
#9279 = DIRECTION ( 'NONE',  ( -0.7071067811865516800, 0.7071067811865431300, -1.476272395410639200E-016 ) ) ;
#9280 = CARTESIAN_POINT ( 'NONE',  ( -0.3121259842519683000, 0.6701574803149607000, -0.3230102407095410400 ) ) ;
#9281 = CARTESIAN_POINT ( 'NONE',  ( -0.1102362204724409400, 0.6721259842519685700, 0.2897244094488185500 ) ) ;
#9282 = EDGE_CURVE ( 'NONE', #8056, #5409, #5130, .T. ) ;
#9283 = ADVANCED_FACE ( 'NONE', ( #965 ), #2571, .F. ) ;
#9284 = PRODUCT_DEFINITION ( 'UNKNOWN', '', #678, #6898 ) ;
#9285 = CARTESIAN_POINT ( 'NONE',  ( 0.3200994094488202600, 0.05511811023621931300, -0.05645669291338934600 ) ) ;
#9286 = CIRCLE ( 'NONE', #4762, 0.04499999999999996400 ) ;
#9287 = DIRECTION ( 'NONE',  ( -1.000000000000000000, -3.400677691960634400E-015, -0.0000000000000000000 ) ) ;
#9288 = DIRECTION ( 'NONE',  ( -1.000000000000000000, -3.400677691960634000E-015, 3.503246160812042700E-046 ) ) ;
#9289 = ORIENTED_EDGE ( 'NONE', *, *, #9227, .F. ) ;
#9290 = LINE ( 'NONE', #1201, #7266 ) ;
#9291 = FACE_OUTER_BOUND ( 'NONE', #1677, .T. ) ;
#9292 = DIRECTION ( 'NONE',  ( -1.000000000000000000, -3.400677691960634400E-015, -1.313717310304516000E-046 ) ) ;
#9293 = LINE ( 'NONE', #654, #4061 ) ;
#9294 = DIRECTION ( 'NONE',  ( 3.454814795174053600E-015, 1.000000000000000000, -0.0000000000000000000 ) ) ;
#9295 = ORIENTED_EDGE ( 'NONE', *, *, #254, .T. ) ;
#9296 = CARTESIAN_POINT ( 'NONE',  ( -1.248692419008934400, 0.6701574803149553700, -0.1460236220472434200 ) ) ;
#9297 = FACE_OUTER_BOUND ( 'NONE', #9060, .T. ) ;
#9298 = DIRECTION ( 'NONE',  ( -3.400677691960634000E-015, 1.000000000000000000, -5.673458669708791900E-046 ) ) ;
#9299 = ORIENTED_EDGE ( 'NONE', *, *, #96, .F. ) ;
#9300 = AXIS2_PLACEMENT_3D ( 'NONE', #3141, #6866, #2379 ) ;
#9301 = ORIENTED_EDGE ( 'NONE', *, *, #3919, .T. ) ;
#9302 = ORIENTED_EDGE ( 'NONE', *, *, #2260, .T. ) ;
#9303 = ORIENTED_EDGE ( 'NONE', *, *, #2020, .T. ) ;
#9304 = EDGE_CURVE ( 'NONE', #1770, #7167, #7992, .T. ) ;
#9305 = DIRECTION ( 'NONE',  ( -3.400677691960634400E-015, 1.000000000000000000, 0.0000000000000000000 ) ) ;
#9306 = VECTOR ( 'NONE', #8193, 39.37007874015748100 ) ;
#9307 = EDGE_LOOP ( 'NONE', ( #8067, #3951, #8629, #4463 ) ) ;
#9308 = ORIENTED_EDGE ( 'NONE', *, *, #6322, .T. ) ;
#9309 = PLANE ( 'NONE',  #194 ) ;
#9310 = PLANE ( 'NONE',  #4573 ) ;
#9311 = DIRECTION ( 'NONE',  ( -1.000000000000000000, -3.400677691960634000E-015, 0.0000000000000000000 ) ) ;
#9312 = LINE ( 'NONE', #670, #2695 ) ;
#9313 = DIRECTION ( 'NONE',  ( -0.0000000000000000000, 8.234775042486240000E-045, 1.000000000000000000 ) ) ;
#9314 = DIRECTION ( 'NONE',  ( 0.7071067811865412400, -0.7071067811865536800, 1.855800306174364200E-016 ) ) ;
#9315 = ORIENTED_EDGE ( 'NONE', *, *, #5916, .F. ) ;
#9316 = ORIENTED_EDGE ( 'NONE', *, *, #3891, .F. ) ;
#9317 = VERTEX_POINT ( 'NONE', #3888 ) ;
#9318 = EDGE_CURVE ( 'NONE', #4413, #5858, #6774, .T. ) ;
#9319 = FACE_OUTER_BOUND ( 'NONE', #2265, .T. ) ;
#9320 = ORIENTED_EDGE ( 'NONE', *, *, #4648, .F. ) ;
#9321 = ORIENTED_EDGE ( 'NONE', *, *, #6477, .T. ) ;
#9322 = LINE ( 'NONE', #4420, #3398 ) ;
#9323 = ORIENTED_EDGE ( 'NONE', *, *, #2086, .F. ) ;
#9324 = CIRCLE ( 'NONE', #5395, 0.003937007874015758400 ) ;
#9325 = PLANE ( 'NONE',  #1748 ) ;
#9326 = CARTESIAN_POINT ( 'NONE',  ( 0.3200000000000000600, 0.6701574803149605900, 0.06102362204724409700 ) ) ;
#9327 = ORIENTED_EDGE ( 'NONE', *, *, #7362, .F. ) ;
#9328 = VECTOR ( 'NONE', #2970, 39.37007874015748100 ) ;
#9329 = VERTEX_POINT ( 'NONE', #9149 ) ;
#9330 = ORIENTED_EDGE ( 'NONE', *, *, #3190, .T. ) ;
#9331 = LINE ( 'NONE', #3618, #2831 ) ;
#9332 = CARTESIAN_POINT ( 'NONE',  ( -0.3101574803149607700, 0.6721259842519686800, 0.3230102407095416500 ) ) ;
#9333 = B_SPLINE_CURVE_WITH_KNOTS ( 'NONE', 1,
 ( #6467, #3446 ),
 .UNSPECIFIED., .F., .F.,
 ( 2, 2 ),
 ( 0.0000000000000000000, 1.000000000000000000 ),
 .UNSPECIFIED. ) ;
#9334 = DIRECTION ( 'NONE',  ( -4.553079989440424900E-015, 1.000000000000000000, -0.0000000000000000000 ) ) ;
#9335 = DIRECTION ( 'NONE',  ( -0.0000000000000000000, -1.000000000000000000, -0.0000000000000000000 ) ) ;
#9336 = FACE_OUTER_BOUND ( 'NONE', #3177, .T. ) ;
#9337 = EDGE_CURVE ( 'NONE', #5858, #2958, #830, .T. ) ;
#9338 = ORIENTED_EDGE ( 'NONE', *, *, #6166, .F. ) ;
#9339 = EDGE_CURVE ( 'NONE', #6107, #1997, #3364, .T. ) ;
#9340 = FACE_OUTER_BOUND ( 'NONE', #7561, .T. ) ;
#9341 = DIRECTION ( 'NONE',  ( -1.000000000000000000, -0.0000000000000000000, -4.336808689941968800E-015 ) ) ;
#9342 = VERTEX_POINT ( 'NONE', #4041 ) ;
#9343 = ADVANCED_FACE ( 'NONE', ( #3828 ), #7761, .F. ) ;
#9344 = FACE_OUTER_BOUND ( 'NONE', #5063, .T. ) ;
#9345 = CARTESIAN_POINT ( 'NONE',  ( -0.3081889763779515100, 0.06299212598425309200, 0.3271259842519670400 ) ) ;
#9346 = FILL_AREA_STYLE ('',( #4008 ) ) ;
#9347 = CARTESIAN_POINT ( 'NONE',  ( 0.3081889763779537800, -0.3351212936813988100, 0.3231889763779528500 ) ) ;
#9348 = DIRECTION ( 'NONE',  ( -1.000000000000000000, -3.400677691960634400E-015, 0.0000000000000000000 ) ) ;
#9349 = ORIENTED_EDGE ( 'NONE', *, *, #4524, .T. ) ;
#9351 = CARTESIAN_POINT ( 'NONE',  ( -0.3081889763779523900, 0.6701574803149521500, -0.3231889763779528000 ) ) ;
#9350 = SURFACE_STYLE_FILL_AREA ( #3648 ) ;
#9352 = CARTESIAN_POINT ( 'NONE',  ( 0.1786080575173509800, 0.1786080575173447600, 0.3271259842519691500 ) ) ;
#9353 = EDGE_LOOP ( 'NONE', ( #1917, #4453, #9083, #8690 ) ) ;
#9354 = EDGE_LOOP ( 'NONE', ( #8101, #8963, #1421, #4540 ) ) ;
#9355 = LINE ( 'NONE', #9475, #5906 ) ;
#9356 = AXIS2_PLACEMENT_3D ( 'NONE', #3606, #8843, #8118 ) ;
#9357 = CARTESIAN_POINT ( 'NONE',  ( 0.2362204724409427400, 0.6307874015748031700, -0.1066535433070859700 ) ) ;
#9358 = CARTESIAN_POINT ( 'NONE',  ( 0.3096711032650807400, 0.6665417394974773000, 0.3269109955571462000 ) ) ;
#9359 = CARTESIAN_POINT ( 'NONE',  ( -0.1255055738910780500, 0.2764566929133845400, 0.1689370078740165000 ) ) ;
#9360 = EDGE_LOOP ( 'NONE', ( #7891, #5913 ) ) ;
#9361 = DIRECTION ( 'NONE',  ( -1.000000000000000000, -3.454814795174053200E-015, 0.0000000000000000000 ) ) ;
#9362 = LINE ( 'NONE', #1047, #8883 ) ;
#9363 = CARTESIAN_POINT ( 'NONE',  ( -0.2517653116130454400, 0.6327559055118111600, 0.06102362204724409700 ) ) ;
#9364 = VERTEX_POINT ( 'NONE', #4793 ) ;
#9365 = LINE ( 'NONE', #5259, #786 ) ;
#9366 = MANIFOLD_SOLID_BREP ( 'Boss-Extrude3[11]', #380 ) ;
#9367 = CARTESIAN_POINT ( 'NONE',  ( -0.3081889763779502900, 0.6654050914126516900, 0.3271259842519686500 ) ) ;
#9368 = EDGE_CURVE ( 'NONE', #1472, #8860, #6896, .T. ) ;
#9369 = FACE_OUTER_BOUND ( 'NONE', #9443, .T. ) ;
#9370 = DIRECTION ( 'NONE',  ( 1.000000000000000000, 0.0000000000000000000, 0.0000000000000000000 ) ) ;
#9371 = VECTOR ( 'NONE', #5375, 39.37007874015748100 ) ;
#9372 = DIRECTION ( 'NONE',  ( 0.7071067811865500200, -0.7071067811865451300, 1.476272395410602500E-016 ) ) ;
#9373 = CARTESIAN_POINT ( 'NONE',  ( 0.1669999999999999800, 0.009842519685039933700, -0.2740000000000004700 ) ) ;
#9374 = CARTESIAN_POINT ( 'NONE',  ( 0.1181102362204724100, 0.6799999999999999400, 0.2818503937007870700 ) ) ;
#9375 = CARTESIAN_POINT ( 'NONE',  ( 0.3200000000000001200, 0.6799999999999999400, 0.1791338582677165500 ) ) ;
#9376 = FACE_OUTER_BOUND ( 'NONE', #2529, .T. ) ;
#9377 = VERTEX_POINT ( 'NONE', #5540 ) ;
#9378 = DIRECTION ( 'NONE',  ( 0.0000000000000000000, -1.000000000000000000, 0.0000000000000000000 ) ) ;
#9379 = CARTESIAN_POINT ( 'NONE',  ( -0.3200000000000020100, 0.07086614173228342200, -0.1775196850393696300 ) ) ;
#9380 = CARTESIAN_POINT ( 'NONE',  ( 0.3054050914126514300, 0.6681889763779522700, -0.3297506561679783800 ) ) ;
#9381 = ADVANCED_FACE ( 'NONE', ( #2893 ), #5572, .F. ) ;
#9382 = AXIS2_PLACEMENT_3D ( 'NONE', #3169, #1026, #6246 ) ;
#9383 = EDGE_CURVE ( 'NONE', #3187, #8849, #8921, .T. ) ;
#9384 = VECTOR ( 'NONE', #1501, 39.37007874015748100 ) ;
#9385 = B_SPLINE_CURVE_WITH_KNOTS ( 'NONE', 3,
 ( #5696, #4855, #5719, #1869, #7245, #4137 ),
 .UNSPECIFIED., .F., .F.,
 ( 4, 2, 4 ),
 ( 0.0000000000000000000, 0.5000000000000000000, 1.000000000000000000 ),
 .UNSPECIFIED. ) ;
#9387 = EDGE_CURVE ( 'NONE', #7429, #5759, #3597, .T. ) ;
#9386 = CARTESIAN_POINT ( 'NONE',  ( -0.3121259842519694700, 0.0000000000000000000, 0.3231889763779529600 ) ) ;
#9388 = DIRECTION ( 'NONE',  ( -1.000000000000000000, 0.0000000000000000000, -0.0000000000000000000 ) ) ;
#9389 = PLANE ( 'NONE',  #1 ) ;
#9390 = EDGE_LOOP ( 'NONE', ( #2595, #2140, #6690, #3737 ) ) ;
#9391 = DIRECTION ( 'NONE',  ( 0.0000000000000000000, 0.0000000000000000000, 1.000000000000000000 ) ) ;
#9392 = CARTESIAN_POINT ( 'NONE',  ( 0.3121259842519705800, 0.03937007874015638300, 0.2811417322834610700 ) ) ;
#9393 = CARTESIAN_POINT ( 'NONE',  ( 0.3081889763779527800, 0.6662204724409451800, 0.3231889763779511900 ) ) ;
#9394 = ORIENTED_EDGE ( 'NONE', *, *, #7009, .T. ) ;
#9395 = CARTESIAN_POINT ( 'NONE',  ( 0.1574803149606287000, 0.5591058788142251300, 0.3271259842519679800 ) ) ;
#9396 = CYLINDRICAL_SURFACE ( 'NONE', #938, 0.003937007874015724600 ) ;
#9397 = CARTESIAN_POINT ( 'NONE',  ( -0.01699999999999943900, -0.1603553390593274500, -0.2740000000000004700 ) ) ;
#9398 = VERTEX_POINT ( 'NONE', #415 ) ;
#9399 = FACE_OUTER_BOUND ( 'NONE', #7058, .T. ) ;
#9400 = CARTESIAN_POINT ( 'NONE',  ( -0.2696850393700787100, 0.6799999999999999400, -0.1248031496062992400 ) ) ;
#9401 = CARTESIAN_POINT ( 'NONE',  ( -0.3081889763779556700, 0.6654050914126518100, -0.3323753280839913400 ) ) ;
#9402 = VECTOR ( 'NONE', #607, 39.37007874015748100 ) ;
#9403 = ORIENTED_EDGE ( 'NONE', *, *, #3696, .F. ) ;
#9404 = EDGE_CURVE ( 'NONE', #8757, #3175, #4876, .T. ) ;
#9405 = CARTESIAN_POINT ( 'NONE',  ( 0.08300000000000047600, -0.1249999999999997200, -0.2740000000000004700 ) ) ;
#9406 = LINE ( 'NONE', #99, #5848 ) ;
#9407 = ORIENTED_EDGE ( 'NONE', *, *, #6638, .T. ) ;
#9408 = ORIENTED_EDGE ( 'NONE', *, *, #6125, .F. ) ;
#9409 = ORIENTED_EDGE ( 'NONE', *, *, #405, .F. ) ;
#9410 = ORIENTED_EDGE ( 'NONE', *, *, #8873, .T. ) ;
#9411 = ORIENTED_EDGE ( 'NONE', *, *, #4021, .F. ) ;
#9412 = CARTESIAN_POINT ( 'NONE',  ( -0.1683220195082481000, 0.1888940955264422900, 0.3350000000000003000 ) ) ;
#9413 = EDGE_CURVE ( 'NONE', #6788, #4089, #955, .T. ) ;
#9414 = CYLINDRICAL_SURFACE ( 'NONE', #2450, 0.003937007874015758400 ) ;
#9415 = ORIENTED_EDGE ( 'NONE', *, *, #6724, .F. ) ;
#9416 = LENGTH_MEASURE_WITH_UNIT ( LENGTH_MEASURE( 0.02539999999999999900 ), #103 );
#9417 = CARTESIAN_POINT ( 'NONE',  ( -0.3081889763779546200, 0.02165354330707910900, 0.3231889763779511900 ) ) ;
#9418 = ORIENTED_EDGE ( 'NONE', *, *, #630, .T. ) ;
#9419 = VECTOR ( 'NONE', #9335, 39.37007874015748100 ) ;
#9420 = CARTESIAN_POINT ( 'NONE',  ( -0.3200000000000008900, 0.6689748484444497700, 0.3271959195966548900 ) ) ;
#9421 = ORIENTED_EDGE ( 'NONE', *, *, #5211, .F. ) ;
#9422 = VERTEX_POINT ( 'NONE', #9374 ) ;
#9423 = VERTEX_POINT ( 'NONE', #5495 ) ;
#9424 = ORIENTED_EDGE ( 'NONE', *, *, #2048, .F. ) ;
#9425 = DIRECTION ( 'NONE',  ( -1.000000000000000000, -3.400677691960634400E-015, 0.0000000000000000000 ) ) ;
#9426 = AXIS2_PLACEMENT_3D ( 'NONE', #1972, #9372, #465 ) ;
#9427 = LINE ( 'NONE', #8085, #9059 ) ;
#9428 = ORIENTED_EDGE ( 'NONE', *, *, #8600, .F. ) ;
#9429 = VECTOR ( 'NONE', #3697, 39.37007874015748100 ) ;
#9430 = CARTESIAN_POINT ( 'NONE',  ( 0.3080618398624079800, 0.6778982845064631700, -0.3310174633725180300 ) ) ;
#9431 = ORIENTED_EDGE ( 'NONE', *, *, #6791, .F. ) ;
#9432 = DIRECTION ( 'NONE',  ( -7.099813968557893200E-031, 2.087764443346746500E-016, 1.000000000000000000 ) ) ;
#9433 = LINE ( 'NONE', #3038, #5282 ) ;
#9434 = CARTESIAN_POINT ( 'NONE',  ( 0.3081889763779569500, 0.06299212598425091300, 0.3271259842519674300 ) ) ;
#9435 = AXIS2_PLACEMENT_3D ( 'NONE', #2764, #8064, #8089 ) ;
#9436 = CARTESIAN_POINT ( 'NONE',  ( 0.3081889763779569500, 0.01574803149606399500, 0.3271259842519674300 ) ) ;
#9437 = ADVANCED_FACE ( 'NONE', ( #1868 ), #9274, .F. ) ;
#9438 = EDGE_LOOP ( 'NONE', ( #3849, #7818, #3297, #6787 ) ) ;
#9439 = ORIENTED_EDGE ( 'NONE', *, *, #7244, .T. ) ;
#9440 = LINE ( 'NONE', #9375, #4586 ) ;
#9441 = DIRECTION ( 'NONE',  ( 0.0000000000000000000, 1.000000000000000000, -2.087764443346750700E-016 ) ) ;
#9442 = ORIENTED_EDGE ( 'NONE', *, *, #346, .F. ) ;
#9443 = EDGE_LOOP ( 'NONE', ( #4202, #6803, #8232, #7216 ) ) ;
#9444 = LENGTH_MEASURE_WITH_UNIT ( LENGTH_MEASURE( 0.02539999999999999900 ), #7860 );
#9445 = VERTEX_POINT ( 'NONE', #1873 ) ;
#9446 = DIRECTION ( 'NONE',  ( -4.130293990420968900E-015, 1.000000000000000000, -1.641009651232958300E-015 ) ) ;
#9447 = CARTESIAN_POINT ( 'NONE',  ( -0.3121259842519703000, 0.07874015748031065700, -0.3271259842519664800 ) ) ;
#9448 = AXIS2_PLACEMENT_3D ( 'NONE', #5215, #768, #5966 ) ;
#9449 = ORIENTED_EDGE ( 'NONE', *, *, #5989, .T. ) ;
#9450 = ORIENTED_EDGE ( 'NONE', *, *, #8223, .T. ) ;
#9451 = ORIENTED_EDGE ( 'NONE', *, *, #3070, .T. ) ;
#9452 = CYLINDRICAL_SURFACE ( 'NONE', #9672, 0.003937007874015724600 ) ;
#9453 = ORIENTED_EDGE ( 'NONE', *, *, #8798, .T. ) ;
#9454 = ADVANCED_FACE ( 'NONE', ( #1417 ), #2587, .T. ) ;
#9455 = CARTESIAN_POINT ( 'NONE',  ( 0.3200994094488200900, 0.02362204724409333900, 0.1374409448818862700 ) ) ;
#9456 = EDGE_CURVE ( 'NONE', #610, #8145, #10, .T. ) ;
#9457 = CARTESIAN_POINT ( 'NONE',  ( 0.2365000000000006300, -0.1603553390593266100, 0.2174999999999995800 ) ) ;
#9458 = DIRECTION ( 'NONE',  ( 1.000000000000000000, 0.0000000000000000000, 0.0000000000000000000 ) ) ;
#9459 = FACE_OUTER_BOUND ( 'NONE', #1551, .T. ) ;
#9460 = EDGE_LOOP ( 'NONE', ( #2590, #1925, #8952, #1182 ) ) ;
#9461 = DIRECTION ( 'NONE',  ( -1.000000000000000000, 3.454814795174053600E-015, -0.0000000000000000000 ) ) ;
#9462 = LINE ( 'NONE', #3904, #1828 ) ;
#9463 = DIRECTION ( 'NONE',  ( 0.0000000000000000000, 0.0000000000000000000, 1.000000000000000000 ) ) ;
#9464 = ORIENTED_EDGE ( 'NONE', *, *, #6240, .F. ) ;
#9465 = VECTOR ( 'NONE', #5800, 39.37007874015748100 ) ;
#9466 = CARTESIAN_POINT ( 'NONE',  ( -3.414809992080329000E-017, 0.009842519685039369900, 0.0000000000000000000 ) ) ;
#9467 = EDGE_CURVE ( 'NONE', #8261, #2125, #7639, .T. ) ;
#9468 = CARTESIAN_POINT ( 'NONE',  ( 0.3054050914126513700, 0.6681889763779533800, 0.3349999999999998500 ) ) ;
#9469 = DIRECTION ( 'NONE',  ( -3.400677691960634400E-015, 1.000000000000000000, -9.538179791247316900E-046 ) ) ;
#9470 = VECTOR ( 'NONE', #665, 39.37007874015748900 ) ;
#9471 = EDGE_CURVE ( 'NONE', #7327, #3670, #3818, .T. ) ;
#9472 = VERTEX_POINT ( 'NONE', #573 ) ;
#9473 = SURFACE_STYLE_FILL_AREA ( #5341 ) ;
#9474 = DIRECTION ( 'NONE',  ( -0.0000000000000000000, -0.0000000000000000000, -1.000000000000000000 ) ) ;
#9475 = CARTESIAN_POINT ( 'NONE',  ( -0.1255055738910780500, 0.2764566929133845400, 0.2399521717798883400 ) ) ;
#9476 = CARTESIAN_POINT ( 'NONE',  ( -0.3121259842519681900, 0.6662204724409429600, -1.390911413791869700E-016 ) ) ;
#9477 = EDGE_CURVE ( 'NONE', #6236, #702, #3709, .T. ) ;
#9478 = DIRECTION ( 'NONE',  ( 1.000000000000000000, 3.400677691960634000E-015, -0.0000000000000000000 ) ) ;
#9479 = LINE ( 'NONE', #8922, #4964 ) ;
#9480 = CARTESIAN_POINT ( 'NONE',  ( 0.0000000000000000000, 0.6799999999999999400, 0.2818503937007870700 ) ) ;
#9481 = CARTESIAN_POINT ( 'NONE',  ( 0.3121259842519696300, 0.6699217144102483900, -0.3231889763779527400 ) ) ;
#9482 = CARTESIAN_POINT ( 'NONE',  ( 0.2517653116130454400, 0.6721259842519686800, 0.005905511811023648000 ) ) ;
#9483 = CARTESIAN_POINT ( 'NONE',  ( 0.3200994094488200900, 0.02362204724409333900, -0.04759842519685389400 ) ) ;
#9484 = ADVANCED_FACE ( 'NONE', ( #5368 ), #3456, .F. ) ;
#9485 = DIRECTION ( 'NONE',  ( 3.400677691960634000E-015, 1.000000000000000000, 1.889265384422574300E-016 ) ) ;
#9486 = DIRECTION ( 'NONE',  ( -0.0000000000000000000, 0.0000000000000000000, -1.000000000000000000 ) ) ;
#9487 = ORIENTED_EDGE ( 'NONE', *, *, #4192, .F. ) ;
#9488 = FACE_OUTER_BOUND ( 'NONE', #504, .T. ) ;
#9489 = ORIENTED_EDGE ( 'NONE', *, *, #9012, .F. ) ;
#9490 = EDGE_CURVE ( 'NONE', #3745, #7839, #4517, .T. ) ;
#9491 = DIRECTION ( 'NONE',  ( 0.0000000000000000000, 4.874815374145015400E-045, -1.000000000000000000 ) ) ;
#9492 = CARTESIAN_POINT ( 'NONE',  ( 0.3121259842519711300, -0.1256299212598414600, -0.1046850393700783100 ) ) ;
#9493 = LINE ( 'NONE', #5864, #7004 ) ;
#9494 = DIMENSIONAL_EXPONENTS ( 1.000000000000000000, 0.0000000000000000000, 0.0000000000000000000, 0.0000000000000000000, 0.0000000000000000000, 0.0000000000000000000, 0.0000000000000000000 ) ;
#9495 = DIRECTION ( 'NONE',  ( -3.400677691960634400E-015, 1.000000000000000000, 4.651744544108783500E-047 ) ) ;
#9496 = DIRECTION ( 'NONE',  ( -1.000000000000000000, 0.0000000000000000000, 0.0000000000000000000 ) ) ;
#9497 = DIRECTION ( 'NONE',  ( 0.0000000000000000000, 0.0000000000000000000, 1.000000000000000000 ) ) ;
#9498 = DIRECTION ( 'NONE',  ( -3.400677691960634400E-015, 1.000000000000000000, -2.087764443346746700E-016 ) ) ;
#9499 = DIRECTION ( 'NONE',  ( 1.000000000000000000, 3.400677691960634000E-015, -0.0000000000000000000 ) ) ;
#9500 = ORIENTED_EDGE ( 'NONE', *, *, #7278, .F. ) ;
#9501 = CARTESIAN_POINT ( 'NONE',  ( 0.3121259842519705800, 0.05511811023621934100, -0.04759842519685392200 ) ) ;
#9502 = DIRECTION ( 'NONE',  ( 0.0000000000000000000, -4.874815374145015400E-045, 1.000000000000000000 ) ) ;
#9503 = CARTESIAN_POINT ( 'NONE',  ( -0.6200168187639134600, 0.6681889763779529400, -0.3231889763779528000 ) ) ;
#9504 = DIRECTION ( 'NONE',  ( -1.000000000000000000, 6.909629590348118300E-015, 1.183291357831517800E-029 ) ) ;
#9505 = AXIS2_PLACEMENT_3D ( 'NONE', #1721, #3958, #7723 ) ;
#9506 = EDGE_CURVE ( 'NONE', #4089, #598, #5728, .T. ) ;
#9507 = ORIENTED_EDGE ( 'NONE', *, *, #6946, .F. ) ;
#9508 = LINE ( 'NONE', #267, #6767 ) ;
#9509 = B_SPLINE_CURVE_WITH_KNOTS ( 'NONE', 3,
 ( #6793, #4369, #7506, #879 ),
 .UNSPECIFIED., .F., .F.,
 ( 4, 4 ),
 ( 0.0000000000000000000, 1.000000000000000000 ),
 .UNSPECIFIED. ) ;
#9510 = CARTESIAN_POINT ( 'NONE',  ( 0.3081889763779547300, 0.07874015748031273900, -0.3271259842519664800 ) ) ;
#9511 = DIRECTION ( 'NONE',  ( -1.000000000000000000, -3.469446951953605400E-014, 0.0000000000000000000 ) ) ;
#9512 = VECTOR ( 'NONE', #3477, 39.37007874015748100 ) ;
#9513 = ORIENTED_EDGE ( 'NONE', *, *, #4503, .F. ) ;
#9514 = SURFACE_STYLE_FILL_AREA ( #7215 ) ;
#9515 = LINE ( 'NONE', #3797, #6916 ) ;
#9516 = ADVANCED_FACE ( 'NONE', ( #9626 ), #4881, .T. ) ;
#9517 = VECTOR ( 'NONE', #7197, 39.37007874015748100 ) ;
#9518 = ORIENTED_EDGE ( 'NONE', *, *, #2210, .T. ) ;
#9519 = CARTESIAN_POINT ( 'NONE',  ( 0.3081889763779527800, 0.6662204724409451800, 0.3231889763779511900 ) ) ;
#9520 = AXIS2_PLACEMENT_3D ( 'NONE', #7679, #2497, #6176 ) ;
#9521 = CARTESIAN_POINT ( 'NONE',  ( 0.0000000000000000000, 0.6799999999999999400, 0.0000000000000000000 ) ) ;
#9522 = CYLINDRICAL_SURFACE ( 'NONE', #7645, 0.009842519685039378600 ) ;
#9523 = CARTESIAN_POINT ( 'NONE',  ( 0.3101574803149606000, 0.6800000000000003800, -0.3230102407095414300 ) ) ;
#9524 = CARTESIAN_POINT ( 'NONE',  ( 0.2362204724409439300, 0.2764566929133857600, -0.1066535433070859000 ) ) ;
#9525 = ORIENTED_EDGE ( 'NONE', *, *, #3693, .T. ) ;
#9526 = ORIENTED_EDGE ( 'NONE', *, *, #5254, .F. ) ;
#9527 = VERTEX_POINT ( 'NONE', #2767 ) ;
#9528 = ORIENTED_EDGE ( 'NONE', *, *, #6531, .T. ) ;
#9529 = EDGE_CURVE ( 'NONE', #618, #5945, #5118, .T. ) ;
#9530 = FACE_OUTER_BOUND ( 'NONE', #3139, .T. ) ;
#9531 = CARTESIAN_POINT ( 'NONE',  ( 0.3200000000000000100, 0.6701574803149607000, -0.3349999999999999600 ) ) ;
#9532 = ORIENTED_EDGE ( 'NONE', *, *, #8621, .F. ) ;
#9533 = VECTOR ( 'NONE', #580, 39.37007874015748100 ) ;
#9534 = VERTEX_POINT ( 'NONE', #2079 ) ;
#9535 = VECTOR ( 'NONE', #7011, 39.37007874015748100 ) ;
#9536 = CARTESIAN_POINT ( 'NONE',  ( 0.3081889763779510600, 0.07874015748031273900, -0.3349999999999995800 ) ) ;
#9537 = DIRECTION ( 'NONE',  ( 0.0000000000000000000, 0.0000000000000000000, 1.000000000000000000 ) ) ;
#9538 = EDGE_CURVE ( 'NONE', #2466, #963, #6297, .T. ) ;
#9539 = DIRECTION ( 'NONE',  ( 1.000000000000000000, 3.414809992080327900E-015, 1.751623080406021300E-046 ) ) ;
#9540 = ORIENTED_EDGE ( 'NONE', *, *, #7423, .T. ) ;
#9541 = VERTEX_POINT ( 'NONE', #2670 ) ;
#9542 = ORIENTED_EDGE ( 'NONE', *, *, #2080, .F. ) ;
#9543 = DIRECTION ( 'NONE',  ( -3.400677691960634400E-015, 1.000000000000000000, 4.651744544108783500E-047 ) ) ;
#9544 = EDGE_CURVE ( 'NONE', #378, #7549, #2098, .T. ) ;
#9545 = CIRCLE ( 'NONE', #8756, 0.01181102362204724000 ) ;
#9546 = ORIENTED_EDGE ( 'NONE', *, *, #5714, .F. ) ;
#9547 = ORIENTED_EDGE ( 'NONE', *, *, #1502, .F. ) ;
#9548 = EDGE_LOOP ( 'NONE', ( #3282, #6142, #8587, #7184 ) ) ;
#9549 = LINE ( 'NONE', #4716, #3523 ) ;
#9550 = CARTESIAN_POINT ( 'NONE',  ( 0.2018897637795223900, 0.5591058788142252400, -0.3350000000000003000 ) ) ;
#9551 = AXIS2_PLACEMENT_3D ( 'NONE', #4299, #6410, #655 ) ;
#9552 = VERTEX_POINT ( 'NONE', #1286 ) ;
#9553 = CARTESIAN_POINT ( 'NONE',  ( -0.3121259842519711300, -0.1256299212598414600, -0.06531496062992479800 ) ) ;
#9554 = VECTOR ( 'NONE', #9478, 39.37007874015748100 ) ;
#9555 = ORIENTED_EDGE ( 'NONE', *, *, #1224, .F. ) ;
#9557 = ORIENTED_EDGE ( 'NONE', *, *, #1244, .F. ) ;
#9556 = CARTESIAN_POINT ( 'NONE',  ( 0.0000000000000000000, 0.6721259842519685700, 0.1791338582677165500 ) ) ;
#9558 = LENGTH_MEASURE_WITH_UNIT ( LENGTH_MEASURE( 0.02539999999999999900 ), #815 );
#9559 = VERTEX_POINT ( 'NONE', #509 ) ;
#9560 = DIRECTION ( 'NONE',  ( 0.0000000000000000000, -4.336808689942043800E-015, -1.000000000000000000 ) ) ;
#9561 = DIRECTION ( 'NONE',  ( 0.0000000000000000000, 0.0000000000000000000, -1.000000000000000000 ) ) ;
#9562 = DIRECTION ( 'NONE',  ( 1.000000000000000000, 0.0000000000000000000, 0.0000000000000000000 ) ) ;
#9563 = DIRECTION ( 'NONE',  ( 0.1736481776669270600, 0.9848077530122085800, 5.764504297745677100E-017 ) ) ;
#9564 = LINE ( 'NONE', #5766, #1370 ) ;
#9565 = ORIENTED_EDGE ( 'NONE', *, *, #3440, .F. ) ;
#9566 = LINE ( 'NONE', #7994, #7084 ) ;
#9567 = CARTESIAN_POINT ( 'NONE',  ( -0.3121259842519704700, 0.05511811023622149900, -0.1135433070866137500 ) ) ;
#9568 = ORIENTED_EDGE ( 'NONE', *, *, #5206, .F. ) ;
#9569 = DIRECTION ( 'NONE',  ( 0.0000000000000000000, 0.0000000000000000000, -1.000000000000000000 ) ) ;
#9570 = FACE_OUTER_BOUND ( 'NONE', #9045, .T. ) ;
#9571 = EDGE_CURVE ( 'NONE', #8612, #601, #1535, .T. ) ;
#9572 = CARTESIAN_POINT ( 'NONE',  ( 0.3121259842519707500, 1.171514595470506600E-015, 0.1453149606299177800 ) ) ;
#9573 = EDGE_LOOP ( 'NONE', ( #5174, #3741, #5257, #9648 ) ) ;
#9574 = FACE_OUTER_BOUND ( 'NONE', #6805, .T. ) ;
#9575 = DIRECTION ( 'NONE',  ( 3.400677691960634000E-015, -1.000000000000000000, -0.0000000000000000000 ) ) ;
#9576 = EDGE_CURVE ( 'NONE', #2118, #1383, #9286, .T. ) ;
#9577 = DIRECTION ( 'NONE',  ( 0.0000000000000000000, 1.000000000000000000, 0.0000000000000000000 ) ) ;
#9578 = ADVANCED_FACE ( 'NONE', ( #3013 ), #9396, .T. ) ;
#9579 = VERTEX_POINT ( 'NONE', #7223 ) ;
#9580 = DIRECTION ( 'NONE',  ( 0.0000000000000000000, -1.000000000000000000, 0.0000000000000000000 ) ) ;
#9582 = CIRCLE ( 'NONE', #5741, 0.007874015748031489000 ) ;
#9581 = CARTESIAN_POINT ( 'NONE',  ( 0.3054050914126511000, 0.6681889763779529400, -0.3350000000000000200 ) ) ;
#9583 = VERTEX_POINT ( 'NONE', #548 ) ;
#9584 = LINE ( 'NONE', #3556, #2397 ) ;
#9585 = PLANE ( 'NONE',  #6526 ) ;
#9586 = ORIENTED_EDGE ( 'NONE', *, *, #5587, .T. ) ;
#9587 = LINE ( 'NONE', #2119, #7592 ) ;
#9588 = CARTESIAN_POINT ( 'NONE',  ( -0.2519685039370078200, 0.6465354330708622500, 0.1689370078740163900 ) ) ;
#9589 = ORIENTED_EDGE ( 'NONE', *, *, #1963, .F. ) ;
#9590 = DIRECTION ( 'NONE',  ( 1.000000000000000000, 0.0000000000000000000, 0.0000000000000000000 ) ) ;
#9591 = DIRECTION ( 'NONE',  ( 0.0000000000000000000, 0.0000000000000000000, -1.000000000000000000 ) ) ;
#9592 = ADVANCED_FACE ( 'NONE', ( #3252 ), #4140, .T. ) ;
#9593 = DIRECTION ( 'NONE',  ( -1.703936775024213300E-016, -1.000000000000000000, 4.336808689941931800E-015 ) ) ;
#9594 = DIRECTION ( 'NONE',  ( -1.000000000000000000, 3.454814795174053600E-015, -0.0000000000000000000 ) ) ;
#9595 = EDGE_CURVE ( 'NONE', #8389, #971, #121, .T. ) ;
#9596 = ORIENTED_EDGE ( 'NONE', *, *, #8525, .F. ) ;
#9597 = DIRECTION ( 'NONE',  ( 1.000000000000000000, 0.0000000000000000000, 0.0000000000000000000 ) ) ;
#9598 = DIRECTION ( 'NONE',  ( -5.782411586589358000E-015, 1.000000000000000000, 0.0000000000000000000 ) ) ;
#9599 =( NAMED_UNIT ( * ) PLANE_ANGLE_UNIT ( ) SI_UNIT ( $, .RADIAN. ) );
#9600 = VECTOR ( 'NONE', #6347, 39.37007874015748100 ) ;
#9601 = DIRECTION ( 'NONE',  ( 0.1736481776669270600, -0.9848077530122085800, 0.0000000000000000000 ) ) ;
#9602 = DIRECTION ( 'NONE',  ( -3.400677691960634400E-015, 1.000000000000000000, -9.538179791247316900E-046 ) ) ;
#9603 = EDGE_CURVE ( 'NONE', #57, #3994, #4765, .T. ) ;
#9604 = CARTESIAN_POINT ( 'NONE',  ( 0.3101574803149606000, 0.6721259842519686800, 0.3230102407095413700 ) ) ;
#9605 = LINE ( 'NONE', #5468, #5093 ) ;
#9606 = CARTESIAN_POINT ( 'NONE',  ( -0.1830000000000000200, -0.1250000000000006400, -0.1740000000000004900 ) ) ;
#9607 = ORIENTED_EDGE ( 'NONE', *, *, #9035, .T. ) ;
#9608 = CARTESIAN_POINT ( 'NONE',  ( 0.3178982845064624000, 0.6680618398624079700, 0.3310174633725211400 ) ) ;
#9609 = LINE ( 'NONE', #407, #9146 ) ;
#9610 = DIRECTION ( 'NONE',  ( 0.04767700045778141400, 0.0000000000000000000, -0.9988628052076765600 ) ) ;
#9611 = EDGE_CURVE ( 'NONE', #7005, #2245, #8807, .T. ) ;
#9612 = CARTESIAN_POINT ( 'NONE',  ( 0.2615000000000006200, -0.1603553390593265000, 0.2174999999999995800 ) ) ;
#9613 = CARTESIAN_POINT ( 'NONE',  ( 0.3121259842519705800, 0.03937007874015632800, -0.1224015748031491900 ) ) ;
#9614 = DIRECTION ( 'NONE',  ( -0.1736481776669270600, -0.9848077530122085800, -0.0000000000000000000 ) ) ;
#9615 = PRESENTATION_STYLE_ASSIGNMENT (( #6838 ) ) ;
#9616 = AXIS2_PLACEMENT_3D ( 'NONE', #2299, #837, #4569 ) ;
#9617 = ADVANCED_FACE ( 'NONE', ( #7632 ), #642, .F. ) ;
#9618 = EDGE_CURVE ( 'NONE', #1683, #1870, #5837, .T. ) ;
#9619 = EDGE_CURVE ( 'NONE', #475, #7426, #8459, .T. ) ;
#9620 = DIRECTION ( 'NONE',  ( 1.000000000000000000, 0.0000000000000000000, 0.0000000000000000000 ) ) ;
#9621 = DIRECTION ( 'NONE',  ( -1.000000000000000000, 3.454814795174053600E-015, -0.0000000000000000000 ) ) ;
#9622 = ORIENTED_EDGE ( 'NONE', *, *, #1143, .T. ) ;
#9623 = CARTESIAN_POINT ( 'NONE',  ( 0.2519685039370092600, 0.2764566929133857600, -0.01771653543307081400 ) ) ;
#9624 = DIRECTION ( 'NONE',  ( -1.000000000000000000, -1.900442020132334100E-016, 0.0000000000000000000 ) ) ;
#9625 = EDGE_CURVE ( 'NONE', #4962, #1668, #6644, .T. ) ;
#9626 = FACE_OUTER_BOUND ( 'NONE', #2049, .T. ) ;
#9627 = ADVANCED_FACE ( 'NONE', ( #2434 ), #4410, .F. ) ;
#9628 = EDGE_LOOP ( 'NONE', ( #5016, #4084, #8563, #7901 ) ) ;
#9629 = CARTESIAN_POINT ( 'NONE',  ( -0.1614999999999994500, -0.1603553390593279400, 0.2174999999999995300 ) ) ;
#9630 = ORIENTED_EDGE ( 'NONE', *, *, #5807, .T. ) ;
#9631 = DIRECTION ( 'NONE',  ( -3.717264591378909100E-015, 6.909629590348067000E-015, -1.000000000000000000 ) ) ;
#9632 = LINE ( 'NONE', #2498, #2103 ) ;
#9633 = LINE ( 'NONE', #3619, #7641 ) ;
#9634 = PLANE ( 'NONE',  #7461 ) ;
#9635 = AXIS2_PLACEMENT_3D ( 'NONE', #4976, #7169, #9425 ) ;
#9636 = VERTEX_POINT ( 'NONE', #2137 ) ;
#9637 = VECTOR ( 'NONE', #1614, 39.37007874015748900 ) ;
#9638 = EDGE_CURVE ( 'NONE', #8870, #4200, #462, .T. ) ;
#9639 = ORIENTED_EDGE ( 'NONE', *, *, #5610, .F. ) ;
#9640 = ORIENTED_EDGE ( 'NONE', *, *, #3005, .F. ) ;
#9641 = VERTEX_POINT ( 'NONE', #8219 ) ;
#9642 = ORIENTED_EDGE ( 'NONE', *, *, #9237, .T. ) ;
#9643 = PLANE ( 'NONE',  #4381 ) ;
#9644 = VECTOR ( 'NONE', #1100, 39.37007874015748100 ) ;
#9645 = VERTEX_POINT ( 'NONE', #7377 ) ;
#9646 = SURFACE_STYLE_FILL_AREA ( #3669 ) ;
#9647 = CARTESIAN_POINT ( 'NONE',  ( 0.3099217144102475200, 0.6800000000000003800, 0.3231889763779529600 ) ) ;
#9648 = ORIENTED_EDGE ( 'NONE', *, *, #1653, .T. ) ;
#9649 = CARTESIAN_POINT ( 'NONE',  ( -0.3200000000000021200, 0.03937007874015856900, 0.2811417322834610700 ) ) ;
#9650 = VECTOR ( 'NONE', #1747, 39.37007874015748100 ) ;
#9651 = CARTESIAN_POINT ( 'NONE',  ( -1.248692419008932100, 0.02165354330708238500, 0.3271259842519668700 ) ) ;
#9652 = ORIENTED_EDGE ( 'NONE', *, *, #7959, .F. ) ;
#9653 = ORIENTED_EDGE ( 'NONE', *, *, #5483, .F. ) ;
#9654 = EDGE_LOOP ( 'NONE', ( #9699, #8645, #1205, #2717 ) ) ;
#9655 = ORIENTED_EDGE ( 'NONE', *, *, #2973, .F. ) ;
#9656 = VECTOR ( 'NONE', #1196, 39.37007874015748100 ) ;
#9657 = PLANE ( 'NONE',  #4158 ) ;
#9658 = ORIENTED_EDGE ( 'NONE', *, *, #3209, .F. ) ;
#9659 = LINE ( 'NONE', #4459, #7673 ) ;
#9660 = ORIENTED_EDGE ( 'NONE', *, *, #2768, .T. ) ;
#9661 = CARTESIAN_POINT ( 'NONE',  ( -1.248692419008934400, 0.6701574803149555900, 0.2793222505200445600 ) ) ;
#9662 = CIRCLE ( 'NONE', #6205, 0.06000000000000001200 ) ;
#9663 = CARTESIAN_POINT ( 'NONE',  ( 0.3059794747857383900, 0.6704184896728915300, 0.3350000000000001900 ) ) ;
#9664 = ORIENTED_EDGE ( 'NONE', *, *, #9337, .T. ) ;
#9665 = VECTOR ( 'NONE', #4164, 39.37007874015748100 ) ;
#9666 = ORIENTED_EDGE ( 'NONE', *, *, #2341, .F. ) ;
#9667 = ORIENTED_EDGE ( 'NONE', *, *, #4634, .F. ) ;
#9668 = VECTOR ( 'NONE', #9702, 39.37007874015748100 ) ;
#9669 = DIRECTION ( 'NONE',  ( 0.0000000000000000000, 1.000000000000000000, 0.0000000000000000000 ) ) ;
#9670 = LINE ( 'NONE', #2881, #7078 ) ;
#9671 = ADVANCED_FACE ( 'NONE', ( #4654 ), #1404, .T. ) ;
#9672 = AXIS2_PLACEMENT_3D ( 'NONE', #7330, #5094, #651 ) ;
#9673 = EDGE_CURVE ( 'NONE', #8021, #7194, #6177, .T. ) ;
#9674 = ORIENTED_EDGE ( 'NONE', *, *, #2221, .T. ) ;
#9675 = ORIENTED_EDGE ( 'NONE', *, *, #2998, .T. ) ;
#9676 = VERTEX_POINT ( 'NONE', #9721 ) ;
#9677 = SURFACE_STYLE_FILL_AREA ( #8198 ) ;
#9678 = VERTEX_POINT ( 'NONE', #5823 ) ;
#9679 = PLANE ( 'NONE',  #4870 ) ;
#9680 = AXIS2_PLACEMENT_3D ( 'NONE', #4542, #860, #7540 ) ;
#9681 = ORIENTED_EDGE ( 'NONE', *, *, #4169, .T. ) ;
#9682 = EDGE_CURVE ( 'NONE', #9552, #2830, #2664, .T. ) ;
#9683 = CARTESIAN_POINT ( 'NONE',  ( -0.2618110236220472200, 0.6721259842519685700, -0.001968503937007842300 ) ) ;
#9684 = PLANE ( 'NONE',  #623 ) ;
#9685 = FACE_OUTER_BOUND ( 'NONE', #5418, .T. ) ;
#9686 = PLANE ( 'NONE',  #6309 ) ;
#9687 = VERTEX_POINT ( 'NONE', #1434 ) ;
#9688 = PLANE ( 'NONE',  #7892 ) ;
#9689 = CARTESIAN_POINT ( 'NONE',  ( 0.3200994094488202600, 0.06299212598425085700, 0.2890157480314925500 ) ) ;
#9690 = DIRECTION ( 'NONE',  ( -3.491481338843146000E-015, 3.491481338843133000E-015, -1.000000000000000000 ) ) ;
#9691 = ORIENTED_EDGE ( 'NONE', *, *, #3010, .F. ) ;
#9692 = CIRCLE ( 'NONE', #3309, 0.008858267716535422500 ) ;
#9693 = DIRECTION ( 'NONE',  ( 1.000000000000000000, 3.468166398206581100E-015, -3.503246160812042700E-046 ) ) ;
#9694 = DIRECTION ( 'NONE',  ( 0.0000000000000000000, 0.0000000000000000000, -1.000000000000000000 ) ) ;
#9695 = AXIS2_PLACEMENT_3D ( 'NONE', #2730, #7211, #2694 ) ;
#9696 = CARTESIAN_POINT ( 'NONE',  ( 0.3071149738966094700, 0.6702974565612460600, 0.3265137834876547000 ) ) ;
#9697 = FACE_OUTER_BOUND ( 'NONE', #5380, .T. ) ;
#9698 = AXIS2_PLACEMENT_3D ( 'NONE', #2666, #3423, #2706 ) ;
#9699 = ORIENTED_EDGE ( 'NONE', *, *, #3807, .T. ) ;
#9700 = FACE_OUTER_BOUND ( 'NONE', #2327, .T. ) ;
#9701 = EDGE_CURVE ( 'NONE', #9552, #8261, #6412, .T. ) ;
#9702 = DIRECTION ( 'NONE',  ( 1.047444401652943800E-014, 3.491481338843133000E-015, 1.000000000000000000 ) ) ;
#9703 = DIRECTION ( 'NONE',  ( -1.000000000000000000, 3.454814795174053200E-015, -0.0000000000000000000 ) ) ;
#9704 = DIRECTION ( 'NONE',  ( 2.622737141178167900E-015, -0.7071067811865483500, 0.7071067811865466800 ) ) ;
#9705 = CARTESIAN_POINT ( 'NONE',  ( -0.3121259842519702500, 0.07874015748031489000, 0.0000000000000000000 ) ) ;
#9706 = DIRECTION ( 'NONE',  ( 0.0000000000000000000, 0.0000000000000000000, 1.000000000000000000 ) ) ;
#9707 = DIRECTION ( 'NONE',  ( -0.0000000000000000000, -0.0000000000000000000, 1.000000000000000000 ) ) ;
#9708 = CIRCLE ( 'NONE', #3110, 0.007874015748031499400 ) ;
#9709 = PLANE ( 'NONE',  #342 ) ;
#9710 = B_SPLINE_CURVE_WITH_KNOTS ( 'NONE', 3,
 ( #4639, #2443, #5402, #5536 ),
 .UNSPECIFIED., .F., .F.,
 ( 4, 4 ),
 ( 0.0000000000000000000, 1.000000000000000000 ),
 .UNSPECIFIED. ) ;
#9711 = CARTESIAN_POINT ( 'NONE',  ( -0.2696850393700787100, 0.6721259842519685700, -0.001968503937007842300 ) ) ;
#9712 = AXIS2_PLACEMENT_3D ( 'NONE', #2440, #4755, #315 ) ;
#9713 = ORIENTED_EDGE ( 'NONE', *, *, #2217, .T. ) ;
#9714 = DIRECTION ( 'NONE',  ( -1.183291357831517700E-029, -3.454814795174053600E-015, 1.000000000000000000 ) ) ;
#9715 = VECTOR ( 'NONE', #936, 39.37007874015748100 ) ;
#9716 = CARTESIAN_POINT ( 'NONE',  ( 0.3121259842519707500, 1.058591097544902100E-015, -0.3133464566929130000 ) ) ;
#9717 = ADVANCED_FACE ( 'NONE', ( #701 ), #5849, .F. ) ;
#9718 = EDGE_CURVE ( 'NONE', #8612, #8967, #1298, .T. ) ;
#9719 = PLANE ( 'NONE',  #2183 ) ;
#9720 = DIRECTION ( 'NONE',  ( -1.000000000000000000, 0.0000000000000000000, -0.0000000000000000000 ) ) ;
#9721 = CARTESIAN_POINT ( 'NONE',  ( -0.3121259842519704700, 0.05511811023622154000, 0.2811417322834610700 ) ) ;
#9722 = LINE ( 'NONE', #358, #6823 ) ;
#9723 = EDGE_CURVE ( 'NONE', #915, #5759, #1643, .T. ) ;
#9724 = CARTESIAN_POINT ( 'NONE',  ( 0.3065474377744172900, 0.6696701650233450900, 0.3269115905583122600 ) ) ;
#9725 = EDGE_CURVE ( 'NONE', #7948, #8288, #575, .T. ) ;
#9726 = EDGE_CURVE ( 'NONE', #4416, #485, #230, .T. ) ;
#9727 = ADVANCED_FACE ( 'NONE', ( #9033 ), #4167, .F. ) ;
#9728 = CARTESIAN_POINT ( 'NONE',  ( -0.3099217144102473500, 0.6800000000000001600, -0.3231889763779528000 ) ) ;
#9729 = CARTESIAN_POINT ( 'NONE',  ( -0.3121259842519704100, 0.03937007874015854100, 0.2811417322834610700 ) ) ;
#9730 = AXIS2_PLACEMENT_3D ( 'NONE', #1186, #2678, #1889 ) ;
ENDSEC;
END-ISO-10303-21;
